Data format is valid, no errors or warnings.
Number of sessions: 461
Total number of trials: 296209
Number of trials per session: [556, 423, 554, 435, 539, 580, 719, 672, 784, 714, 930, 414, 401, 443, 645, 541, 541, 522, 605, 522, 508, 434, 545, 516, 462, 505, 474, 436, 424, 477, 395, 533, 439, 501, 579, 614, 551, 708, 407, 525, 497, 585, 513, 1006, 807, 1019, 698, 420, 842, 640, 837, 554, 502, 893, 762, 1010, 907, 812, 907, 675, 505, 469, 855, 749, 621, 644, 385, 501, 629, 750, 448, 629, 540, 965, 662, 629, 594, 524, 620, 692, 762, 779, 741, 670, 719, 822, 815, 740, 789, 537, 772, 748, 759, 711, 568, 609, 649, 505, 724, 634, 785, 387, 467, 395, 497, 1002, 748, 469, 567, 456, 610, 544, 697, 558, 458, 502, 405, 426, 531, 686, 653, 445, 553, 744, 826, 651, 708, 800, 641, 456, 691, 514, 579, 783, 471, 401, 840, 637, 748, 655, 478, 409, 404, 691, 433, 438, 587, 828, 437, 509, 571, 890, 599, 683, 507, 490, 477, 1138, 438, 663, 701, 515, 470, 400, 400, 398, 401, 393, 424, 455, 479, 514, 424, 483, 538, 415, 501, 646, 442, 540, 612, 396, 396, 387, 431, 396, 605, 584, 925, 625, 551, 636, 438, 410, 587, 518, 507, 623, 526, 508, 401, 401, 744, 757, 534, 705, 604, 567, 817, 653, 630, 417, 414, 426, 545, 394, 812, 419, 596, 875, 830, 413, 487, 489, 473, 531, 535, 406, 504, 438, 577, 629, 522, 456, 632, 659, 550, 586, 551, 656, 560, 419, 711, 678, 590, 629, 420, 489, 926, 754, 499, 469, 512, 516, 593, 583, 610, 601, 627, 628, 632, 874, 759, 702, 929, 740, 539, 620, 712, 772, 561, 453, 986, 549, 648, 507, 546, 740, 526, 487, 778, 438, 685, 601, 481, 844, 504, 848, 1007, 589, 836, 454, 650, 1001, 1065, 743, 784, 805, 817, 548, 564, 439, 600, 401, 433, 797, 408, 726, 815, 552, 452, 616, 424, 411, 399, 401, 548, 801, 596, 426, 646, 1075, 629, 872, 476, 509, 993, 787, 872, 688, 548, 766, 610, 866, 401, 645, 518, 476, 669, 518, 658, 583, 634, 459, 410, 571, 625, 635, 630, 802, 651, 694, 741, 949, 487, 839, 911, 581, 477, 900, 525, 817, 773, 458, 588, 584, 474, 664, 526, 678, 558, 1005, 994, 1191, 885, 1100, 906, 834, 696, 788, 571, 392, 395, 408, 392, 488, 400, 1024, 538, 850, 650, 675, 895, 498, 860, 1014, 713, 484, 444, 831, 1053, 970, 563, 426, 875, 462, 908, 1106, 401, 548, 622, 906, 1016, 625, 663, 562, 428, 986, 1118, 592, 593, 565, 727, 397, 849, 587, 412, 924, 1006, 667, 882, 890, 1438, 1253, 570, 651, 670, 827, 968, 1073, 743, 636, 401, 780, 804, 945, 882, 1051, 554, 582, 1103, 972, 462, 892, 1022, 1193, 1278, 1139, 1090, 1524, 1213]
Number of subjects: 141
Number of brain regions: 545
Number of sessions per subject:
  Subject CSHL045: 5 sessions
  Subject CSHL047: 2 sessions
  Subject CSHL049: 4 sessions
  Subject CSHL051: 1 sessions
  Subject CSHL052: 5 sessions
  Subject CSHL053: 4 sessions
  Subject CSHL054: 1 sessions
  Subject CSHL055: 1 sessions
  Subject CSHL058: 3 sessions
  Subject CSHL059: 5 sessions
  Subject CSHL060: 5 sessions
  Subject CSH_ZAD_001: 1 sessions
  Subject CSH_ZAD_011: 3 sessions
  Subject CSH_ZAD_019: 4 sessions
  Subject CSH_ZAD_022: 8 sessions
  Subject CSH_ZAD_024: 1 sessions
  Subject CSH_ZAD_025: 7 sessions
  Subject CSH_ZAD_026: 6 sessions
  Subject CSH_ZAD_029: 7 sessions
  Subject DY_008: 2 sessions
  Subject DY_009: 9 sessions
  Subject DY_010: 5 sessions
  Subject DY_011: 4 sessions
  Subject DY_013: 3 sessions
  Subject DY_014: 7 sessions
  Subject DY_016: 5 sessions
  Subject DY_018: 3 sessions
  Subject DY_020: 8 sessions
  Subject KS014: 3 sessions
  Subject KS016: 3 sessions
  Subject KS022: 1 sessions
  Subject KS023: 4 sessions
  Subject KS042: 2 sessions
  Subject KS043: 2 sessions
  Subject KS044: 2 sessions
  Subject KS045: 1 sessions
  Subject KS046: 4 sessions
  Subject KS051: 3 sessions
  Subject KS052: 1 sessions
  Subject KS055: 2 sessions
  Subject KS074: 1 sessions
  Subject KS075: 1 sessions
  Subject KS084: 1 sessions
  Subject KS086: 2 sessions
  Subject KS091: 2 sessions
  Subject KS094: 4 sessions
  Subject KS096: 5 sessions
  Subject MFD_05: 3 sessions
  Subject MFD_06: 4 sessions
  Subject MFD_07: 3 sessions
  Subject MFD_08: 2 sessions
  Subject MFD_09: 1 sessions
  Subject NR_0017: 1 sessions
  Subject NR_0019: 3 sessions
  Subject NR_0020: 4 sessions
  Subject NR_0021: 3 sessions
  Subject NR_0024: 4 sessions
  Subject NR_0027: 4 sessions
  Subject NR_0028: 5 sessions
  Subject NR_0029: 5 sessions
  Subject NR_0031: 2 sessions
  Subject NYU-11: 2 sessions
  Subject NYU-12: 4 sessions
  Subject NYU-21: 2 sessions
  Subject NYU-30: 3 sessions
  Subject NYU-37: 5 sessions
  Subject NYU-39: 5 sessions
  Subject NYU-40: 4 sessions
  Subject NYU-45: 3 sessions
  Subject NYU-46: 4 sessions
  Subject NYU-47: 3 sessions
  Subject NYU-48: 3 sessions
  Subject NYU-65: 3 sessions
  Subject PL015: 5 sessions
  Subject PL016: 1 sessions
  Subject PL017: 7 sessions
  Subject PL024: 1 sessions
  Subject PL030: 8 sessions
  Subject PL031: 5 sessions
  Subject PL033: 13 sessions
  Subject PL034: 3 sessions
  Subject PL035: 4 sessions
  Subject PL037: 6 sessions
  Subject PL050: 9 sessions
  Subject SWC_038: 3 sessions
  Subject SWC_039: 1 sessions
  Subject SWC_042: 2 sessions
  Subject SWC_043: 7 sessions
  Subject SWC_052: 7 sessions
  Subject SWC_053: 3 sessions
  Subject SWC_054: 6 sessions
  Subject SWC_058: 4 sessions
  Subject SWC_060: 3 sessions
  Subject SWC_061: 3 sessions
  Subject SWC_065: 1 sessions
  Subject SWC_066: 2 sessions
  Subject UCLA005: 1 sessions
  Subject UCLA006: 1 sessions
  Subject UCLA011: 1 sessions
  Subject UCLA012: 1 sessions
  Subject UCLA014: 1 sessions
  Subject UCLA015: 1 sessions
  Subject UCLA017: 1 sessions
  Subject UCLA030: 1 sessions
  Subject UCLA033: 3 sessions
  Subject UCLA034: 4 sessions
  Subject UCLA035: 2 sessions
  Subject UCLA036: 1 sessions
  Subject UCLA037: 4 sessions
  Subject UCLA044: 2 sessions
  Subject UCLA048: 1 sessions
  Subject UCLA049: 2 sessions
  Subject UCLA052: 1 sessions
  Subject ZFM-01576: 2 sessions
  Subject ZFM-01577: 3 sessions
  Subject ZFM-01592: 3 sessions
  Subject ZFM-01935: 4 sessions
  Subject ZFM-01936: 5 sessions
  Subject ZFM-01937: 2 sessions
  Subject ZFM-02368: 1 sessions
  Subject ZFM-02369: 1 sessions
  Subject ZFM-02370: 2 sessions
  Subject ZFM-02372: 2 sessions
  Subject ZFM-02373: 1 sessions
  Subject ZFM-04308: 2 sessions
  Subject ZM_1897: 2 sessions
  Subject ZM_1898: 2 sessions
  Subject ZM_2240: 4 sessions
  Subject ZM_2241: 5 sessions
  Subject ZM_2245: 1 sessions
  Subject ZM_3003: 2 sessions
  Subject ibl_witten_13: 3 sessions
  Subject ibl_witten_17: 3 sessions
  Subject ibl_witten_18: 3 sessions
  Subject ibl_witten_19: 3 sessions
  Subject ibl_witten_20: 3 sessions
  Subject ibl_witten_25: 1 sessions
  Subject ibl_witten_26: 5 sessions
  Subject ibl_witten_27: 6 sessions
  Subject ibl_witten_29: 9 sessions
  Subject ibl_witten_32: 1 sessions
Input dimension: 2
Output dimension: 4
Summary statistics (across all sessions):
  T: mean: 60.00, median: 60.00, min: 60, max: 60
  n_neurons: mean: 164.44', min: 2, max: 536
  Input range:
    time_since_stimulus_onset: [-0.2, 1.0]
    trial_number_in_block: [1.0, 99.0]
  Output range:
    choice: [0.0, 1.0]
    prior_probability_left: [0.0, 2.0]
    wheel_speed: [0.0, 2.0]
    whisker_motion_energy: [0.0, 2.0]
  Unique outputs per dimension (fraction of data):
    choice: {left (0.506), right (0.494)}
    prior_probability_left: {0.2 (0.417), 0.5 (0.140), 0.8 (0.443)}
    wheel_speed: {low (0.418), medium (0.291), high (0.291)}
    whisker_motion_energy: {low (0.356), medium (0.322), high (0.322)}
  Brain region distribution:
    ccf_0: 250 neurons
    ccf_10: 670 neurons
    ccf_1006: 1 neurons
    ccf_1007: 893 neurons
    ccf_1009: 64 neurons
    ccf_101: 143 neurons
    ccf_1015: 109 neurons
    ccf_102: 24 neurons
    ccf_1020: 2354 neurons
    ccf_1021: 467 neurons
    ccf_1022: 322 neurons
    ccf_1023: 168 neurons
    ccf_1025: 355 neurons
    ccf_1026: 1 neurons
    ccf_1029: 164 neurons
    ccf_1030: 2 neurons
    ccf_1031: 45 neurons
    ccf_1033: 295 neurons
    ccf_1035: 92 neurons
    ccf_1037: 233 neurons
    ccf_1038: 154 neurons
    ccf_1039: 9 neurons
    ccf_1041: 100 neurons
    ccf_1043: 48 neurons
    ccf_1044: 13 neurons
    ccf_1045: 5 neurons
    ccf_1046: 116 neurons
    ccf_1047: 119 neurons
    ccf_1048: 562 neurons
    ccf_1049: 37 neurons
    ccf_105: 2 neurons
    ccf_1052: 369 neurons
    ccf_1054: 178 neurons
    ccf_1056: 379 neurons
    ccf_1058: 33 neurons
    ccf_106: 4 neurons
    ccf_1061: 70 neurons
    ccf_1062: 16 neurons
    ccf_1064: 520 neurons
    ccf_1066: 41 neurons
    ccf_1070: 146 neurons
    ccf_10703: 341 neurons
    ccf_10704: 365 neurons
    ccf_1072: 78 neurons
    ccf_1074: 3 neurons
    ccf_1077: 28 neurons
    ccf_1079: 141 neurons
    ccf_108: 73 neurons
    ccf_1084: 115 neurons
    ccf_1085: 3 neurons
    ccf_1086: 48 neurons
    ccf_1088: 113 neurons
    ccf_1089: 59 neurons
    ccf_1090: 203 neurons
    ccf_1091: 1209 neurons
    ccf_1092: 49 neurons
    ccf_1093: 280 neurons
    ccf_1094: 8 neurons
    ccf_1096: 92 neurons
    ccf_1097: 168 neurons
    ccf_1098: 115 neurons
    ccf_1101: 90 neurons
    ccf_1102: 189 neurons
    ccf_1104: 36 neurons
    ccf_1105: 18 neurons
    ccf_1107: 66 neurons
    ccf_1108: 35 neurons
    ccf_1109: 35 neurons
    ccf_1111: 107 neurons
    ccf_1113: 23 neurons
    ccf_1114: 11 neurons
    ccf_1120: 7 neurons
    ccf_1121: 2 neurons
    ccf_1123: 147 neurons
    ccf_1125: 310 neurons
    ccf_1128: 54 neurons
    ccf_113: 5 neurons
    ccf_114: 20 neurons
    ccf_12: 18 neurons
    ccf_120: 1 neurons
    ccf_121: 7 neurons
    ccf_122: 13 neurons
    ccf_123: 28 neurons
    ccf_125: 41 neurons
    ccf_128: 2678 neurons
    ccf_129: 29 neurons
    ccf_131: 63 neurons
    ccf_132: 12 neurons
    ccf_136: 744 neurons
    ccf_139: 254 neurons
    ccf_140: 2 neurons
    ccf_143: 8 neurons
    ccf_145: 71 neurons
    ccf_146: 770 neurons
    ccf_149: 83 neurons
    ccf_15: 4 neurons
    ccf_153: 26 neurons
    ccf_155: 581 neurons
    ccf_156: 14 neurons
    ccf_158: 20 neurons
    ccf_159: 463 neurons
    ccf_162: 51 neurons
    ccf_163: 28 neurons
    ccf_169: 67 neurons
    ccf_17: 656 neurons
    ccf_171: 6 neurons
    ccf_178: 143 neurons
    ccf_181: 8 neurons
    ccf_182305697: 6 neurons
    ccf_182305701: 14 neurons
    ccf_182305705: 26 neurons
    ccf_182305709: 20 neurons
    ccf_186: 76 neurons
    ccf_187: 53 neurons
    ccf_189: 6 neurons
    ccf_19: 9 neurons
    ccf_190: 14 neurons
    ccf_194: 166 neurons
    ccf_197: 12 neurons
    ccf_198: 1 neurons
    ccf_2: 31 neurons
    ccf_20: 43 neurons
    ccf_201: 44 neurons
    ccf_202: 672 neurons
    ccf_203: 11 neurons
    ccf_207: 3 neurons
    ccf_209: 169 neurons
    ccf_210: 8 neurons
    ccf_211: 27 neurons
    ccf_214: 429 neurons
    ccf_215: 1540 neurons
    ccf_217: 277 neurons
    ccf_218: 1865 neurons
    ccf_222: 1 neurons
    ccf_225: 327 neurons
    ccf_226: 89 neurons
    ccf_229: 3 neurons
    ccf_23: 25 neurons
    ccf_231: 23 neurons
    ccf_233: 49 neurons
    ccf_243: 2 neurons
    ccf_246: 60 neurons
    ccf_249: 10 neurons
    ccf_250: 111 neurons
    ccf_252: 104 neurons
    ccf_255: 203 neurons
    ccf_257: 49 neurons
    ccf_258: 1156 neurons
    ccf_26: 285 neurons
    ccf_262: 421 neurons
    ccf_263: 15 neurons
    ccf_266: 164 neurons
    ccf_27: 16 neurons
    ccf_271: 51 neurons
    ccf_274: 139 neurons
    ccf_279: 4 neurons
    ccf_28: 145 neurons
    ccf_281: 10 neurons
    ccf_288: 96 neurons
    ccf_289: 53 neurons
    ccf_296: 13 neurons
    ccf_298: 48 neurons
    ccf_301: 24 neurons
    ccf_303: 69 neurons
    ccf_304: 22 neurons
    ccf_305: 33 neurons
    ccf_307: 83 neurons
    ccf_310: 115 neurons
    ccf_311: 73 neurons
    ccf_312782550: 4 neurons
    ccf_312782554: 71 neurons
    ccf_312782558: 84 neurons
    ccf_312782562: 495 neurons
    ccf_312782566: 264 neurons
    ccf_312782570: 30 neurons
    ccf_312782586: 18 neurons
    ccf_312782590: 23 neurons
    ccf_312782594: 36 neurons
    ccf_312782598: 6 neurons
    ccf_312782604: 2 neurons
    ccf_312782608: 11 neurons
    ccf_312782612: 18 neurons
    ccf_312782616: 26 neurons
    ccf_312782620: 12 neurons
    ccf_312782624: 6 neurons
    ccf_312782632: 1 neurons
    ccf_312782636: 6 neurons
    ccf_312782644: 48 neurons
    ccf_312782648: 39 neurons
    ccf_312782652: 5 neurons
    ccf_313: 1455 neurons
    ccf_314: 44 neurons
    ccf_320: 7 neurons
    ccf_321: 7 neurons
    ccf_325: 126 neurons
    ccf_326: 86 neurons
    ccf_327: 43 neurons
    ccf_328: 1 neurons
    ccf_33: 232 neurons
    ccf_330: 5 neurons
    ccf_333: 4 neurons
    ccf_334: 132 neurons
    ccf_335: 22 neurons
    ccf_336: 10 neurons
    ccf_342: 257 neurons
    ccf_344: 18 neurons
    ccf_35: 7 neurons
    ccf_351: 207 neurons
    ccf_354: 403 neurons
    ccf_355: 2 neurons
    ccf_362: 604 neurons
    ccf_363: 107 neurons
    ccf_364: 8 neurons
    ccf_366: 140 neurons
    ccf_372: 65 neurons
    ccf_374: 36 neurons
    ccf_377: 11 neurons
    ccf_38: 5 neurons
    ccf_381: 149 neurons
    ccf_382: 1811 neurons
    ccf_401: 39 neurons
    ccf_403: 184 neurons
    ccf_41: 23 neurons
    ccf_412: 39 neurons
    ccf_413: 109 neurons
    ccf_414: 5 neurons
    ccf_42: 55 neurons
    ccf_421: 21 neurons
    ccf_422: 66 neurons
    ccf_423: 39 neurons
    ccf_427: 18 neurons
    ccf_429: 44 neurons
    ccf_430: 107 neurons
    ccf_433: 142 neurons
    ccf_434: 18 neurons
    ccf_436: 1 neurons
    ccf_437: 319 neurons
    ccf_440: 15 neurons
    ccf_441: 27 neurons
    ccf_442: 6 neurons
    ccf_443: 104 neurons
    ccf_445: 129 neurons
    ccf_448: 13 neurons
    ccf_449: 2 neurons
    ccf_450: 1 neurons
    ccf_451: 8 neurons
    ccf_452: 5 neurons
    ccf_456: 14 neurons
    ccf_461: 14 neurons
    ccf_463: 950 neurons
    ccf_466: 117 neurons
    ccf_469: 4 neurons
    ccf_470: 6 neurons
    ccf_477: 526 neurons
    ccf_478: 59 neurons
    ccf_482: 9 neurons
    ccf_483: 38 neurons
    ccf_484: 4 neurons
    ccf_484682470: 375 neurons
    ccf_484682508: 12 neurons
    ccf_484682512: 73 neurons
    ccf_484682516: 147 neurons
    ccf_484682520: 223 neurons
    ccf_484682524: 58 neurons
    ccf_496345664: 100 neurons
    ccf_496345668: 370 neurons
    ccf_496345672: 87 neurons
    ccf_50: 21 neurons
    ccf_501: 17 neurons
    ccf_502: 914 neurons
    ccf_506: 15 neurons
    ccf_507: 140 neurons
    ccf_510: 2 neurons
    ccf_512: 282 neurons
    ccf_515: 2 neurons
    ccf_52: 122 neurons
    ccf_520: 83 neurons
    ccf_523: 40 neurons
    ccf_525: 10 neurons
    ccf_526: 29 neurons
    ccf_526157192: 28 neurons
    ccf_526157196: 30 neurons
    ccf_534: 103 neurons
    ccf_54: 6 neurons
    ccf_540: 1 neurons
    ccf_542: 47 neurons
    ccf_543: 120 neurons
    ccf_544: 61 neurons
    ccf_549: 311 neurons
    ccf_549009203: 42 neurons
    ccf_549009215: 46 neurons
    ccf_549009223: 35 neurons
    ccf_549009227: 42 neurons
    ccf_551: 58 neurons
    ccf_553: 4 neurons
    ccf_556: 18 neurons
    ccf_559: 40 neurons
    ccf_56: 340 neurons
    ccf_560581551: 361 neurons
    ccf_560581563: 11 neurons
    ccf_563807435: 229 neurons
    ccf_563807439: 6 neurons
    ccf_564: 106 neurons
    ccf_565: 136 neurons
    ccf_566: 36 neurons
    ccf_573: 6 neurons
    ccf_574: 193 neurons
    ccf_575: 38 neurons
    ccf_576: 17 neurons
    ccf_576073704: 28 neurons
    ccf_577: 26 neurons
    ccf_579: 91 neurons
    ccf_580: 23 neurons
    ccf_581: 73 neurons
    ccf_582: 72 neurons
    ccf_583: 51 neurons
    ccf_587: 44 neurons
    ccf_588: 4 neurons
    ccf_589508447: 59 neurons
    ccf_589508451: 4 neurons
    ccf_589508455: 70 neurons
    ccf_59: 1 neurons
    ccf_590: 148 neurons
    ccf_591: 89 neurons
    ccf_593: 9 neurons
    ccf_595: 22 neurons
    ccf_596: 50 neurons
    ccf_597: 270 neurons
    ccf_598: 1 neurons
    ccf_599: 65 neurons
    ccf_599626927: 12 neurons
    ccf_6: 465 neurons
    ccf_600: 13 neurons
    ccf_601: 15 neurons
    ccf_603: 66 neurons
    ccf_604: 24 neurons
    ccf_606826647: 5 neurons
    ccf_606826663: 3 neurons
    ccf_607344842: 2 neurons
    ccf_607344850: 1 neurons
    ccf_607344854: 6 neurons
    ccf_607344858: 1 neurons
    ccf_608: 259 neurons
    ccf_609: 26 neurons
    ccf_610: 153 neurons
    ccf_611: 13 neurons
    ccf_612: 186 neurons
    ccf_613: 52 neurons
    ccf_614: 8 neurons
    ccf_614454277: 14 neurons
    ccf_616: 100 neurons
    ccf_62: 43 neurons
    ccf_620: 102 neurons
    ccf_621: 166 neurons
    ccf_622: 5 neurons
    ccf_625: 107 neurons
    ccf_628: 92 neurons
    ccf_629: 295 neurons
    ccf_63: 6 neurons
    ccf_630: 130 neurons
    ccf_632: 437 neurons
    ccf_634: 71 neurons
    ccf_638: 16 neurons
    ccf_639: 17 neurons
    ccf_64: 15 neurons
    ccf_643: 10 neurons
    ccf_648: 686 neurons
    ccf_649: 7 neurons
    ccf_651: 125 neurons
    ccf_654: 10 neurons
    ccf_655: 47 neurons
    ccf_656: 16 neurons
    ccf_657: 2 neurons
    ccf_658: 176 neurons
    ccf_661: 63 neurons
    ccf_663: 73 neurons
    ccf_664: 230 neurons
    ccf_667: 30 neurons
    ccf_67: 24 neurons
    ccf_670: 36 neurons
    ccf_671: 7 neurons
    ccf_672: 2890 neurons
    ccf_675: 23 neurons
    ccf_679: 391 neurons
    ccf_681: 13 neurons
    ccf_685: 118 neurons
    ccf_687: 223 neurons
    ccf_690: 9 neurons
    ccf_692: 12 neurons
    ccf_693: 2 neurons
    ccf_694: 15 neurons
    ccf_697: 193 neurons
    ccf_698: 401 neurons
    ccf_699: 1 neurons
    ccf_7: 115 neurons
    ccf_702: 20 neurons
    ccf_703: 47 neurons
    ccf_706: 39 neurons
    ccf_707: 42 neurons
    ccf_711: 24 neurons
    ccf_718: 437 neurons
    ccf_72: 5 neurons
    ccf_721: 129 neurons
    ccf_725: 80 neurons
    ccf_727: 149 neurons
    ccf_728: 1639 neurons
    ccf_729: 111 neurons
    ccf_733: 1320 neurons
    ccf_74: 59 neurons
    ccf_741: 67 neurons
    ccf_743: 111 neurons
    ccf_744: 37 neurons
    ccf_749: 17 neurons
    ccf_75: 9 neurons
    ccf_754: 78 neurons
    ccf_757: 11 neurons
    ccf_759: 2 neurons
    ccf_765: 45 neurons
    ccf_767: 659 neurons
    ccf_771: 749 neurons
    ccf_772: 73 neurons
    ccf_773: 12 neurons
    ccf_774: 122 neurons
    ccf_778: 376 neurons
    ccf_78: 40 neurons
    ccf_780: 114 neurons
    ccf_781: 6 neurons
    ccf_783: 92 neurons
    ccf_784: 9 neurons
    ccf_786: 2 neurons
    ccf_788: 82 neurons
    ccf_791: 9 neurons
    ccf_794: 126 neurons
    ccf_795: 630 neurons
    ccf_797: 295 neurons
    ccf_800: 107 neurons
    ccf_802: 26 neurons
    ccf_803: 140 neurons
    ccf_804: 56 neurons
    ccf_805: 12 neurons
    ccf_806: 3 neurons
    ccf_81: 68 neurons
    ccf_810: 82 neurons
    ccf_811: 100 neurons
    ccf_812: 79 neurons
    ccf_814: 318 neurons
    ccf_816: 28 neurons
    ccf_819: 26 neurons
    ccf_820: 121 neurons
    ccf_821: 100 neurons
    ccf_827: 76 neurons
    ccf_828: 232 neurons
    ccf_83: 2 neurons
    ccf_830: 16 neurons
    ccf_831: 8 neurons
    ccf_834: 10 neurons
    ccf_838: 2 neurons
    ccf_839: 2 neurons
    ccf_84: 273 neurons
    ccf_841: 7 neurons
    ccf_842: 109 neurons
    ccf_843: 117 neurons
    ccf_844: 496 neurons
    ccf_846: 193 neurons
    ccf_847: 98 neurons
    ccf_849: 1 neurons
    ccf_850: 27 neurons
    ccf_851: 66 neurons
    ccf_852: 423 neurons
    ccf_854: 15 neurons
    ccf_857: 27 neurons
    ccf_859: 1 neurons
    ccf_862: 132 neurons
    ccf_863: 43 neurons
    ccf_866: 46 neurons
    ccf_867: 281 neurons
    ccf_869: 6 neurons
    ccf_872: 42 neurons
    ccf_874: 14 neurons
    ccf_88: 10 neurons
    ccf_880: 21 neurons
    ccf_882: 25 neurons
    ccf_884: 27 neurons
    ccf_888: 1 neurons
    ccf_889: 38 neurons
    ccf_893: 9 neurons
    ccf_898: 82 neurons
    ccf_9: 97 neurons
    ccf_900: 44 neurons
    ccf_902: 78 neurons
    ccf_903: 21 neurons
    ccf_905: 10 neurons
    ccf_906: 156 neurons
    ccf_907: 84 neurons
    ccf_908: 6 neurons
    ccf_91: 616 neurons
    ccf_910: 135 neurons
    ccf_911: 2 neurons
    ccf_912: 45 neurons
    ccf_916: 36 neurons
    ccf_919: 215 neurons
    ccf_924: 44 neurons
    ccf_927: 11 neurons
    ccf_929: 4 neurons
    ccf_93: 2 neurons
    ccf_930: 150 neurons
    ccf_931: 9 neurons
    ccf_936: 190 neurons
    ccf_940: 135 neurons
    ccf_943: 240 neurons
    ccf_944: 100 neurons
    ccf_945: 46 neurons
    ccf_946: 24 neurons
    ccf_950: 8 neurons
    ccf_951: 220 neurons
    ccf_952: 200 neurons
    ccf_954: 40 neurons
    ccf_955: 31 neurons
    ccf_956: 75 neurons
    ccf_957: 245 neurons
    ccf_96: 321 neurons
    ccf_961: 617 neurons
    ccf_962: 155 neurons
    ccf_964: 6 neurons
    ccf_965: 16 neurons
    ccf_966: 124 neurons
    ccf_968: 165 neurons
    ccf_969: 4 neurons
    ccf_970: 67 neurons
    ccf_971: 172 neurons
    ccf_973: 6 neurons
    ccf_974: 124 neurons
    ccf_976: 613 neurons
    ccf_977: 16 neurons
    ccf_978: 54 neurons
    ccf_98: 12 neurons
    ccf_980: 2 neurons
    ccf_981: 10 neurons
    ccf_982: 23 neurons
    ccf_984: 661 neurons
    ccf_986: 83 neurons
    ccf_988: 43 neurons
    ccf_989: 46 neurons
    ccf_997: 122 neurons
    ccf_998: 32 neurons

Per-session statistics:
  Mean T: 60.0, 60.0, 60.0, 60.0, 60.0, 60.0, 60.0, 60.0, 60.0, 60.0, 60.0, 60.0, 60.0, 60.0, 60.0, 60.0, 60.0, 60.0, 60.0, 60.0, 60.0, 60.0, 60.0, 60.0, 60.0, 60.0, 60.0, 60.0, 60.0, 60.0, 60.0, 60.0, 60.0, 60.0, 60.0, 60.0, 60.0, 60.0, 60.0, 60.0, 60.0, 60.0, 60.0, 60.0, 60.0, 60.0, 60.0, 60.0, 60.0, 60.0, 60.0, 60.0, 60.0, 60.0, 60.0, 60.0, 60.0, 60.0, 60.0, 60.0, 60.0, 60.0, 60.0, 60.0, 60.0, 60.0, 60.0, 60.0, 60.0, 60.0, 60.0, 60.0, 60.0, 60.0, 60.0, 60.0, 60.0, 60.0, 60.0, 60.0, 60.0, 60.0, 60.0, 60.0, 60.0, 60.0, 60.0, 60.0, 60.0, 60.0, 60.0, 60.0, 60.0, 60.0, 60.0, 60.0, 60.0, 60.0, 60.0, 60.0, 60.0, 60.0, 60.0, 60.0, 60.0, 60.0, 60.0, 60.0, 60.0, 60.0, 60.0, 60.0, 60.0, 60.0, 60.0, 60.0, 60.0, 60.0, 60.0, 60.0, 60.0, 60.0, 60.0, 60.0, 60.0, 60.0, 60.0, 60.0, 60.0, 60.0, 60.0, 60.0, 60.0, 60.0, 60.0, 60.0, 60.0, 60.0, 60.0, 60.0, 60.0, 60.0, 60.0, 60.0, 60.0, 60.0, 60.0, 60.0, 60.0, 60.0, 60.0, 60.0, 60.0, 60.0, 60.0, 60.0, 60.0, 60.0, 60.0, 60.0, 60.0, 60.0, 60.0, 60.0, 60.0, 60.0, 60.0, 60.0, 60.0, 60.0, 60.0, 60.0, 60.0, 60.0, 60.0, 60.0, 60.0, 60.0, 60.0, 60.0, 60.0, 60.0, 60.0, 60.0, 60.0, 60.0, 60.0, 60.0, 60.0, 60.0, 60.0, 60.0, 60.0, 60.0, 60.0, 60.0, 60.0, 60.0, 60.0, 60.0, 60.0, 60.0, 60.0, 60.0, 60.0, 60.0, 60.0, 60.0, 60.0, 60.0, 60.0, 60.0, 60.0, 60.0, 60.0, 60.0, 60.0, 60.0, 60.0, 60.0, 60.0, 60.0, 60.0, 60.0, 60.0, 60.0, 60.0, 60.0, 60.0, 60.0, 60.0, 60.0, 60.0, 60.0, 60.0, 60.0, 60.0, 60.0, 60.0, 60.0, 60.0, 60.0, 60.0, 60.0, 60.0, 60.0, 60.0, 60.0, 60.0, 60.0, 60.0, 60.0, 60.0, 60.0, 60.0, 60.0, 60.0, 60.0, 60.0, 60.0, 60.0, 60.0, 60.0, 60.0, 60.0, 60.0, 60.0, 60.0, 60.0, 60.0, 60.0, 60.0, 60.0, 60.0, 60.0, 60.0, 60.0, 60.0, 60.0, 60.0, 60.0, 60.0, 60.0, 60.0, 60.0, 60.0, 60.0, 60.0, 60.0, 60.0, 60.0, 60.0, 60.0, 60.0, 60.0, 60.0, 60.0, 60.0, 60.0, 60.0, 60.0, 60.0, 60.0, 60.0, 60.0, 60.0, 60.0, 60.0, 60.0, 60.0, 60.0, 60.0, 60.0, 60.0, 60.0, 60.0, 60.0, 60.0, 60.0, 60.0, 60.0, 60.0, 60.0, 60.0, 60.0, 60.0, 60.0, 60.0, 60.0, 60.0, 60.0, 60.0, 60.0, 60.0, 60.0, 60.0, 60.0, 60.0, 60.0, 60.0, 60.0, 60.0, 60.0, 60.0, 60.0, 60.0, 60.0, 60.0, 60.0, 60.0, 60.0, 60.0, 60.0, 60.0, 60.0, 60.0, 60.0, 60.0, 60.0, 60.0, 60.0, 60.0, 60.0, 60.0, 60.0, 60.0, 60.0, 60.0, 60.0, 60.0, 60.0, 60.0, 60.0, 60.0, 60.0, 60.0, 60.0, 60.0, 60.0, 60.0, 60.0, 60.0, 60.0, 60.0, 60.0, 60.0, 60.0, 60.0, 60.0, 60.0, 60.0, 60.0, 60.0, 60.0, 60.0, 60.0, 60.0, 60.0, 60.0, 60.0, 60.0, 60.0, 60.0, 60.0, 60.0, 60.0, 60.0, 60.0, 60.0, 60.0, 60.0, 60.0, 60.0, 60.0, 60.0, 60.0, 60.0, 60.0, 60.0, 60.0, 60.0, 60.0, 60.0, 60.0, 60.0, 60.0, 60.0, 60.0, 60.0, 60.0, 60.0, 60.0, 60.0, 60.0, 60.0, 60.0, 60.0, 60.0, 60.0, 60.0, 60.0, 60.0, 60.0, 60.0, 60.0, 60.0, 60.0, 60.0, 60.0, 60.0, 60.0, 60.0, 60.0, 60.0, 60.0, 60.0, 60.0, 60.0, 60.0, 60.0, 60.0
  Min T: 60, 60, 60, 60, 60, 60, 60, 60, 60, 60, 60, 60, 60, 60, 60, 60, 60, 60, 60, 60, 60, 60, 60, 60, 60, 60, 60, 60, 60, 60, 60, 60, 60, 60, 60, 60, 60, 60, 60, 60, 60, 60, 60, 60, 60, 60, 60, 60, 60, 60, 60, 60, 60, 60, 60, 60, 60, 60, 60, 60, 60, 60, 60, 60, 60, 60, 60, 60, 60, 60, 60, 60, 60, 60, 60, 60, 60, 60, 60, 60, 60, 60, 60, 60, 60, 60, 60, 60, 60, 60, 60, 60, 60, 60, 60, 60, 60, 60, 60, 60, 60, 60, 60, 60, 60, 60, 60, 60, 60, 60, 60, 60, 60, 60, 60, 60, 60, 60, 60, 60, 60, 60, 60, 60, 60, 60, 60, 60, 60, 60, 60, 60, 60, 60, 60, 60, 60, 60, 60, 60, 60, 60, 60, 60, 60, 60, 60, 60, 60, 60, 60, 60, 60, 60, 60, 60, 60, 60, 60, 60, 60, 60, 60, 60, 60, 60, 60, 60, 60, 60, 60, 60, 60, 60, 60, 60, 60, 60, 60, 60, 60, 60, 60, 60, 60, 60, 60, 60, 60, 60, 60, 60, 60, 60, 60, 60, 60, 60, 60, 60, 60, 60, 60, 60, 60, 60, 60, 60, 60, 60, 60, 60, 60, 60, 60, 60, 60, 60, 60, 60, 60, 60, 60, 60, 60, 60, 60, 60, 60, 60, 60, 60, 60, 60, 60, 60, 60, 60, 60, 60, 60, 60, 60, 60, 60, 60, 60, 60, 60, 60, 60, 60, 60, 60, 60, 60, 60, 60, 60, 60, 60, 60, 60, 60, 60, 60, 60, 60, 60, 60, 60, 60, 60, 60, 60, 60, 60, 60, 60, 60, 60, 60, 60, 60, 60, 60, 60, 60, 60, 60, 60, 60, 60, 60, 60, 60, 60, 60, 60, 60, 60, 60, 60, 60, 60, 60, 60, 60, 60, 60, 60, 60, 60, 60, 60, 60, 60, 60, 60, 60, 60, 60, 60, 60, 60, 60, 60, 60, 60, 60, 60, 60, 60, 60, 60, 60, 60, 60, 60, 60, 60, 60, 60, 60, 60, 60, 60, 60, 60, 60, 60, 60, 60, 60, 60, 60, 60, 60, 60, 60, 60, 60, 60, 60, 60, 60, 60, 60, 60, 60, 60, 60, 60, 60, 60, 60, 60, 60, 60, 60, 60, 60, 60, 60, 60, 60, 60, 60, 60, 60, 60, 60, 60, 60, 60, 60, 60, 60, 60, 60, 60, 60, 60, 60, 60, 60, 60, 60, 60, 60, 60, 60, 60, 60, 60, 60, 60, 60, 60, 60, 60, 60, 60, 60, 60, 60, 60, 60, 60, 60, 60, 60, 60, 60, 60, 60, 60, 60, 60, 60, 60, 60, 60, 60, 60, 60, 60, 60, 60, 60, 60, 60, 60, 60, 60, 60, 60, 60, 60, 60, 60
  Max T: 60, 60, 60, 60, 60, 60, 60, 60, 60, 60, 60, 60, 60, 60, 60, 60, 60, 60, 60, 60, 60, 60, 60, 60, 60, 60, 60, 60, 60, 60, 60, 60, 60, 60, 60, 60, 60, 60, 60, 60, 60, 60, 60, 60, 60, 60, 60, 60, 60, 60, 60, 60, 60, 60, 60, 60, 60, 60, 60, 60, 60, 60, 60, 60, 60, 60, 60, 60, 60, 60, 60, 60, 60, 60, 60, 60, 60, 60, 60, 60, 60, 60, 60, 60, 60, 60, 60, 60, 60, 60, 60, 60, 60, 60, 60, 60, 60, 60, 60, 60, 60, 60, 60, 60, 60, 60, 60, 60, 60, 60, 60, 60, 60, 60, 60, 60, 60, 60, 60, 60, 60, 60, 60, 60, 60, 60, 60, 60, 60, 60, 60, 60, 60, 60, 60, 60, 60, 60, 60, 60, 60, 60, 60, 60, 60, 60, 60, 60, 60, 60, 60, 60, 60, 60, 60, 60, 60, 60, 60, 60, 60, 60, 60, 60, 60, 60, 60, 60, 60, 60, 60, 60, 60, 60, 60, 60, 60, 60, 60, 60, 60, 60, 60, 60, 60, 60, 60, 60, 60, 60, 60, 60, 60, 60, 60, 60, 60, 60, 60, 60, 60, 60, 60, 60, 60, 60, 60, 60, 60, 60, 60, 60, 60, 60, 60, 60, 60, 60, 60, 60, 60, 60, 60, 60, 60, 60, 60, 60, 60, 60, 60, 60, 60, 60, 60, 60, 60, 60, 60, 60, 60, 60, 60, 60, 60, 60, 60, 60, 60, 60, 60, 60, 60, 60, 60, 60, 60, 60, 60, 60, 60, 60, 60, 60, 60, 60, 60, 60, 60, 60, 60, 60, 60, 60, 60, 60, 60, 60, 60, 60, 60, 60, 60, 60, 60, 60, 60, 60, 60, 60, 60, 60, 60, 60, 60, 60, 60, 60, 60, 60, 60, 60, 60, 60, 60, 60, 60, 60, 60, 60, 60, 60, 60, 60, 60, 60, 60, 60, 60, 60, 60, 60, 60, 60, 60, 60, 60, 60, 60, 60, 60, 60, 60, 60, 60, 60, 60, 60, 60, 60, 60, 60, 60, 60, 60, 60, 60, 60, 60, 60, 60, 60, 60, 60, 60, 60, 60, 60, 60, 60, 60, 60, 60, 60, 60, 60, 60, 60, 60, 60, 60, 60, 60, 60, 60, 60, 60, 60, 60, 60, 60, 60, 60, 60, 60, 60, 60, 60, 60, 60, 60, 60, 60, 60, 60, 60, 60, 60, 60, 60, 60, 60, 60, 60, 60, 60, 60, 60, 60, 60, 60, 60, 60, 60, 60, 60, 60, 60, 60, 60, 60, 60, 60, 60, 60, 60, 60, 60, 60, 60, 60, 60, 60, 60, 60, 60, 60, 60, 60, 60, 60, 60, 60, 60, 60, 60, 60, 60, 60, 60, 60, 60, 60, 60, 60, 60, 60, 60, 60, 60, 60
  n_neurons: 76, 264, 163, 234, 126, 132, 263, 105, 95, 105, 198, 260, 288, 230, 439, 61, 156, 195, 129, 146, 68, 186, 136, 421, 63, 265, 230, 206, 32, 81, 87, 25, 287, 58, 135, 79, 312, 166, 183, 242, 290, 140, 91, 136, 131, 233, 159, 145, 183, 67, 218, 113, 133, 179, 146, 59, 100, 109, 32, 75, 146, 411, 119, 171, 183, 267, 119, 163, 100, 187, 3, 193, 164, 252, 426, 123, 189, 143, 136, 202, 147, 136, 113, 147, 294, 128, 138, 134, 302, 291, 53, 314, 62, 98, 99, 133, 257, 343, 358, 67, 159, 373, 281, 293, 246, 140, 312, 304, 376, 8, 229, 192, 78, 123, 162, 128, 247, 93, 270, 171, 97, 94, 107, 148, 89, 210, 221, 122, 270, 161, 201, 162, 95, 138, 202, 171, 94, 207, 351, 162, 126, 23, 75, 91, 272, 326, 72, 28, 131, 167, 90, 116, 105, 120, 99, 273, 131, 224, 150, 249, 79, 23, 172, 78, 120, 131, 67, 105, 110, 52, 80, 176, 346, 103, 103, 89, 126, 96, 83, 59, 84, 41, 34, 134, 107, 135, 171, 42, 148, 228, 220, 147, 469, 398, 191, 192, 264, 241, 175, 80, 435, 263, 211, 173, 200, 162, 184, 306, 63, 107, 81, 134, 11, 155, 140, 39, 138, 129, 173, 79, 134, 126, 47, 127, 175, 459, 130, 36, 188, 79, 104, 48, 21, 79, 99, 99, 41, 114, 31, 87, 235, 67, 32, 22, 38, 76, 191, 71, 47, 10, 67, 87, 43, 65, 72, 180, 173, 216, 123, 186, 54, 145, 159, 110, 27, 147, 75, 296, 247, 76, 70, 164, 93, 288, 98, 158, 165, 102, 448, 141, 79, 184, 198, 164, 121, 13, 9, 421, 116, 315, 236, 90, 456, 181, 298, 383, 33, 141, 135, 152, 148, 105, 286, 136, 130, 87, 372, 474, 61, 295, 211, 36, 367, 163, 90, 536, 132, 132, 71, 524, 328, 232, 69, 518, 254, 59, 466, 253, 201, 128, 143, 389, 184, 151, 207, 164, 153, 37, 160, 150, 74, 64, 147, 76, 33, 424, 200, 92, 158, 136, 29, 83, 386, 161, 148, 59, 60, 79, 138, 242, 154, 282, 49, 215, 187, 105, 92, 129, 177, 116, 154, 137, 10, 282, 201, 277, 112, 144, 266, 144, 7, 70, 19, 17, 2, 204, 186, 220, 108, 239, 12, 13, 128, 82, 93, 152, 137, 16, 142, 134, 228, 273, 308, 233, 144, 121, 367, 35, 298, 109, 183, 141, 69, 162, 148, 135, 85, 142, 90, 160, 37, 40, 44, 33, 50, 134, 119, 205, 197, 318, 141, 142, 136, 140, 289, 214, 219, 268, 85, 36, 380, 276, 210, 376, 116, 261, 112, 325, 320, 309, 309, 249, 367, 172, 198, 259, 304, 265, 347, 306, 237
  Input range:
    0: [-0.2, 1.0] [-0.2, 1.0] [-0.2, 1.0] [-0.2, 1.0] [-0.2, 1.0] [-0.2, 1.0] [-0.2, 1.0] [-0.2, 1.0] [-0.2, 1.0] [-0.2, 1.0] [-0.2, 1.0] [-0.2, 1.0] [-0.2, 1.0] [-0.2, 1.0] [-0.2, 1.0] [-0.2, 1.0] [-0.2, 1.0] [-0.2, 1.0] [-0.2, 1.0] [-0.2, 1.0] [-0.2, 1.0] [-0.2, 1.0] [-0.2, 1.0] [-0.2, 1.0] [-0.2, 1.0] [-0.2, 1.0] [-0.2, 1.0] [-0.2, 1.0] [-0.2, 1.0] [-0.2, 1.0] [-0.2, 1.0] [-0.2, 1.0] [-0.2, 1.0] [-0.2, 1.0] [-0.2, 1.0] [-0.2, 1.0] [-0.2, 1.0] [-0.2, 1.0] [-0.2, 1.0] [-0.2, 1.0] [-0.2, 1.0] [-0.2, 1.0] [-0.2, 1.0] [-0.2, 1.0] [-0.2, 1.0] [-0.2, 1.0] [-0.2, 1.0] [-0.2, 1.0] [-0.2, 1.0] [-0.2, 1.0] [-0.2, 1.0] [-0.2, 1.0] [-0.2, 1.0] [-0.2, 1.0] [-0.2, 1.0] [-0.2, 1.0] [-0.2, 1.0] [-0.2, 1.0] [-0.2, 1.0] [-0.2, 1.0] [-0.2, 1.0] [-0.2, 1.0] [-0.2, 1.0] [-0.2, 1.0] [-0.2, 1.0] [-0.2, 1.0] [-0.2, 1.0] [-0.2, 1.0] [-0.2, 1.0] [-0.2, 1.0] [-0.2, 1.0] [-0.2, 1.0] [-0.2, 1.0] [-0.2, 1.0] [-0.2, 1.0] [-0.2, 1.0] [-0.2, 1.0] [-0.2, 1.0] [-0.2, 1.0] [-0.2, 1.0] [-0.2, 1.0] [-0.2, 1.0] [-0.2, 1.0] [-0.2, 1.0] [-0.2, 1.0] [-0.2, 1.0] [-0.2, 1.0] [-0.2, 1.0] [-0.2, 1.0] [-0.2, 1.0] [-0.2, 1.0] [-0.2, 1.0] [-0.2, 1.0] [-0.2, 1.0] [-0.2, 1.0] [-0.2, 1.0] [-0.2, 1.0] [-0.2, 1.0] [-0.2, 1.0] [-0.2, 1.0] [-0.2, 1.0] [-0.2, 1.0] [-0.2, 1.0] [-0.2, 1.0] [-0.2, 1.0] [-0.2, 1.0] [-0.2, 1.0] [-0.2, 1.0] [-0.2, 1.0] [-0.2, 1.0] [-0.2, 1.0] [-0.2, 1.0] [-0.2, 1.0] [-0.2, 1.0] [-0.2, 1.0] [-0.2, 1.0] [-0.2, 1.0] [-0.2, 1.0] [-0.2, 1.0] [-0.2, 1.0] [-0.2, 1.0] [-0.2, 1.0] [-0.2, 1.0] [-0.2, 1.0] [-0.2, 1.0] [-0.2, 1.0] [-0.2, 1.0] [-0.2, 1.0] [-0.2, 1.0] [-0.2, 1.0] [-0.2, 1.0] [-0.2, 1.0] [-0.2, 1.0] [-0.2, 1.0] [-0.2, 1.0] [-0.2, 1.0] [-0.2, 1.0] [-0.2, 1.0] [-0.2, 1.0] [-0.2, 1.0] [-0.2, 1.0] [-0.2, 1.0] [-0.2, 1.0] [-0.2, 1.0] [-0.2, 1.0] [-0.2, 1.0] [-0.2, 1.0] [-0.2, 1.0] [-0.2, 1.0] [-0.2, 1.0] [-0.2, 1.0] [-0.2, 1.0] [-0.2, 1.0] [-0.2, 1.0] [-0.2, 1.0] [-0.2, 1.0] [-0.2, 1.0] [-0.2, 1.0] [-0.2, 1.0] [-0.2, 1.0] [-0.2, 1.0] [-0.2, 1.0] [-0.2, 1.0] [-0.2, 1.0] [-0.2, 1.0] [-0.2, 1.0] [-0.2, 1.0] [-0.2, 1.0] [-0.2, 1.0] [-0.2, 1.0] [-0.2, 1.0] [-0.2, 1.0] [-0.2, 1.0] [-0.2, 1.0] [-0.2, 1.0] [-0.2, 1.0] [-0.2, 1.0] [-0.2, 1.0] [-0.2, 1.0] [-0.2, 1.0] [-0.2, 1.0] [-0.2, 1.0] [-0.2, 1.0] [-0.2, 1.0] [-0.2, 1.0] [-0.2, 1.0] [-0.2, 1.0] [-0.2, 1.0] [-0.2, 1.0] [-0.2, 1.0] [-0.2, 1.0] [-0.2, 1.0] [-0.2, 1.0] [-0.2, 1.0] [-0.2, 1.0] [-0.2, 1.0] [-0.2, 1.0] [-0.2, 1.0] [-0.2, 1.0] [-0.2, 1.0] [-0.2, 1.0] [-0.2, 1.0] [-0.2, 1.0] [-0.2, 1.0] [-0.2, 1.0] [-0.2, 1.0] [-0.2, 1.0] [-0.2, 1.0] [-0.2, 1.0] [-0.2, 1.0] [-0.2, 1.0] [-0.2, 1.0] [-0.2, 1.0] [-0.2, 1.0] [-0.2, 1.0] [-0.2, 1.0] [-0.2, 1.0] [-0.2, 1.0] [-0.2, 1.0] [-0.2, 1.0] [-0.2, 1.0] [-0.2, 1.0] [-0.2, 1.0] [-0.2, 1.0] [-0.2, 1.0] [-0.2, 1.0] [-0.2, 1.0] [-0.2, 1.0] [-0.2, 1.0] [-0.2, 1.0] [-0.2, 1.0] [-0.2, 1.0] [-0.2, 1.0] [-0.2, 1.0] [-0.2, 1.0] [-0.2, 1.0] [-0.2, 1.0] [-0.2, 1.0] [-0.2, 1.0] [-0.2, 1.0] [-0.2, 1.0] [-0.2, 1.0] [-0.2, 1.0] [-0.2, 1.0] [-0.2, 1.0] [-0.2, 1.0] [-0.2, 1.0] [-0.2, 1.0] [-0.2, 1.0] [-0.2, 1.0] [-0.2, 1.0] [-0.2, 1.0] [-0.2, 1.0] [-0.2, 1.0] [-0.2, 1.0] [-0.2, 1.0] [-0.2, 1.0] [-0.2, 1.0] [-0.2, 1.0] [-0.2, 1.0] [-0.2, 1.0] [-0.2, 1.0] [-0.2, 1.0] [-0.2, 1.0] [-0.2, 1.0] [-0.2, 1.0] [-0.2, 1.0] [-0.2, 1.0] [-0.2, 1.0] [-0.2, 1.0] [-0.2, 1.0] [-0.2, 1.0] [-0.2, 1.0] [-0.2, 1.0] [-0.2, 1.0] [-0.2, 1.0] [-0.2, 1.0] [-0.2, 1.0] [-0.2, 1.0] [-0.2, 1.0] [-0.2, 1.0] [-0.2, 1.0] [-0.2, 1.0] [-0.2, 1.0] [-0.2, 1.0] [-0.2, 1.0] [-0.2, 1.0] [-0.2, 1.0] [-0.2, 1.0] [-0.2, 1.0] [-0.2, 1.0] [-0.2, 1.0] [-0.2, 1.0] [-0.2, 1.0] [-0.2, 1.0] [-0.2, 1.0] [-0.2, 1.0] [-0.2, 1.0] [-0.2, 1.0] [-0.2, 1.0] [-0.2, 1.0] [-0.2, 1.0] [-0.2, 1.0] [-0.2, 1.0] [-0.2, 1.0] [-0.2, 1.0] [-0.2, 1.0] [-0.2, 1.0] [-0.2, 1.0] [-0.2, 1.0] [-0.2, 1.0] [-0.2, 1.0] [-0.2, 1.0] [-0.2, 1.0] [-0.2, 1.0] [-0.2, 1.0] [-0.2, 1.0] [-0.2, 1.0] [-0.2, 1.0] [-0.2, 1.0] [-0.2, 1.0] [-0.2, 1.0] [-0.2, 1.0] [-0.2, 1.0] [-0.2, 1.0] [-0.2, 1.0] [-0.2, 1.0] [-0.2, 1.0] [-0.2, 1.0] [-0.2, 1.0] [-0.2, 1.0] [-0.2, 1.0] [-0.2, 1.0] [-0.2, 1.0] [-0.2, 1.0] [-0.2, 1.0] [-0.2, 1.0] [-0.2, 1.0] [-0.2, 1.0] [-0.2, 1.0] [-0.2, 1.0] [-0.2, 1.0] [-0.2, 1.0] [-0.2, 1.0] [-0.2, 1.0] [-0.2, 1.0] [-0.2, 1.0] [-0.2, 1.0] [-0.2, 1.0] [-0.2, 1.0] [-0.2, 1.0] [-0.2, 1.0] [-0.2, 1.0] [-0.2, 1.0] [-0.2, 1.0] [-0.2, 1.0] [-0.2, 1.0] [-0.2, 1.0] [-0.2, 1.0] [-0.2, 1.0] [-0.2, 1.0] [-0.2, 1.0] [-0.2, 1.0] [-0.2, 1.0] [-0.2, 1.0] [-0.2, 1.0] [-0.2, 1.0] [-0.2, 1.0] [-0.2, 1.0] [-0.2, 1.0] [-0.2, 1.0] [-0.2, 1.0] [-0.2, 1.0] [-0.2, 1.0] [-0.2, 1.0] [-0.2, 1.0] [-0.2, 1.0] [-0.2, 1.0] [-0.2, 1.0] [-0.2, 1.0] [-0.2, 1.0] [-0.2, 1.0] [-0.2, 1.0] [-0.2, 1.0] [-0.2, 1.0] [-0.2, 1.0] [-0.2, 1.0] [-0.2, 1.0] [-0.2, 1.0] [-0.2, 1.0] [-0.2, 1.0] [-0.2, 1.0] [-0.2, 1.0] [-0.2, 1.0] [-0.2, 1.0] [-0.2, 1.0] [-0.2, 1.0] [-0.2, 1.0] [-0.2, 1.0] [-0.2, 1.0] [-0.2, 1.0] [-0.2, 1.0] [-0.2, 1.0] [-0.2, 1.0] [-0.2, 1.0] [-0.2, 1.0] [-0.2, 1.0] [-0.2, 1.0] [-0.2, 1.0] [-0.2, 1.0] [-0.2, 1.0] [-0.2, 1.0] [-0.2, 1.0] [-0.2, 1.0] [-0.2, 1.0] [-0.2, 1.0] [-0.2, 1.0] [-0.2, 1.0] [-0.2, 1.0] [-0.2, 1.0] [-0.2, 1.0] [-0.2, 1.0] [-0.2, 1.0] [-0.2, 1.0] [-0.2, 1.0] [-0.2, 1.0] [-0.2, 1.0] [-0.2, 1.0] [-0.2, 1.0] [-0.2, 1.0] [-0.2, 1.0] [-0.2, 1.0] [-0.2, 1.0] [-0.2, 1.0] [-0.2, 1.0] [-0.2, 1.0] [-0.2, 1.0] [-0.2, 1.0] [-0.2, 1.0] [-0.2, 1.0] [-0.2, 1.0] [-0.2, 1.0] [-0.2, 1.0] [-0.2, 1.0] [-0.2, 1.0] [-0.2, 1.0] [-0.2, 1.0] [-0.2, 1.0] [-0.2, 1.0] [-0.2, 1.0] [-0.2, 1.0] [-0.2, 1.0] [-0.2, 1.0] [-0.2, 1.0] [-0.2, 1.0] [-0.2, 1.0] [-0.2, 1.0] [-0.2, 1.0] [-0.2, 1.0] [-0.2, 1.0] [-0.2, 1.0] 
    1: [1.0, 88.0] [1.0, 90.0] [1.0, 90.0] [1.0, 89.0] [1.0, 91.0] [1.0, 96.0] [1.0, 90.0] [1.0, 96.0] [1.0, 99.0] [1.0, 99.0] [1.0, 99.0] [1.0, 90.0] [1.0, 90.0] [1.0, 96.0] [1.0, 96.0] [1.0, 92.0] [1.0, 96.0] [1.0, 90.0] [1.0, 93.0] [1.0, 90.0] [1.0, 90.0] [1.0, 96.0] [1.0, 93.0] [1.0, 90.0] [1.0, 90.0] [1.0, 90.0] [1.0, 96.0] [1.0, 92.0] [1.0, 90.0] [1.0, 90.0] [1.0, 90.0] [1.0, 90.0] [1.0, 93.0] [1.0, 92.0] [1.0, 95.0] [1.0, 90.0] [1.0, 90.0] [1.0, 90.0] [1.0, 90.0] [1.0, 92.0] [1.0, 90.0] [1.0, 96.0] [1.0, 90.0] [1.0, 93.0] [1.0, 90.0] [1.0, 90.0] [1.0, 90.0] [1.0, 90.0] [1.0, 96.0] [1.0, 93.0] [1.0, 99.0] [1.0, 90.0] [1.0, 90.0] [1.0, 96.0] [1.0, 93.0] [1.0, 99.0] [1.0, 95.0] [1.0, 90.0] [1.0, 96.0] [1.0, 93.0] [1.0, 90.0] [1.0, 90.0] [1.0, 93.0] [1.0, 96.0] [1.0, 90.0] [1.0, 97.0] [1.0, 96.0] [1.0, 96.0] [1.0, 90.0] [1.0, 90.0] [1.0, 90.0] [1.0, 90.0] [1.0, 90.0] [1.0, 98.0] [1.0, 96.0] [1.0, 90.0] [1.0, 95.0] [1.0, 90.0] [1.0, 93.0] [1.0, 96.0] [1.0, 93.0] [1.0, 99.0] [1.0, 90.0] [1.0, 96.0] [1.0, 90.0] [1.0, 93.0] [1.0, 96.0] [1.0, 99.0] [1.0, 93.0] [1.0, 93.0] [1.0, 99.0] [1.0, 93.0] [1.0, 96.0] [1.0, 92.0] [1.0, 90.0] [1.0, 96.0] [1.0, 96.0] [1.0, 96.0] [1.0, 96.0] [1.0, 99.0] [1.0, 93.0] [1.0, 90.0] [1.0, 90.0] [1.0, 90.0] [1.0, 93.0] [1.0, 90.0] [1.0, 99.0] [1.0, 93.0] [1.0, 90.0] [1.0, 90.0] [1.0, 96.0] [1.0, 90.0] [1.0, 93.0] [1.0, 90.0] [1.0, 90.0] [1.0, 90.0] [1.0, 92.0] [1.0, 90.0] [1.0, 90.0] [1.0, 96.0] [1.0, 90.0] [1.0, 93.0] [1.0, 90.0] [1.0, 95.0] [1.0, 90.0] [1.0, 93.0] [1.0, 95.0] [1.0, 99.0] [1.0, 90.0] [1.0, 96.0] [1.0, 90.0] [1.0, 93.0] [1.0, 96.0] [1.0, 97.0] [1.0, 90.0] [1.0, 90.0] [1.0, 99.0] [1.0, 93.0] [1.0, 87.0] [1.0, 96.0] [1.0, 96.0] [1.0, 90.0] [1.0, 90.0] [1.0, 99.0] [1.0, 96.0] [1.0, 90.0] [1.0, 90.0] [1.0, 99.0] [1.0, 90.0] [1.0, 96.0] [1.0, 88.0] [1.0, 93.0] [1.0, 89.0] [1.0, 96.0] [1.0, 90.0] [1.0, 90.0] [1.0, 93.0] [1.0, 99.0] [1.0, 93.0] [1.0, 96.0] [1.0, 90.0] [1.0, 90.0] [1.0, 90.0] [1.0, 96.0] [1.0, 90.0] [1.0, 96.0] [1.0, 90.0] [1.0, 90.0] [1.0, 90.0] [1.0, 92.0] [1.0, 90.0] [1.0, 90.0] [1.0, 90.0] [1.0, 93.0] [1.0, 96.0] [1.0, 90.0] [1.0, 90.0] [1.0, 96.0] [1.0, 90.0] [1.0, 93.0] [1.0, 90.0] [1.0, 90.0] [1.0, 91.0] [1.0, 96.0] [1.0, 90.0] [1.0, 92.0] [1.0, 92.0] [1.0, 90.0] [1.0, 99.0] [1.0, 95.0] [1.0, 90.0] [1.0, 90.0] [1.0, 93.0] [1.0, 90.0] [1.0, 96.0] [1.0, 90.0] [1.0, 90.0] [1.0, 96.0] [1.0, 93.0] [1.0, 90.0] [1.0, 96.0] [1.0, 90.0] [1.0, 90.0] [1.0, 93.0] [1.0, 90.0] [1.0, 95.0] [1.0, 90.0] [1.0, 90.0] [1.0, 96.0] [1.0, 93.0] [1.0, 95.0] [1.0, 89.0] [1.0, 90.0] [1.0, 90.0] [1.0, 93.0] [1.0, 90.0] [1.0, 90.0] [1.0, 90.0] [1.0, 96.0] [1.0, 95.0] [1.0, 90.0] [1.0, 93.0] [1.0, 93.0] [1.0, 96.0] [1.0, 90.0] [1.0, 90.0] [1.0, 90.0] [1.0, 92.0] [1.0, 90.0] [1.0, 93.0] [1.0, 93.0] [1.0, 90.0] [1.0, 96.0] [1.0, 90.0] [1.0, 90.0] [1.0, 96.0] [1.0, 90.0] [1.0, 93.0] [1.0, 90.0] [1.0, 90.0] [1.0, 90.0] [1.0, 92.0] [1.0, 90.0] [1.0, 90.0] [1.0, 90.0] [1.0, 96.0] [1.0, 90.0] [1.0, 93.0] [1.0, 96.0] [1.0, 93.0] [1.0, 90.0] [1.0, 93.0] [1.0, 90.0] [1.0, 96.0] [1.0, 90.0] [1.0, 90.0] [1.0, 96.0] [1.0, 93.0] [1.0, 90.0] [1.0, 95.0] [1.0, 90.0] [1.0, 93.0] [1.0, 96.0] [1.0, 99.0] [1.0, 90.0] [1.0, 90.0] [1.0, 90.0] [1.0, 96.0] [1.0, 95.0] [1.0, 90.0] [1.0, 88.0] [1.0, 90.0] [1.0, 93.0] [1.0, 96.0] [1.0, 93.0] [1.0, 93.0] [1.0, 93.0] [1.0, 93.0] [1.0, 93.0] [1.0, 88.0] [1.0, 99.0] [1.0, 96.0] [1.0, 93.0] [1.0, 90.0] [1.0, 90.0] [1.0, 99.0] [1.0, 93.0] [1.0, 93.0] [1.0, 96.0] [1.0, 96.0] [1.0, 93.0] [1.0, 90.0] [1.0, 93.0] [1.0, 90.0] [1.0, 96.0] [1.0, 96.0] [1.0, 99.0] [1.0, 93.0] [1.0, 90.0] [1.0, 90.0] [1.0, 96.0] [1.0, 93.0] [1.0, 90.0] [1.0, 92.0] [1.0, 90.0] [1.0, 96.0] [1.0, 90.0] [1.0, 98.0] [1.0, 93.0] [1.0, 96.0] [1.0, 93.0] [1.0, 96.0] [1.0, 93.0] [1.0, 96.0] [1.0, 90.0] [1.0, 90.0] [1.0, 90.0] [1.0, 99.0] [1.0, 93.0] [1.0, 90.0] [1.0, 93.0] [1.0, 99.0] [1.0, 96.0] [1.0, 99.0] [1.0, 90.0] [1.0, 96.0] [1.0, 93.0] [1.0, 90.0] [1.0, 99.0] [1.0, 93.0] [1.0, 90.0] [1.0, 90.0] [1.0, 90.0] [1.0, 90.0] [1.0, 90.0] [1.0, 90.0] [1.0, 90.0] [1.0, 90.0] [1.0, 90.0] [1.0, 90.0] [1.0, 90.0] [1.0, 90.0] [1.0, 90.0] [1.0, 90.0] [1.0, 88.0] [1.0, 90.0] [1.0, 99.0] [1.0, 99.0] [1.0, 99.0] [1.0, 99.0] [1.0, 99.0] [1.0, 96.0] [1.0, 90.0] [1.0, 99.0] [1.0, 93.0] [1.0, 93.0] [1.0, 99.0] [1.0, 96.0] [1.0, 93.0] [1.0, 90.0] [1.0, 93.0] [1.0, 96.0] [1.0, 90.0] [1.0, 92.0] [1.0, 90.0] [1.0, 90.0] [1.0, 90.0] [1.0, 93.0] [1.0, 96.0] [1.0, 90.0] [1.0, 90.0] [1.0, 93.0] [1.0, 99.0] [1.0, 96.0] [1.0, 90.0] [1.0, 96.0] [1.0, 93.0] [1.0, 90.0] [1.0, 99.0] [1.0, 96.0] [1.0, 90.0] [1.0, 90.0] [1.0, 96.0] [1.0, 92.0] [1.0, 89.0] [1.0, 92.0] [1.0, 96.0] [1.0, 96.0] [1.0, 93.0] [1.0, 99.0] [1.0, 87.0] [1.0, 93.0] [1.0, 99.0] [1.0, 93.0] [1.0, 99.0] [1.0, 96.0] [1.0, 93.0] [1.0, 96.0] [1.0, 90.0] [1.0, 90.0] [1.0, 99.0] [1.0, 93.0] [1.0, 90.0] [1.0, 93.0] [1.0, 90.0] [1.0, 96.0] [1.0, 90.0] [1.0, 90.0] [1.0, 90.0] [1.0, 90.0] [1.0, 90.0] [1.0, 93.0] [1.0, 90.0] [1.0, 90.0] [1.0, 93.0] [1.0, 89.0] [1.0, 95.0] [1.0, 90.0] [1.0, 90.0] [1.0, 95.0] [1.0, 96.0] [1.0, 90.0] [1.0, 90.0] [1.0, 96.0] [1.0, 99.0] [1.0, 93.0] [1.0, 94.0] [1.0, 90.0] [1.0, 99.0] [1.0, 96.0] [1.0, 90.0] [1.0, 93.0] [1.0, 90.0] [1.0, 99.0] [1.0, 93.0] [1.0, 90.0] [1.0, 96.0] [1.0, 95.0] [1.0, 90.0] [1.0, 90.0] [1.0, 93.0] [1.0, 99.0] [1.0, 92.0] [1.0, 96.0] [1.0, 90.0] [1.0, 90.0] [1.0, 96.0] [1.0, 93.0] [1.0, 93.0] [1.0, 90.0] [1.0, 96.0] [1.0, 90.0] [1.0, 90.0] [1.0, 95.0] [1.0, 93.0] [1.0, 90.0] [1.0, 96.0] [1.0, 95.0] [1.0, 90.0] [1.0, 90.0] [1.0, 90.0] 
  Output range:
    0: [0.0, 1.0] [0.0, 1.0] [0.0, 1.0] [0.0, 1.0] [0.0, 1.0] [0.0, 1.0] [0.0, 1.0] [0.0, 1.0] [0.0, 1.0] [0.0, 1.0] [0.0, 1.0] [0.0, 1.0] [0.0, 1.0] [0.0, 1.0] [0.0, 1.0] [0.0, 1.0] [0.0, 1.0] [0.0, 1.0] [0.0, 1.0] [0.0, 1.0] [0.0, 1.0] [0.0, 1.0] [0.0, 1.0] [0.0, 1.0] [0.0, 1.0] [0.0, 1.0] [0.0, 1.0] [0.0, 1.0] [0.0, 1.0] [0.0, 1.0] [0.0, 1.0] [0.0, 1.0] [0.0, 1.0] [0.0, 1.0] [0.0, 1.0] [0.0, 1.0] [0.0, 1.0] [0.0, 1.0] [0.0, 1.0] [0.0, 1.0] [0.0, 1.0] [0.0, 1.0] [0.0, 1.0] [0.0, 1.0] [0.0, 1.0] [0.0, 1.0] [0.0, 1.0] [0.0, 1.0] [0.0, 1.0] [0.0, 1.0] [0.0, 1.0] [0.0, 1.0] [0.0, 1.0] [0.0, 1.0] [0.0, 1.0] [0.0, 1.0] [0.0, 1.0] [0.0, 1.0] [0.0, 1.0] [0.0, 1.0] [0.0, 1.0] [0.0, 1.0] [0.0, 1.0] [0.0, 1.0] [0.0, 1.0] [0.0, 1.0] [0.0, 1.0] [0.0, 1.0] [0.0, 1.0] [0.0, 1.0] [0.0, 1.0] [0.0, 1.0] [0.0, 1.0] [0.0, 1.0] [0.0, 1.0] [0.0, 1.0] [0.0, 1.0] [0.0, 1.0] [0.0, 1.0] [0.0, 1.0] [0.0, 1.0] [0.0, 1.0] [0.0, 1.0] [0.0, 1.0] [0.0, 1.0] [0.0, 1.0] [0.0, 1.0] [0.0, 1.0] [0.0, 1.0] [0.0, 1.0] [0.0, 1.0] [0.0, 1.0] [0.0, 1.0] [0.0, 1.0] [0.0, 1.0] [0.0, 1.0] [0.0, 1.0] [0.0, 1.0] [0.0, 1.0] [0.0, 1.0] [0.0, 1.0] [0.0, 1.0] [0.0, 1.0] [0.0, 1.0] [0.0, 1.0] [0.0, 1.0] [0.0, 1.0] [0.0, 1.0] [0.0, 1.0] [0.0, 1.0] [0.0, 1.0] [0.0, 1.0] [0.0, 1.0] [0.0, 1.0] [0.0, 1.0] [0.0, 1.0] [0.0, 1.0] [0.0, 1.0] [0.0, 1.0] [0.0, 1.0] [0.0, 1.0] [0.0, 1.0] [0.0, 1.0] [0.0, 1.0] [0.0, 1.0] [0.0, 1.0] [0.0, 1.0] [0.0, 1.0] [0.0, 1.0] [0.0, 1.0] [0.0, 1.0] [0.0, 1.0] [0.0, 1.0] [0.0, 1.0] [0.0, 1.0] [0.0, 1.0] [0.0, 1.0] [0.0, 1.0] [0.0, 1.0] [0.0, 1.0] [0.0, 1.0] [0.0, 1.0] [0.0, 1.0] [0.0, 1.0] [0.0, 1.0] [0.0, 1.0] [0.0, 1.0] [0.0, 1.0] [0.0, 1.0] [0.0, 1.0] [0.0, 1.0] [0.0, 1.0] [0.0, 1.0] [0.0, 1.0] [0.0, 1.0] [0.0, 1.0] [0.0, 1.0] [0.0, 1.0] [0.0, 1.0] [0.0, 1.0] [0.0, 1.0] [0.0, 1.0] [0.0, 1.0] [0.0, 1.0] [0.0, 1.0] [0.0, 1.0] [0.0, 1.0] [0.0, 1.0] [0.0, 1.0] [0.0, 1.0] [0.0, 1.0] [0.0, 1.0] [0.0, 1.0] [0.0, 1.0] [0.0, 1.0] [0.0, 1.0] [0.0, 1.0] [0.0, 1.0] [0.0, 1.0] [0.0, 1.0] [0.0, 1.0] [0.0, 1.0] [0.0, 1.0] [0.0, 1.0] [0.0, 1.0] [0.0, 1.0] [0.0, 1.0] [0.0, 1.0] [0.0, 1.0] [0.0, 1.0] [0.0, 1.0] [0.0, 1.0] [0.0, 1.0] [0.0, 1.0] [0.0, 1.0] [0.0, 1.0] [0.0, 1.0] [0.0, 1.0] [0.0, 1.0] [0.0, 1.0] [0.0, 1.0] [0.0, 1.0] [0.0, 1.0] [0.0, 1.0] [0.0, 1.0] [0.0, 1.0] [0.0, 1.0] [0.0, 1.0] [0.0, 1.0] [0.0, 1.0] [0.0, 1.0] [0.0, 1.0] [0.0, 1.0] [0.0, 1.0] [0.0, 1.0] [0.0, 1.0] [0.0, 1.0] [0.0, 1.0] [0.0, 1.0] [0.0, 1.0] [0.0, 1.0] [0.0, 1.0] [0.0, 1.0] [0.0, 1.0] [0.0, 1.0] [0.0, 1.0] [0.0, 1.0] [0.0, 1.0] [0.0, 1.0] [0.0, 1.0] [0.0, 1.0] [0.0, 1.0] [0.0, 1.0] [0.0, 1.0] [0.0, 1.0] [0.0, 1.0] [0.0, 1.0] [0.0, 1.0] [0.0, 1.0] [0.0, 1.0] [0.0, 1.0] [0.0, 1.0] [0.0, 1.0] [0.0, 1.0] [0.0, 1.0] [0.0, 1.0] [0.0, 1.0] [0.0, 1.0] [0.0, 1.0] [0.0, 1.0] [0.0, 1.0] [0.0, 1.0] [0.0, 1.0] [0.0, 1.0] [0.0, 1.0] [0.0, 1.0] [0.0, 1.0] [0.0, 1.0] [0.0, 1.0] [0.0, 1.0] [0.0, 1.0] [0.0, 1.0] [0.0, 1.0] [0.0, 1.0] [0.0, 1.0] [0.0, 1.0] [0.0, 1.0] [0.0, 1.0] [0.0, 1.0] [0.0, 1.0] [0.0, 1.0] [0.0, 1.0] [0.0, 1.0] [0.0, 1.0] [0.0, 1.0] [0.0, 1.0] [0.0, 1.0] [0.0, 1.0] [0.0, 1.0] [0.0, 1.0] [0.0, 1.0] [0.0, 1.0] [0.0, 1.0] [0.0, 1.0] [0.0, 1.0] [0.0, 1.0] [0.0, 1.0] [0.0, 1.0] [0.0, 1.0] [0.0, 1.0] [0.0, 1.0] [0.0, 1.0] [0.0, 1.0] [0.0, 1.0] [0.0, 1.0] [0.0, 1.0] [0.0, 1.0] [0.0, 1.0] [0.0, 1.0] [0.0, 1.0] [0.0, 1.0] [0.0, 1.0] [0.0, 1.0] [0.0, 1.0] [0.0, 1.0] [0.0, 1.0] [0.0, 1.0] [0.0, 1.0] [0.0, 1.0] [0.0, 1.0] [0.0, 1.0] [0.0, 1.0] [0.0, 1.0] [0.0, 1.0] [0.0, 1.0] [0.0, 1.0] [0.0, 1.0] [0.0, 1.0] [0.0, 1.0] [0.0, 1.0] [0.0, 1.0] [0.0, 1.0] [0.0, 1.0] [0.0, 1.0] [0.0, 1.0] [0.0, 1.0] [0.0, 1.0] [0.0, 1.0] [0.0, 1.0] [0.0, 1.0] [0.0, 1.0] [0.0, 1.0] [0.0, 1.0] [0.0, 1.0] [0.0, 1.0] [0.0, 1.0] [0.0, 1.0] [0.0, 1.0] [0.0, 1.0] [0.0, 1.0] [0.0, 1.0] [0.0, 1.0] [0.0, 1.0] [0.0, 1.0] [0.0, 1.0] [0.0, 1.0] [0.0, 1.0] [0.0, 1.0] [0.0, 1.0] [0.0, 1.0] [0.0, 1.0] [0.0, 1.0] [0.0, 1.0] [0.0, 1.0] [0.0, 1.0] [0.0, 1.0] [0.0, 1.0] [0.0, 1.0] [0.0, 1.0] [0.0, 1.0] [0.0, 1.0] [0.0, 1.0] [0.0, 1.0] [0.0, 1.0] [0.0, 1.0] [0.0, 1.0] [0.0, 1.0] [0.0, 1.0] [0.0, 1.0] [0.0, 1.0] [0.0, 1.0] [0.0, 1.0] [0.0, 1.0] [0.0, 1.0] [0.0, 1.0] [0.0, 1.0] [0.0, 1.0] [0.0, 1.0] [0.0, 1.0] [0.0, 1.0] [0.0, 1.0] [0.0, 1.0] [0.0, 1.0] [0.0, 1.0] [0.0, 1.0] [0.0, 1.0] [0.0, 1.0] [0.0, 1.0] [0.0, 1.0] [0.0, 1.0] [0.0, 1.0] [0.0, 1.0] [0.0, 1.0] [0.0, 1.0] [0.0, 1.0] [0.0, 1.0] [0.0, 1.0] [0.0, 1.0] [0.0, 1.0] [0.0, 1.0] [0.0, 1.0] [0.0, 1.0] [0.0, 1.0] [0.0, 1.0] [0.0, 1.0] [0.0, 1.0] [0.0, 1.0] [0.0, 1.0] [0.0, 1.0] [0.0, 1.0] [0.0, 1.0] [0.0, 1.0] [0.0, 1.0] [0.0, 1.0] [0.0, 1.0] [0.0, 1.0] [0.0, 1.0] [0.0, 1.0] [0.0, 1.0] [0.0, 1.0] [0.0, 1.0] [0.0, 1.0] [0.0, 1.0] [0.0, 1.0] [0.0, 1.0] [0.0, 1.0] [0.0, 1.0] [0.0, 1.0] [0.0, 1.0] [0.0, 1.0] [0.0, 1.0] [0.0, 1.0] [0.0, 1.0] [0.0, 1.0] [0.0, 1.0] [0.0, 1.0] [0.0, 1.0] [0.0, 1.0] [0.0, 1.0] [0.0, 1.0] [0.0, 1.0] [0.0, 1.0] [0.0, 1.0] [0.0, 1.0] [0.0, 1.0] [0.0, 1.0] [0.0, 1.0] [0.0, 1.0] [0.0, 1.0] [0.0, 1.0] [0.0, 1.0] [0.0, 1.0] [0.0, 1.0] [0.0, 1.0] [0.0, 1.0] [0.0, 1.0] [0.0, 1.0] [0.0, 1.0] [0.0, 1.0] [0.0, 1.0] [0.0, 1.0] 
    1: [0.0, 2.0] [0.0, 2.0] [0.0, 2.0] [0.0, 2.0] [0.0, 2.0] [0.0, 2.0] [0.0, 2.0] [0.0, 2.0] [0.0, 2.0] [0.0, 2.0] [0.0, 2.0] [0.0, 2.0] [0.0, 2.0] [0.0, 2.0] [0.0, 2.0] [0.0, 2.0] [0.0, 2.0] [0.0, 2.0] [0.0, 2.0] [0.0, 2.0] [0.0, 2.0] [0.0, 2.0] [0.0, 2.0] [0.0, 2.0] [0.0, 2.0] [0.0, 2.0] [0.0, 2.0] [0.0, 2.0] [0.0, 2.0] [0.0, 2.0] [0.0, 2.0] [0.0, 2.0] [0.0, 2.0] [0.0, 2.0] [0.0, 2.0] [0.0, 2.0] [0.0, 2.0] [0.0, 2.0] [0.0, 2.0] [0.0, 2.0] [0.0, 2.0] [0.0, 2.0] [0.0, 2.0] [0.0, 2.0] [0.0, 2.0] [0.0, 2.0] [0.0, 2.0] [0.0, 2.0] [0.0, 2.0] [0.0, 2.0] [0.0, 2.0] [0.0, 2.0] [0.0, 2.0] [0.0, 2.0] [0.0, 2.0] [0.0, 2.0] [0.0, 2.0] [0.0, 2.0] [0.0, 2.0] [0.0, 2.0] [0.0, 2.0] [0.0, 2.0] [0.0, 2.0] [0.0, 2.0] [0.0, 2.0] [0.0, 2.0] [0.0, 2.0] [0.0, 2.0] [0.0, 2.0] [0.0, 2.0] [0.0, 2.0] [0.0, 2.0] [0.0, 2.0] [0.0, 2.0] [0.0, 2.0] [0.0, 2.0] [0.0, 2.0] [0.0, 2.0] [0.0, 2.0] [0.0, 2.0] [0.0, 2.0] [0.0, 2.0] [0.0, 2.0] [0.0, 2.0] [0.0, 2.0] [0.0, 2.0] [0.0, 2.0] [0.0, 2.0] [0.0, 2.0] [0.0, 2.0] [0.0, 2.0] [0.0, 2.0] [0.0, 2.0] [0.0, 2.0] [0.0, 2.0] [0.0, 2.0] [0.0, 2.0] [0.0, 2.0] [0.0, 2.0] [0.0, 2.0] [0.0, 2.0] [0.0, 2.0] [0.0, 2.0] [0.0, 2.0] [0.0, 2.0] [0.0, 2.0] [0.0, 2.0] [0.0, 2.0] [0.0, 2.0] [0.0, 2.0] [0.0, 2.0] [0.0, 2.0] [0.0, 2.0] [0.0, 2.0] [0.0, 2.0] [0.0, 2.0] [0.0, 2.0] [0.0, 2.0] [0.0, 2.0] [0.0, 2.0] [0.0, 2.0] [0.0, 2.0] [0.0, 2.0] [0.0, 2.0] [0.0, 2.0] [0.0, 2.0] [0.0, 2.0] [0.0, 2.0] [0.0, 2.0] [0.0, 2.0] [0.0, 2.0] [0.0, 2.0] [0.0, 2.0] [0.0, 2.0] [0.0, 2.0] [0.0, 2.0] [0.0, 2.0] [0.0, 2.0] [0.0, 2.0] [0.0, 2.0] [0.0, 2.0] [0.0, 2.0] [0.0, 2.0] [0.0, 2.0] [0.0, 2.0] [0.0, 2.0] [0.0, 2.0] [0.0, 2.0] [0.0, 2.0] [0.0, 2.0] [0.0, 2.0] [0.0, 2.0] [0.0, 2.0] [0.0, 2.0] [0.0, 2.0] [0.0, 2.0] [0.0, 2.0] [0.0, 2.0] [0.0, 2.0] [0.0, 2.0] [0.0, 2.0] [0.0, 2.0] [0.0, 2.0] [0.0, 2.0] [0.0, 2.0] [0.0, 2.0] [0.0, 2.0] [0.0, 2.0] [0.0, 2.0] [0.0, 2.0] [0.0, 2.0] [0.0, 2.0] [0.0, 2.0] [0.0, 2.0] [0.0, 2.0] [0.0, 2.0] [0.0, 2.0] [0.0, 2.0] [0.0, 2.0] [0.0, 2.0] [0.0, 2.0] [0.0, 2.0] [0.0, 2.0] [0.0, 2.0] [0.0, 2.0] [0.0, 2.0] [0.0, 2.0] [0.0, 2.0] [0.0, 2.0] [0.0, 2.0] [0.0, 2.0] [0.0, 2.0] [0.0, 2.0] [0.0, 2.0] [0.0, 2.0] [0.0, 2.0] [0.0, 2.0] [0.0, 2.0] [0.0, 2.0] [0.0, 2.0] [0.0, 2.0] [0.0, 2.0] [0.0, 2.0] [0.0, 2.0] [0.0, 2.0] [0.0, 2.0] [0.0, 2.0] [0.0, 2.0] [0.0, 2.0] [0.0, 2.0] [0.0, 2.0] [0.0, 2.0] [0.0, 2.0] [0.0, 2.0] [0.0, 2.0] [0.0, 2.0] [0.0, 2.0] [0.0, 2.0] [0.0, 2.0] [0.0, 2.0] [0.0, 2.0] [0.0, 2.0] [0.0, 2.0] [0.0, 2.0] [0.0, 2.0] [0.0, 2.0] [0.0, 2.0] [0.0, 2.0] [0.0, 2.0] [0.0, 2.0] [0.0, 2.0] [0.0, 2.0] [0.0, 2.0] [0.0, 2.0] [0.0, 2.0] [0.0, 2.0] [0.0, 2.0] [0.0, 2.0] [0.0, 2.0] [0.0, 2.0] [0.0, 2.0] [0.0, 2.0] [0.0, 2.0] [0.0, 2.0] [0.0, 2.0] [0.0, 2.0] [0.0, 2.0] [0.0, 2.0] [0.0, 2.0] [0.0, 2.0] [0.0, 2.0] [0.0, 2.0] [0.0, 2.0] [0.0, 2.0] [0.0, 2.0] [0.0, 2.0] [0.0, 2.0] [0.0, 2.0] [0.0, 2.0] [0.0, 2.0] [0.0, 2.0] [0.0, 2.0] [0.0, 2.0] [0.0, 2.0] [0.0, 2.0] [0.0, 2.0] [0.0, 2.0] [0.0, 2.0] [0.0, 2.0] [0.0, 2.0] [0.0, 2.0] [0.0, 2.0] [0.0, 2.0] [0.0, 2.0] [0.0, 2.0] [0.0, 2.0] [0.0, 2.0] [0.0, 2.0] [0.0, 2.0] [0.0, 2.0] [0.0, 2.0] [0.0, 2.0] [0.0, 2.0] [0.0, 2.0] [0.0, 2.0] [0.0, 2.0] [0.0, 2.0] [0.0, 2.0] [0.0, 2.0] [0.0, 2.0] [0.0, 2.0] [0.0, 2.0] [0.0, 2.0] [0.0, 2.0] [0.0, 2.0] [0.0, 2.0] [0.0, 2.0] [0.0, 2.0] [0.0, 2.0] [0.0, 2.0] [0.0, 2.0] [0.0, 2.0] [0.0, 2.0] [0.0, 2.0] [0.0, 2.0] [0.0, 2.0] [0.0, 2.0] [0.0, 2.0] [0.0, 2.0] [0.0, 2.0] [0.0, 2.0] [0.0, 2.0] [0.0, 2.0] [0.0, 2.0] [0.0, 2.0] [0.0, 2.0] [0.0, 2.0] [0.0, 2.0] [0.0, 2.0] [0.0, 2.0] [0.0, 2.0] [0.0, 2.0] [0.0, 2.0] [0.0, 2.0] [0.0, 2.0] [0.0, 2.0] [0.0, 2.0] [0.0, 2.0] [0.0, 2.0] [0.0, 2.0] [0.0, 2.0] [0.0, 2.0] [0.0, 2.0] [0.0, 2.0] [0.0, 2.0] [0.0, 2.0] [0.0, 2.0] [0.0, 2.0] [0.0, 2.0] [0.0, 2.0] [0.0, 2.0] [0.0, 2.0] [0.0, 2.0] [0.0, 2.0] [0.0, 2.0] [0.0, 2.0] [0.0, 2.0] [0.0, 2.0] [0.0, 2.0] [0.0, 2.0] [0.0, 2.0] [0.0, 2.0] [0.0, 2.0] [0.0, 2.0] [0.0, 2.0] [0.0, 2.0] [0.0, 2.0] [0.0, 2.0] [0.0, 2.0] [0.0, 2.0] [0.0, 2.0] [0.0, 2.0] [0.0, 2.0] [0.0, 2.0] [0.0, 2.0] [0.0, 2.0] [0.0, 2.0] [0.0, 2.0] [0.0, 2.0] [0.0, 2.0] [0.0, 2.0] [0.0, 2.0] [0.0, 2.0] [0.0, 2.0] [0.0, 2.0] [0.0, 2.0] [0.0, 2.0] [0.0, 2.0] [0.0, 2.0] [0.0, 2.0] [0.0, 2.0] [0.0, 2.0] [0.0, 2.0] [0.0, 2.0] [0.0, 2.0] [0.0, 2.0] [0.0, 2.0] [0.0, 2.0] [0.0, 2.0] [0.0, 2.0] [0.0, 2.0] [0.0, 2.0] [0.0, 2.0] [0.0, 2.0] [0.0, 2.0] [0.0, 2.0] [0.0, 2.0] [0.0, 2.0] [0.0, 2.0] [0.0, 2.0] [0.0, 2.0] [0.0, 2.0] [0.0, 2.0] [0.0, 2.0] [0.0, 2.0] [0.0, 2.0] [0.0, 2.0] [0.0, 2.0] [0.0, 2.0] [0.0, 2.0] [0.0, 2.0] [0.0, 2.0] [0.0, 2.0] [0.0, 2.0] [0.0, 2.0] [0.0, 2.0] [0.0, 2.0] [0.0, 2.0] [0.0, 2.0] [0.0, 2.0] [0.0, 2.0] [0.0, 2.0] [0.0, 2.0] [0.0, 2.0] [0.0, 2.0] [0.0, 2.0] [0.0, 2.0] [0.0, 2.0] [0.0, 2.0] [0.0, 2.0] [0.0, 2.0] [0.0, 2.0] [0.0, 2.0] [0.0, 2.0] [0.0, 2.0] [0.0, 2.0] [0.0, 2.0] [0.0, 2.0] [0.0, 2.0] [0.0, 2.0] [0.0, 2.0] [0.0, 2.0] [0.0, 2.0] [0.0, 2.0] [0.0, 2.0] [0.0, 2.0] [0.0, 2.0] [0.0, 2.0] [0.0, 2.0] [0.0, 2.0] [0.0, 2.0] [0.0, 2.0] [0.0, 2.0] [0.0, 2.0] [0.0, 2.0] [0.0, 2.0] [0.0, 2.0] [0.0, 2.0] [0.0, 2.0] [0.0, 2.0] [0.0, 2.0] 
    2: [0.0, 2.0] [0.0, 2.0] [0.0, 2.0] [0.0, 2.0] [0.0, 2.0] [0.0, 2.0] [0.0, 2.0] [0.0, 2.0] [0.0, 2.0] [0.0, 2.0] [0.0, 2.0] [0.0, 2.0] [0.0, 2.0] [0.0, 2.0] [0.0, 2.0] [0.0, 2.0] [0.0, 2.0] [0.0, 2.0] [0.0, 2.0] [0.0, 2.0] [0.0, 2.0] [0.0, 2.0] [0.0, 2.0] [0.0, 2.0] [0.0, 2.0] [0.0, 2.0] [0.0, 2.0] [0.0, 2.0] [0.0, 2.0] [0.0, 2.0] [0.0, 2.0] [0.0, 2.0] [0.0, 2.0] [0.0, 2.0] [0.0, 2.0] [0.0, 2.0] [0.0, 2.0] [0.0, 2.0] [0.0, 2.0] [0.0, 2.0] [0.0, 2.0] [0.0, 2.0] [0.0, 2.0] [0.0, 2.0] [0.0, 2.0] [0.0, 2.0] [0.0, 2.0] [0.0, 2.0] [0.0, 2.0] [0.0, 2.0] [0.0, 2.0] [0.0, 2.0] [0.0, 2.0] [0.0, 2.0] [0.0, 2.0] [0.0, 2.0] [0.0, 2.0] [0.0, 2.0] [0.0, 2.0] [0.0, 2.0] [0.0, 2.0] [0.0, 2.0] [0.0, 2.0] [0.0, 2.0] [0.0, 2.0] [0.0, 2.0] [0.0, 2.0] [0.0, 2.0] [0.0, 2.0] [0.0, 2.0] [0.0, 2.0] [0.0, 2.0] [0.0, 2.0] [0.0, 2.0] [0.0, 2.0] [0.0, 2.0] [0.0, 2.0] [0.0, 2.0] [0.0, 2.0] [0.0, 2.0] [0.0, 2.0] [0.0, 2.0] [0.0, 2.0] [0.0, 2.0] [0.0, 2.0] [0.0, 2.0] [0.0, 2.0] [0.0, 2.0] [0.0, 2.0] [0.0, 2.0] [0.0, 2.0] [0.0, 2.0] [0.0, 2.0] [0.0, 2.0] [0.0, 2.0] [0.0, 2.0] [0.0, 2.0] [0.0, 2.0] [0.0, 2.0] [0.0, 2.0] [0.0, 2.0] [0.0, 2.0] [0.0, 2.0] [0.0, 2.0] [0.0, 2.0] [0.0, 2.0] [0.0, 2.0] [0.0, 2.0] [0.0, 2.0] [0.0, 2.0] [0.0, 2.0] [0.0, 2.0] [0.0, 2.0] [0.0, 2.0] [0.0, 2.0] [0.0, 2.0] [0.0, 2.0] [0.0, 2.0] [0.0, 2.0] [0.0, 2.0] [0.0, 2.0] [0.0, 2.0] [0.0, 2.0] [0.0, 2.0] [0.0, 2.0] [0.0, 2.0] [0.0, 2.0] [0.0, 2.0] [0.0, 2.0] [0.0, 2.0] [0.0, 2.0] [0.0, 2.0] [0.0, 2.0] [0.0, 2.0] [0.0, 2.0] [0.0, 2.0] [0.0, 2.0] [0.0, 2.0] [0.0, 2.0] [0.0, 2.0] [0.0, 2.0] [0.0, 2.0] [0.0, 2.0] [0.0, 2.0] [0.0, 2.0] [0.0, 2.0] [0.0, 2.0] [0.0, 2.0] [0.0, 2.0] [0.0, 2.0] [0.0, 2.0] [0.0, 2.0] [0.0, 2.0] [0.0, 2.0] [0.0, 2.0] [0.0, 2.0] [0.0, 2.0] [0.0, 2.0] [0.0, 2.0] [0.0, 2.0] [0.0, 2.0] [0.0, 2.0] [0.0, 2.0] [0.0, 2.0] [0.0, 2.0] [0.0, 2.0] [0.0, 2.0] [0.0, 2.0] [0.0, 2.0] [0.0, 2.0] [0.0, 2.0] [0.0, 2.0] [0.0, 2.0] [0.0, 2.0] [0.0, 2.0] [0.0, 2.0] [0.0, 2.0] [0.0, 2.0] [0.0, 2.0] [0.0, 2.0] [0.0, 2.0] [0.0, 2.0] [0.0, 2.0] [0.0, 2.0] [0.0, 2.0] [0.0, 2.0] [0.0, 2.0] [0.0, 2.0] [0.0, 2.0] [0.0, 2.0] [0.0, 2.0] [0.0, 2.0] [0.0, 2.0] [0.0, 2.0] [0.0, 2.0] [0.0, 2.0] [0.0, 2.0] [0.0, 2.0] [0.0, 2.0] [0.0, 2.0] [0.0, 2.0] [0.0, 2.0] [0.0, 2.0] [0.0, 2.0] [0.0, 2.0] [0.0, 2.0] [0.0, 2.0] [0.0, 2.0] [0.0, 0.0] [0.0, 0.0] [0.0, 0.0] [0.0, 0.0] [0.0, 0.0] [0.0, 0.0] [0.0, 0.0] [0.0, 0.0] [0.0, 0.0] [0.0, 0.0] [0.0, 0.0] [0.0, 0.0] [0.0, 0.0] [0.0, 0.0] [0.0, 0.0] [0.0, 0.0] [0.0, 0.0] [0.0, 0.0] [0.0, 0.0] [0.0, 0.0] [0.0, 0.0] [0.0, 0.0] [0.0, 0.0] [0.0, 0.0] [0.0, 0.0] [0.0, 0.0] [0.0, 0.0] [0.0, 0.0] [0.0, 0.0] [0.0, 0.0] [0.0, 0.0] [0.0, 0.0] [0.0, 0.0] [0.0, 0.0] [0.0, 0.0] [0.0, 0.0] [0.0, 0.0] [0.0, 0.0] [0.0, 0.0] [0.0, 0.0] [0.0, 0.0] [0.0, 0.0] [0.0, 0.0] [0.0, 0.0] [0.0, 0.0] [0.0, 0.0] [0.0, 0.0] [0.0, 0.0] [0.0, 0.0] [0.0, 0.0] [0.0, 0.0] [0.0, 0.0] [0.0, 0.0] [0.0, 0.0] [0.0, 0.0] [0.0, 0.0] [0.0, 0.0] [0.0, 0.0] [0.0, 0.0] [0.0, 0.0] [0.0, 0.0] [0.0, 0.0] [0.0, 2.0] [0.0, 2.0] [0.0, 2.0] [0.0, 2.0] [0.0, 2.0] [0.0, 2.0] [0.0, 2.0] [0.0, 2.0] [0.0, 2.0] [0.0, 2.0] [0.0, 2.0] [0.0, 2.0] [0.0, 2.0] [0.0, 2.0] [0.0, 2.0] [0.0, 2.0] [0.0, 2.0] [0.0, 2.0] [0.0, 2.0] [0.0, 2.0] [0.0, 2.0] [0.0, 2.0] [0.0, 2.0] [0.0, 2.0] [0.0, 2.0] [0.0, 2.0] [0.0, 2.0] [0.0, 2.0] [0.0, 2.0] [0.0, 2.0] [0.0, 2.0] [0.0, 2.0] [0.0, 2.0] [0.0, 2.0] [0.0, 2.0] [0.0, 2.0] [0.0, 2.0] [0.0, 2.0] [0.0, 2.0] [0.0, 2.0] [0.0, 2.0] [0.0, 2.0] [0.0, 2.0] [0.0, 2.0] [0.0, 2.0] [0.0, 2.0] [0.0, 2.0] [0.0, 2.0] [0.0, 2.0] [0.0, 2.0] [0.0, 2.0] [0.0, 2.0] [0.0, 2.0] [0.0, 2.0] [0.0, 2.0] [0.0, 2.0] [0.0, 2.0] [0.0, 2.0] [0.0, 2.0] [0.0, 2.0] [0.0, 2.0] [0.0, 2.0] [0.0, 2.0] [0.0, 2.0] [0.0, 2.0] [0.0, 2.0] [0.0, 2.0] [0.0, 2.0] [0.0, 2.0] [0.0, 2.0] [0.0, 2.0] [0.0, 2.0] [0.0, 2.0] [0.0, 2.0] [0.0, 2.0] [0.0, 2.0] [0.0, 2.0] [0.0, 2.0] [0.0, 2.0] [0.0, 2.0] [0.0, 2.0] [0.0, 2.0] [0.0, 2.0] [0.0, 2.0] [0.0, 2.0] [0.0, 2.0] [0.0, 2.0] [0.0, 2.0] [0.0, 2.0] [0.0, 2.0] [0.0, 2.0] [0.0, 2.0] [0.0, 2.0] [0.0, 2.0] [0.0, 2.0] [0.0, 2.0] [0.0, 2.0] [0.0, 2.0] [0.0, 2.0] [0.0, 2.0] [0.0, 2.0] [0.0, 2.0] [0.0, 2.0] [0.0, 2.0] [0.0, 2.0] [0.0, 2.0] [0.0, 2.0] [0.0, 2.0] [0.0, 2.0] [0.0, 2.0] [0.0, 2.0] [0.0, 2.0] [0.0, 2.0] [0.0, 2.0] [0.0, 2.0] [0.0, 2.0] [0.0, 2.0] [0.0, 2.0] [0.0, 2.0] [0.0, 2.0] [0.0, 2.0] [0.0, 2.0] [0.0, 2.0] [0.0, 2.0] [0.0, 2.0] [0.0, 2.0] [0.0, 2.0] [0.0, 2.0] [0.0, 2.0] [0.0, 2.0] [0.0, 2.0] [0.0, 2.0] [0.0, 2.0] [0.0, 2.0] [0.0, 2.0] [0.0, 2.0] [0.0, 2.0] [0.0, 2.0] [0.0, 2.0] [0.0, 2.0] [0.0, 2.0] [0.0, 2.0] [0.0, 2.0] [0.0, 2.0] [0.0, 2.0] [0.0, 2.0] [0.0, 2.0] [0.0, 2.0] [0.0, 2.0] [0.0, 2.0] [0.0, 2.0] [0.0, 2.0] [0.0, 2.0] [0.0, 2.0] [0.0, 2.0] [0.0, 2.0] [0.0, 0.0] [0.0, 2.0] [0.0, 2.0] [0.0, 2.0] [0.0, 2.0] [0.0, 2.0] [0.0, 2.0] [0.0, 2.0] [0.0, 2.0] [0.0, 2.0] [0.0, 2.0] [0.0, 2.0] [0.0, 2.0] [0.0, 2.0] [0.0, 2.0] [0.0, 2.0] [0.0, 2.0] [0.0, 2.0] [0.0, 2.0] [0.0, 2.0] [0.0, 2.0] [0.0, 2.0] [0.0, 2.0] [0.0, 2.0] [0.0, 2.0] [0.0, 2.0] [0.0, 2.0] [0.0, 2.0] [0.0, 2.0] [0.0, 2.0] [0.0, 2.0] [0.0, 2.0] [0.0, 2.0] [0.0, 2.0] [0.0, 2.0] 
    3: [0.0, 2.0] [0.0, 2.0] [0.0, 2.0] [0.0, 2.0] [0.0, 2.0] [0.0, 2.0] [0.0, 2.0] [0.0, 2.0] [0.0, 2.0] [0.0, 2.0] [0.0, 2.0] [0.0, 2.0] [0.0, 2.0] [0.0, 2.0] [0.0, 2.0] [0.0, 2.0] [0.0, 2.0] [0.0, 2.0] [0.0, 2.0] [0.0, 2.0] [0.0, 2.0] [0.0, 2.0] [0.0, 2.0] [0.0, 2.0] [0.0, 2.0] [0.0, 2.0] [0.0, 2.0] [0.0, 2.0] [0.0, 2.0] [0.0, 2.0] [0.0, 2.0] [0.0, 2.0] [0.0, 2.0] [0.0, 2.0] [0.0, 2.0] [0.0, 2.0] [0.0, 2.0] [0.0, 2.0] [0.0, 2.0] [0.0, 2.0] [0.0, 2.0] [0.0, 2.0] [0.0, 2.0] [0.0, 2.0] [0.0, 2.0] [0.0, 2.0] [0.0, 2.0] [0.0, 2.0] [0.0, 2.0] [0.0, 2.0] [0.0, 2.0] [0.0, 2.0] [0.0, 2.0] [0.0, 2.0] [0.0, 2.0] [0.0, 2.0] [0.0, 2.0] [0.0, 2.0] [0.0, 2.0] [0.0, 2.0] [0.0, 2.0] [0.0, 2.0] [0.0, 2.0] [0.0, 2.0] [0.0, 2.0] [0.0, 2.0] [0.0, 2.0] [0.0, 2.0] [0.0, 2.0] [0.0, 2.0] [0.0, 2.0] [0.0, 2.0] [0.0, 2.0] [0.0, 2.0] [0.0, 2.0] [0.0, 2.0] [0.0, 2.0] [0.0, 2.0] [0.0, 2.0] [0.0, 2.0] [0.0, 2.0] [0.0, 2.0] [0.0, 2.0] [0.0, 2.0] [0.0, 2.0] [0.0, 2.0] [0.0, 2.0] [0.0, 2.0] [0.0, 2.0] [0.0, 2.0] [0.0, 2.0] [0.0, 2.0] [0.0, 2.0] [0.0, 2.0] [0.0, 2.0] [0.0, 2.0] [0.0, 2.0] [0.0, 2.0] [0.0, 2.0] [0.0, 2.0] [0.0, 2.0] [0.0, 2.0] [0.0, 2.0] [0.0, 2.0] [0.0, 2.0] [0.0, 2.0] [0.0, 2.0] [0.0, 2.0] [0.0, 2.0] [0.0, 2.0] [0.0, 2.0] [0.0, 2.0] [0.0, 2.0] [0.0, 2.0] [0.0, 2.0] [0.0, 2.0] [0.0, 2.0] [0.0, 2.0] [0.0, 2.0] [0.0, 2.0] [0.0, 2.0] [0.0, 2.0] [0.0, 2.0] [0.0, 2.0] [0.0, 2.0] [0.0, 2.0] [0.0, 2.0] [0.0, 2.0] [0.0, 2.0] [0.0, 2.0] [0.0, 2.0] [0.0, 2.0] [0.0, 2.0] [0.0, 2.0] [0.0, 2.0] [0.0, 0.0] [0.0, 2.0] [0.0, 2.0] [0.0, 2.0] [0.0, 2.0] [0.0, 2.0] [0.0, 2.0] [0.0, 0.0] [0.0, 0.0] [0.0, 2.0] [0.0, 0.0] [0.0, 2.0] [0.0, 2.0] [0.0, 2.0] [0.0, 2.0] [0.0, 2.0] [0.0, 2.0] [0.0, 2.0] [0.0, 2.0] [0.0, 2.0] [0.0, 2.0] [0.0, 2.0] [0.0, 2.0] [0.0, 2.0] [0.0, 2.0] [0.0, 2.0] [0.0, 2.0] [0.0, 2.0] [0.0, 2.0] [0.0, 2.0] [0.0, 2.0] [0.0, 2.0] [0.0, 2.0] [0.0, 2.0] [0.0, 2.0] [0.0, 2.0] [0.0, 2.0] [0.0, 2.0] [0.0, 2.0] [0.0, 2.0] [0.0, 2.0] [0.0, 2.0] [0.0, 2.0] [0.0, 2.0] [0.0, 2.0] [0.0, 2.0] [0.0, 2.0] [0.0, 2.0] [0.0, 2.0] [0.0, 2.0] [0.0, 2.0] [0.0, 2.0] [0.0, 2.0] [0.0, 2.0] [0.0, 2.0] [0.0, 2.0] [0.0, 2.0] [0.0, 2.0] [0.0, 2.0] [0.0, 2.0] [0.0, 2.0] [0.0, 2.0] [0.0, 2.0] [0.0, 2.0] [0.0, 2.0] [0.0, 2.0] [0.0, 2.0] [0.0, 2.0] [0.0, 2.0] [0.0, 2.0] [0.0, 2.0] [0.0, 2.0] [0.0, 2.0] [0.0, 2.0] [0.0, 2.0] [0.0, 2.0] [0.0, 2.0] [0.0, 2.0] [0.0, 2.0] [0.0, 2.0] [0.0, 2.0] [0.0, 2.0] [0.0, 2.0] [0.0, 2.0] [0.0, 2.0] [0.0, 0.0] [0.0, 2.0] [0.0, 2.0] [0.0, 2.0] [0.0, 2.0] [0.0, 2.0] [0.0, 2.0] [0.0, 2.0] [0.0, 2.0] [0.0, 2.0] [0.0, 2.0] [0.0, 2.0] [0.0, 2.0] [0.0, 2.0] [0.0, 2.0] [0.0, 2.0] [0.0, 2.0] [0.0, 2.0] [0.0, 2.0] [0.0, 2.0] [0.0, 2.0] [0.0, 2.0] [0.0, 2.0] [0.0, 2.0] [0.0, 2.0] [0.0, 2.0] [0.0, 2.0] [0.0, 2.0] [0.0, 2.0] [0.0, 2.0] [0.0, 2.0] [0.0, 2.0] [0.0, 2.0] [0.0, 2.0] [0.0, 2.0] [0.0, 2.0] [0.0, 2.0] [0.0, 2.0] [0.0, 2.0] [0.0, 2.0] [0.0, 2.0] [0.0, 2.0] [0.0, 2.0] [0.0, 2.0] [0.0, 2.0] [0.0, 2.0] [0.0, 2.0] [0.0, 2.0] [0.0, 2.0] [0.0, 2.0] [0.0, 2.0] [0.0, 2.0] [0.0, 2.0] [0.0, 2.0] [0.0, 2.0] [0.0, 2.0] [0.0, 2.0] [0.0, 2.0] [0.0, 2.0] [0.0, 2.0] [0.0, 2.0] [0.0, 2.0] [0.0, 2.0] [0.0, 2.0] [0.0, 2.0] [0.0, 2.0] [0.0, 2.0] [0.0, 2.0] [0.0, 2.0] [0.0, 2.0] [0.0, 2.0] [0.0, 2.0] [0.0, 2.0] [0.0, 2.0] [0.0, 2.0] [0.0, 2.0] [0.0, 2.0] [0.0, 2.0] [0.0, 2.0] [0.0, 2.0] [0.0, 2.0] [0.0, 2.0] [0.0, 2.0] [0.0, 2.0] [0.0, 2.0] [0.0, 2.0] [0.0, 2.0] [0.0, 2.0] [0.0, 2.0] [0.0, 2.0] [0.0, 2.0] [0.0, 2.0] [0.0, 2.0] [0.0, 2.0] [0.0, 2.0] [0.0, 0.0] [0.0, 0.0] [0.0, 2.0] [0.0, 2.0] [0.0, 2.0] [0.0, 2.0] [0.0, 2.0] [0.0, 2.0] [0.0, 2.0] [0.0, 2.0] [0.0, 2.0] [0.0, 2.0] [0.0, 2.0] [0.0, 2.0] [0.0, 2.0] [0.0, 2.0] [0.0, 0.0] [0.0, 2.0] [0.0, 2.0] [0.0, 2.0] [0.0, 2.0] [0.0, 2.0] [0.0, 2.0] [0.0, 2.0] [0.0, 2.0] [0.0, 2.0] [0.0, 2.0] [0.0, 2.0] [0.0, 2.0] [0.0, 2.0] [0.0, 2.0] [0.0, 2.0] [0.0, 2.0] [0.0, 2.0] [0.0, 2.0] [0.0, 2.0] [0.0, 2.0] [0.0, 2.0] [0.0, 2.0] [0.0, 2.0] [0.0, 2.0] [0.0, 2.0] [0.0, 2.0] [0.0, 2.0] [0.0, 2.0] [0.0, 2.0] [0.0, 2.0] [0.0, 2.0] [0.0, 2.0] [0.0, 2.0] [0.0, 2.0] [0.0, 2.0] [0.0, 2.0] [0.0, 2.0] [0.0, 2.0] [0.0, 2.0] [0.0, 2.0] [0.0, 2.0] [0.0, 2.0] [0.0, 2.0] [0.0, 2.0] [0.0, 2.0] [0.0, 2.0] [0.0, 2.0] [0.0, 2.0] [0.0, 2.0] [0.0, 2.0] [0.0, 2.0] [0.0, 2.0] [0.0, 2.0] [0.0, 2.0] [0.0, 2.0] [0.0, 2.0] [0.0, 2.0] [0.0, 0.0] [0.0, 0.0] [0.0, 2.0] [0.0, 2.0] [0.0, 2.0] [0.0, 2.0] [0.0, 2.0] [0.0, 2.0] [0.0, 2.0] [0.0, 2.0] [0.0, 2.0] [0.0, 2.0] [0.0, 2.0] [0.0, 2.0] [0.0, 2.0] [0.0, 2.0] [0.0, 2.0] [0.0, 2.0] [0.0, 2.0] [0.0, 2.0] [0.0, 2.0] [0.0, 0.0] [0.0, 2.0] [0.0, 2.0] [0.0, 2.0] [0.0, 2.0] [0.0, 2.0] [0.0, 2.0] [0.0, 2.0] [0.0, 2.0] [0.0, 2.0] [0.0, 2.0] [0.0, 2.0] [0.0, 2.0] [0.0, 2.0] [0.0, 2.0] [0.0, 2.0] [0.0, 0.0] [0.0, 0.0] [0.0, 2.0] [0.0, 2.0] [0.0, 2.0] [0.0, 2.0] [0.0, 2.0] [0.0, 2.0] [0.0, 2.0] [0.0, 2.0] [0.0, 2.0] [0.0, 2.0] [0.0, 2.0] [0.0, 0.0] [0.0, 2.0] [0.0, 2.0] [0.0, 2.0] [0.0, 2.0] [0.0, 2.0] [0.0, 2.0] [0.0, 2.0] [0.0, 2.0] [0.0, 2.0] [0.0, 2.0] [0.0, 2.0] [0.0, 2.0] [0.0, 2.0] [0.0, 2.0] [0.0, 2.0] [0.0, 2.0] [0.0, 2.0] [0.0, 2.0] [0.0, 2.0] [0.0, 2.0] [0.0, 2.0] 
  Output fraction of data:
choice: (0.579 0.452 0.554 0.439 0.558 0.500 0.296 0.499 0.577 0.529 0.552 0.469 0.603 0.609 0.611 0.447 0.497 0.492 0.425 0.475 0.362 0.551 0.530 0.467 0.450 0.535 0.544 0.477 0.561 0.577 0.478 0.533 0.453 0.541 0.653 0.487 0.425 0.501 0.504 0.465 0.537 0.516 0.608 0.544 0.416 0.405 0.466 0.290 0.717 0.559 0.637 0.482 0.506 0.670 0.576 0.601 0.539 0.517 0.568 0.499 0.455 0.458 0.601 0.641 0.499 0.519 0.579 0.681 0.626 0.617 0.556 0.560 0.489 0.484 0.420 0.347 0.325 0.387 0.515 0.603 0.387 0.607 0.408 0.469 0.513 0.594 0.634 0.470 0.482 0.434 0.482 0.507 0.660 0.641 0.445 0.493 0.626 0.368 0.733 0.607 0.531 0.499 0.381 0.354 0.380 0.526 0.515 0.529 0.446 0.436 0.605 0.513 0.597 0.670 0.205 0.657 0.743 0.500 0.443 0.605 0.464 0.436 0.541 0.470 0.586 0.401 0.442 0.448 0.476 0.906 0.779 0.535 0.596 0.534 0.561 0.631 0.330 0.284 0.376 0.342 0.646 0.584 0.582 0.635 0.339 0.276 0.913 0.570 0.545 0.613 0.637 0.630 0.584 0.695 0.491 0.551 0.514 0.547 0.381 0.431 0.508 0.373 0.504 0.635 0.502 0.520 0.474 0.415 0.535 0.451 0.432 0.566 0.639 0.443 0.574 0.451 0.549 0.550 0.466 0.396 0.415 0.429 0.338 0.525 0.548 0.434 0.359 0.298 0.429 0.315 0.485 0.434 0.267 0.288 0.354 0.220 0.312 0.453 0.378 0.230 0.499 0.529 0.444 0.421 0.408 0.357 0.326 0.393 0.578 0.485 0.454 0.520 0.481 0.566 0.486 0.510 0.613 0.628 0.765 0.435 0.512 0.506 0.639 0.710 0.598 0.512 0.490 0.539 0.710 0.543 0.553 0.512 0.686 0.601 0.528 0.396 0.416 0.432 0.457 0.294 0.273 0.406 0.346 0.475 0.393 0.469 0.431 0.364 0.587 0.569 0.517 0.350 0.482 0.535 0.486 0.503 0.518 0.481 0.290 0.436 0.502 0.455 0.632 0.551 0.554 0.432 0.545 0.521 0.494 0.466 0.588 0.678 0.619 0.632 0.597 0.523 0.509 0.539 0.559 0.407 0.496 0.518 0.466 0.521 0.595 0.405 0.490 0.577 0.668 0.474 0.472 0.434 0.392 0.500 0.555 0.693 0.412 0.400 0.639 0.420 0.468 0.513 0.420 0.431 0.584 0.590 0.495 0.550 0.629 0.842 0.493 0.606 0.488 0.647 0.654 0.511 0.533 0.591 0.592 0.549 0.492 0.582 0.515 0.490 0.521 0.550 0.581 0.395 0.532 0.433 0.380 0.681 0.603 0.685 0.339 0.402 0.301 0.353 0.359 0.373 0.421 0.410 0.629 0.542 0.517 0.538 0.474 0.524 0.467 0.594 0.401 0.447 0.409 0.322 0.216 0.467 0.607 0.587 0.417 0.422 0.432 0.547 0.449 0.365 0.595 0.529 0.521 0.602 0.713 0.512 0.511 0.582 0.704 0.708 0.624 0.445 0.413 0.446 0.405 0.454 0.471 0.510 0.486 0.439 0.388 0.430 0.480 0.587 0.480 0.540 0.552 0.333 0.569 0.482 0.442 0.460 0.443 0.486 0.426 0.592 0.594 0.469 0.369 0.631 0.528 0.606 0.491 0.423 0.312 0.485 0.551 0.482 0.477 0.406 0.548 0.555 0.633 0.588 0.577 0.574 0.560 0.384 0.398 0.781 0.557 0.535 0.335 0.489 0.438 0.481 0.472 0.534 0.659 0.572 0.423 0.404 0.487 0.455 0.387 0.512 0.529 0.305 0.369 0.581 0.438 0.446 0.426 0.398 0.350 0.435 0.567 0.427 0.407 0.506 0.522 0.482 0.515 0.493 0.470 0.522 0.486)  0.421 0.548 0.446 0.561 0.442 0.500 0.704 0.501 0.423 0.471 0.448 0.531 0.397 0.391 0.389 0.553 0.503 0.508 0.575 0.525 0.638 0.449 0.470 0.533 0.550 0.465 0.456 0.523 0.439 0.423 0.522 0.467 0.547 0.459 0.347 0.513 0.575 0.499 0.496 0.535 0.463 0.484 0.392 0.456 0.584 0.595 0.534 0.710 0.283 0.441 0.363 0.518 0.494 0.330 0.424 0.399 0.461 0.483 0.432 0.501 0.545 0.542 0.399 0.359 0.501 0.481 0.421 0.319 0.374 0.383 0.444 0.440 0.511 0.516 0.580 0.653 0.675 0.613 0.485 0.397 0.613 0.393 0.592 0.531 0.487 0.406 0.366 0.530 0.518 0.566 0.518 0.493 0.340 0.359 0.555 0.507 0.374 0.632 0.267 0.393 0.469 0.501 0.619 0.646 0.620 0.474 0.485 0.471 0.554 0.564 0.395 0.487 0.403 0.330 0.795 0.343 0.257 0.500 0.557 0.395 0.536 0.564 0.459 0.530 0.414 0.599 0.558 0.552 0.524 0.094 0.221 0.465 0.404 0.466 0.439 0.369 0.670 0.716 0.624 0.658 0.354 0.416 0.418 0.365 0.661 0.724 0.087 0.430 0.455 0.387 0.363 0.370 0.416 0.305 0.509 0.449 0.486 0.453 0.619 0.569 0.492 0.627 0.496 0.365 0.497 0.480 0.526 0.585 0.465 0.549 0.568 0.434 0.361 0.557 0.426 0.549 0.451 0.450 0.534 0.604 0.585 0.571 0.662 0.475 0.452 0.566 0.641 0.702 0.571 0.685 0.515 0.566 0.733 0.712 0.646 0.780 0.688 0.547 0.622 0.770 0.501 0.471 0.556 0.579 0.592 0.643 0.674 0.607 0.422 0.515 0.546 0.480 0.519 0.434 0.514 0.490 0.387 0.372 0.235 0.565 0.488 0.494 0.361 0.290 0.402 0.488 0.510 0.461 0.290 0.457 0.447 0.488 0.314 0.399 0.472 0.604 0.584 0.568 0.543 0.706 0.727 0.594 0.654 0.525 0.607 0.531 0.569 0.636 0.413 0.431 0.483 0.650 0.518 0.465 0.514 0.497 0.482 0.519 0.710 0.564 0.498 0.545 0.368 0.449 0.446 0.568 0.455 0.479 0.506 0.534 0.412 0.322 0.381 0.368 0.403 0.477 0.491 0.461 0.441 0.593 0.504 0.482 0.534 0.479 0.405 0.595 0.510 0.423 0.332 0.526 0.528 0.566 0.608 0.500 0.445 0.307 0.588 0.600 0.361 0.580 0.532 0.487 0.580 0.569 0.416 0.410 0.505 0.450 0.371 0.158 0.507 0.394 0.512 0.353 0.346 0.489 0.467 0.409 0.408 0.451 0.508 0.418 0.485 0.510 0.479 0.450 0.419 0.605 0.468 0.567 0.620 0.319 0.397 0.315 0.661 0.598 0.699 0.647 0.641 0.627 0.579 0.590 0.371 0.458 0.483 0.462 0.526 0.476 0.533 0.406 0.599 0.553 0.591 0.678 0.784 0.533 0.393 0.413 0.583 0.578 0.568 0.453 0.551 0.635 0.405 0.471 0.479 0.398 0.287 0.488 0.489 0.418 0.296 0.292 0.376 0.555 0.587 0.554 0.595 0.546 0.529 0.490 0.514 0.561 0.612 0.570 0.520 0.413 0.520 0.460 0.448 0.667 0.431 0.518 0.558 0.540 0.557 0.514 0.574 0.408 0.406 0.531 0.631 0.369 0.472 0.394 0.509 0.577 0.688 0.515 0.449 0.518 0.523 0.594 0.452 0.445 0.367 0.412 0.423 0.426 0.440 0.616 0.602 0.219 0.443 0.465 0.665 0.511 0.562 0.519 0.528 0.466 0.341 0.428 0.577 0.596 0.513 0.545 0.613 0.488 0.471 0.695 0.631 0.419 0.562 0.554 0.574 0.602 0.650 0.565 0.433 0.573 0.593 0.494 0.478 0.518 0.485 0.507 0.530 0.478 0.514)  
prior_probability_left: (0.448 0.511 0.410 0.453 0.375 0.322 0.416 0.310 0.426 0.452 0.417 0.464 0.401 0.289 0.389 0.499 0.323 0.454 0.415 0.393 0.415 0.281 0.376 0.366 0.426 0.372 0.321 0.411 0.396 0.459 0.478 0.443 0.405 0.469 0.378 0.453 0.523 0.442 0.393 0.387 0.408 0.320 0.372 0.424 0.473 0.525 0.428 0.390 0.330 0.447 0.417 0.440 0.470 0.336 0.424 0.424 0.465 0.472 0.346 0.441 0.469 0.394 0.432 0.435 0.452 0.443 0.286 0.303 0.502 0.473 0.411 0.459 0.441 0.401 0.313 0.502 0.507 0.452 0.429 0.429 0.424 0.429 0.426 0.310 0.416 0.426 0.340 0.451 0.421 0.371 0.433 0.426 0.304 0.450 0.454 0.307 0.304 0.301 0.287 0.453 0.418 0.284 0.482 0.405 0.412 0.415 0.447 0.437 0.462 0.412 0.307 0.377 0.425 0.441 0.410 0.375 0.437 0.460 0.446 0.303 0.525 0.400 0.434 0.480 0.390 0.456 0.292 0.417 0.465 0.309 0.431 0.399 0.323 0.424 0.450 0.394 0.420 0.444 0.429 0.318 0.318 0.389 0.450 0.433 0.351 0.454 0.467 0.411 0.462 0.299 0.431 0.439 0.464 0.305 0.367 0.471 0.428 0.406 0.406 0.314 0.427 0.524 0.449 0.282 0.435 0.299 0.449 0.489 0.375 0.418 0.386 0.368 0.413 0.424 0.322 0.388 0.407 0.389 0.457 0.496 0.497 0.374 0.444 0.284 0.411 0.301 0.417 0.466 0.419 0.523 0.372 0.487 0.406 0.393 0.319 0.458 0.414 0.300 0.390 0.467 0.304 0.399 0.429 0.427 0.384 0.468 0.503 0.473 0.340 0.456 0.524 0.369 0.333 0.399 0.376 0.406 0.473 0.506 0.372 0.463 0.464 0.431 0.421 0.311 0.397 0.443 0.383 0.441 0.355 0.406 0.386 0.455 0.299 0.406 0.505 0.316 0.405 0.396 0.432 0.473 0.530 0.425 0.504 0.366 0.459 0.297 0.390 0.419 0.360 0.428 0.377 0.429 0.367 0.295 0.459 0.463 0.307 0.411 0.488 0.373 0.351 0.444 0.304 0.442 0.424 0.524 0.449 0.365 0.463 0.492 0.447 0.435 0.430 0.335 0.454 0.404 0.375 0.422 0.390 0.468 0.429 0.288 0.435 0.458 0.420 0.422 0.407 0.427 0.362 0.317 0.423 0.441 0.443 0.416 0.365 0.289 0.426 0.432 0.394 0.442 0.332 0.403 0.507 0.434 0.409 0.338 0.456 0.457 0.429 0.337 0.407 0.304 0.420 0.290 0.444 0.431 0.374 0.417 0.406 0.472 0.452 0.400 0.297 0.416 0.456 0.299 0.430 0.503 0.416 0.433 0.403 0.420 0.451 0.411 0.431 0.464 0.458 0.456 0.447 0.458 0.454 0.463 0.461 0.460 0.466 0.427 0.459 0.452 0.456 0.416 0.441 0.300 0.426 0.409 0.421 0.421 0.426 0.322 0.430 0.470 0.390 0.340 0.489 0.419 0.400 0.440 0.390 0.449 0.304 0.441 0.468 0.425 0.424 0.402 0.424 0.385 0.433 0.388 0.437 0.425 0.454 0.406 0.299 0.429 0.375 0.418 0.305 0.375 0.381 0.426 0.452 0.440 0.425 0.412 0.422 0.367 0.418 0.304 0.408 0.397 0.403 0.440 0.419 0.418 0.417 0.318 0.534 0.467 0.484 0.458 0.476 0.504 0.425 0.456 0.449 0.420 0.283 0.418 0.469 0.505 0.381 0.558 0.450 0.300 0.423 0.404 0.296 0.426 0.422 0.312 0.424 0.440 0.460 0.409 0.379 0.472 0.410 0.474 0.552 0.404 0.427 0.451 0.439 0.323 0.504 0.491 0.413 0.509 0.370 0.462 0.387 0.550 0.426 0.456 0.418 0.503 0.440 0.474 0.525 0.428 0.517)  0.158 0.213 0.162 0.205 0.167 0.155 0.125 0.134 0.115 0.126 0.097 0.217 0.224 0.203 0.140 0.166 0.166 0.172 0.149 0.172 0.177 0.207 0.165 0.174 0.195 0.178 0.190 0.206 0.212 0.189 0.228 0.169 0.205 0.180 0.155 0.147 0.163 0.127 0.221 0.171 0.181 0.154 0.175 0.089 0.112 0.088 0.129 0.214 0.107 0.141 0.108 0.162 0.179 0.101 0.109 0.089 0.099 0.111 0.099 0.133 0.178 0.192 0.105 0.120 0.145 0.140 0.234 0.180 0.143 0.120 0.201 0.143 0.167 0.093 0.136 0.143 0.152 0.172 0.145 0.130 0.118 0.116 0.121 0.134 0.125 0.109 0.110 0.122 0.114 0.168 0.117 0.120 0.119 0.127 0.158 0.148 0.139 0.178 0.124 0.142 0.115 0.233 0.193 0.228 0.181 0.090 0.120 0.192 0.159 0.197 0.148 0.165 0.129 0.161 0.197 0.179 0.222 0.211 0.169 0.131 0.138 0.202 0.163 0.121 0.109 0.138 0.126 0.113 0.140 0.197 0.130 0.175 0.155 0.114 0.191 0.224 0.106 0.141 0.116 0.136 0.188 0.220 0.223 0.130 0.102 0.205 0.153 0.109 0.206 0.167 0.154 0.100 0.149 0.132 0.178 0.184 0.189 0.078 0.205 0.136 0.128 0.175 0.191 0.225 0.225 0.226 0.224 0.229 0.212 0.198 0.188 0.175 0.212 0.186 0.167 0.217 0.180 0.139 0.204 0.167 0.147 0.227 0.227 0.233 0.209 0.227 0.149 0.154 0.097 0.144 0.163 0.142 0.205 0.220 0.153 0.174 0.178 0.144 0.169 0.177 0.224 0.224 0.121 0.119 0.169 0.128 0.149 0.159 0.110 0.138 0.143 0.213 0.217 0.211 0.165 0.228 0.111 0.215 0.151 0.103 0.108 0.215 0.185 0.184 0.190 0.169 0.168 0.219 0.179 0.196 0.156 0.143 0.172 0.197 0.142 0.137 0.164 0.154 0.163 0.137 0.161 0.215 0.127 0.133 0.153 0.143 0.214 0.184 0.097 0.119 0.180 0.192 0.176 0.174 0.152 0.154 0.148 0.150 0.144 0.143 0.142 0.103 0.119 0.128 0.097 0.122 0.167 0.145 0.126 0.117 0.157 0.199 0.091 0.164 0.139 0.178 0.165 0.120 0.171 0.181 0.116 0.205 0.131 0.150 0.187 0.107 0.179 0.106 0.089 0.153 0.108 0.198 0.138 0.090 0.085 0.121 0.114 0.112 0.110 0.164 0.160 0.205 0.150 0.224 0.208 0.113 0.221 0.124 0.110 0.163 0.199 0.146 0.212 0.219 0.226 0.224 0.164 0.112 0.151 0.211 0.139 0.084 0.143 0.103 0.189 0.177 0.091 0.114 0.103 0.131 0.164 0.117 0.148 0.104 0.224 0.140 0.174 0.189 0.135 0.174 0.137 0.154 0.142 0.196 0.215 0.158 0.144 0.142 0.143 0.112 0.138 0.130 0.121 0.095 0.185 0.107 0.099 0.155 0.189 0.100 0.171 0.110 0.116 0.197 0.153 0.154 0.190 0.136 0.171 0.133 0.161 0.090 0.073 0.076 0.102 0.082 0.099 0.108 0.129 0.114 0.158 0.230 0.228 0.221 0.227 0.184 0.225 0.088 0.164 0.106 0.134 0.133 0.101 0.181 0.105 0.089 0.126 0.186 0.203 0.108 0.085 0.093 0.160 0.211 0.103 0.195 0.099 0.081 0.224 0.164 0.145 0.099 0.089 0.144 0.136 0.158 0.210 0.091 0.081 0.152 0.152 0.159 0.124 0.224 0.105 0.147 0.218 0.097 0.089 0.135 0.102 0.101 0.063 0.072 0.158 0.138 0.134 0.109 0.093 0.084 0.118 0.142 0.222 0.115 0.112 0.095 0.102 0.086 0.162 0.155 0.082 0.093 0.195 0.101 0.088 0.075 0.070 0.079 0.083 0.059 0.074)  0.394 0.277 0.428 0.343 0.458 0.522 0.459 0.557 0.459 0.422 0.486 0.319 0.374 0.508 0.471 0.335 0.510 0.374 0.436 0.435 0.407 0.512 0.459 0.459 0.379 0.450 0.489 0.383 0.392 0.352 0.294 0.388 0.390 0.351 0.466 0.401 0.314 0.431 0.386 0.442 0.410 0.526 0.452 0.486 0.415 0.387 0.443 0.395 0.563 0.412 0.476 0.397 0.351 0.563 0.467 0.487 0.436 0.417 0.555 0.425 0.352 0.414 0.463 0.445 0.403 0.418 0.481 0.517 0.355 0.407 0.388 0.397 0.393 0.506 0.551 0.355 0.342 0.376 0.426 0.441 0.458 0.456 0.452 0.555 0.459 0.465 0.550 0.427 0.465 0.462 0.451 0.453 0.577 0.423 0.387 0.545 0.558 0.521 0.588 0.405 0.468 0.483 0.325 0.367 0.406 0.495 0.433 0.371 0.379 0.390 0.546 0.458 0.446 0.398 0.393 0.446 0.341 0.329 0.384 0.566 0.337 0.398 0.403 0.399 0.501 0.406 0.582 0.470 0.395 0.493 0.438 0.426 0.522 0.462 0.359 0.382 0.474 0.414 0.455 0.547 0.494 0.391 0.327 0.437 0.547 0.340 0.380 0.481 0.332 0.534 0.415 0.461 0.387 0.564 0.456 0.345 0.384 0.516 0.388 0.551 0.445 0.301 0.360 0.492 0.340 0.475 0.327 0.282 0.413 0.385 0.426 0.457 0.375 0.389 0.511 0.395 0.413 0.472 0.339 0.337 0.356 0.399 0.328 0.483 0.381 0.472 0.435 0.380 0.483 0.333 0.465 0.371 0.388 0.388 0.528 0.369 0.408 0.555 0.441 0.356 0.471 0.377 0.450 0.454 0.448 0.404 0.348 0.369 0.550 0.406 0.333 0.417 0.449 0.390 0.459 0.365 0.416 0.279 0.477 0.434 0.428 0.354 0.394 0.505 0.412 0.388 0.449 0.340 0.466 0.397 0.458 0.402 0.529 0.397 0.353 0.548 0.431 0.451 0.405 0.390 0.309 0.360 0.370 0.501 0.388 0.560 0.395 0.397 0.543 0.452 0.443 0.380 0.457 0.531 0.390 0.383 0.546 0.439 0.368 0.484 0.506 0.453 0.577 0.430 0.479 0.354 0.384 0.490 0.410 0.391 0.396 0.366 0.479 0.501 0.407 0.418 0.460 0.458 0.439 0.351 0.455 0.507 0.434 0.393 0.393 0.472 0.415 0.467 0.548 0.530 0.469 0.361 0.418 0.495 0.550 0.590 0.460 0.456 0.496 0.394 0.509 0.392 0.343 0.342 0.383 0.550 0.324 0.419 0.460 0.500 0.394 0.550 0.368 0.491 0.331 0.344 0.462 0.471 0.443 0.317 0.409 0.516 0.560 0.481 0.355 0.525 0.479 0.382 0.481 0.436 0.432 0.462 0.402 0.485 0.344 0.397 0.369 0.355 0.419 0.369 0.409 0.383 0.397 0.344 0.320 0.415 0.397 0.406 0.402 0.471 0.421 0.571 0.452 0.496 0.394 0.472 0.475 0.523 0.382 0.430 0.438 0.550 0.395 0.384 0.447 0.406 0.420 0.416 0.525 0.426 0.371 0.486 0.503 0.522 0.475 0.533 0.468 0.504 0.434 0.461 0.389 0.365 0.473 0.350 0.398 0.398 0.470 0.537 0.455 0.468 0.414 0.427 0.475 0.408 0.473 0.544 0.456 0.510 0.390 0.495 0.512 0.467 0.421 0.371 0.480 0.487 0.367 0.451 0.292 0.378 0.379 0.396 0.486 0.400 0.415 0.422 0.507 0.491 0.451 0.343 0.467 0.283 0.426 0.476 0.472 0.450 0.485 0.476 0.488 0.553 0.474 0.458 0.478 0.519 0.463 0.390 0.455 0.417 0.355 0.512 0.455 0.407 0.339 0.562 0.384 0.414 0.485 0.405 0.468 0.383 0.531 0.357 0.379 0.443 0.494 0.422 0.490 0.447 0.393 0.512 0.409)  
wheel_speed: (0.333 0.333 0.333 0.333 0.333 0.333 0.333 0.333 0.333 0.333 0.333 0.333 0.333 0.333 0.333 0.333 0.333 0.333 0.333 0.333 0.333 0.333 0.333 0.333 0.333 0.333 0.333 0.333 0.333 0.333 0.333 0.333 0.333 0.333 0.333 0.333 0.333 0.333 0.333 0.333 0.333 0.333 0.333 0.333 0.333 0.333 0.333 0.333 0.333 0.333 0.333 0.333 0.333 0.333 0.333 0.333 0.333 0.333 0.333 0.333 0.333 0.333 0.333 0.333 0.333 0.333 0.333 0.333 0.333 0.333 0.333 0.333 0.333 0.333 0.333 0.333 0.333 0.333 0.333 0.333 0.333 0.333 0.333 0.333 0.333 0.333 0.333 0.333 0.333 0.333 0.333 0.333 0.333 0.333 0.333 0.333 0.333 0.333 0.333 0.333 0.333 0.333 0.333 0.333 0.333 0.333 0.333 0.333 0.333 0.333 0.333 0.333 0.333 0.333 0.333 0.333 0.333 0.333 0.333 0.333 0.333 0.333 0.333 0.333 0.333 0.333 0.333 0.333 0.333 0.333 0.333 0.333 0.333 0.333 0.333 0.333 0.333 0.333 0.333 0.333 0.333 0.333 0.333 0.333 0.333 0.333 0.333 0.333 0.333 0.333 0.333 0.333 0.333 0.333 0.333 0.333 0.333 0.333 0.333 0.333 0.333 0.333 0.333 0.333 0.333 0.333 0.333 0.333 0.333 0.333 0.333 0.333 0.333 0.333 0.333 0.333 0.333 0.333 0.333 0.333 0.333 0.333 0.333 0.333 0.333 0.333 0.333 0.333 0.333 0.333 0.333 0.333 0.333 0.333 0.333 0.333 0.333 0.333 0.333 0.333 0.333 0.333 0.333 0.333 0.333 0.333 0.333 0.333 1.000 1.000 1.000 1.000 1.000 1.000 1.000 1.000 1.000 1.000 1.000 1.000 1.000 1.000 1.000 1.000 1.000 1.000 1.000 1.000 1.000 1.000 1.000 1.000 1.000 1.000 1.000 1.000 1.000 1.000 1.000 1.000 1.000 1.000 1.000 1.000 1.000 1.000 1.000 1.000 1.000 1.000 1.000 1.000 1.000 1.000 1.000 1.000 1.000 1.000 1.000 1.000 1.000 1.000 1.000 1.000 1.000 1.000 1.000 1.000 1.000 1.000 0.333 0.333 0.333 0.333 0.333 0.333 0.333 0.333 0.333 0.333 0.333 0.333 0.333 0.333 0.333 0.333 0.333 0.333 0.333 0.333 0.333 0.333 0.333 0.333 0.333 0.333 0.333 0.333 0.333 0.333 0.333 0.333 0.333 0.333 0.333 0.333 0.333 0.333 0.333 0.333 0.333 0.333 0.333 0.333 0.333 0.333 0.333 0.333 0.333 0.333 0.333 0.333 0.333 0.333 0.333 0.333 0.333 0.333 0.333 0.333 0.333 0.333 0.333 0.333 0.333 0.333 0.333 0.333 0.333 0.333 0.333 0.333 0.333 0.333 0.333 0.333 0.333 0.333 0.333 0.333 0.333 0.333 0.333 0.333 0.333 0.333 0.333 0.333 0.333 0.333 0.333 0.333 0.333 0.333 0.333 0.333 0.333 0.333 0.333 0.333 0.333 0.333 0.333 0.333 0.333 0.333 0.333 0.333 0.333 0.333 0.333 0.333 0.333 0.333 0.333 0.333 0.333 0.333 0.333 0.333 0.333 0.333 0.333 0.333 0.333 0.333 0.333 0.333 0.333 0.333 0.333 0.333 0.333 0.333 0.333 0.333 0.333 0.333 0.333 0.333 0.333 0.333 0.333 0.333 0.333 0.333 0.333 0.333 0.333 0.333 0.333 0.333 0.333 0.333 0.333 0.333 1.000 0.333 0.333 0.333 0.333 0.333 0.333 0.333 0.333 0.333 0.333 0.333 0.333 0.333 0.333 0.333 0.333 0.333 0.333 0.333 0.333 0.333 0.333 0.333 0.333 0.333 0.333 0.333 0.333 0.333 0.333 0.333 0.333 0.333 0.333)  0.333 0.333 0.333 0.333 0.333 0.333 0.333 0.333 0.333 0.333 0.333 0.333 0.333 0.333 0.333 0.333 0.333 0.333 0.333 0.333 0.333 0.333 0.333 0.333 0.333 0.333 0.333 0.333 0.333 0.333 0.333 0.333 0.333 0.333 0.333 0.333 0.333 0.333 0.333 0.333 0.333 0.333 0.333 0.333 0.333 0.333 0.333 0.333 0.333 0.333 0.333 0.333 0.333 0.333 0.333 0.333 0.333 0.333 0.333 0.333 0.333 0.333 0.333 0.333 0.333 0.333 0.333 0.333 0.333 0.333 0.333 0.333 0.333 0.333 0.333 0.333 0.333 0.333 0.333 0.333 0.333 0.333 0.333 0.333 0.333 0.333 0.333 0.333 0.333 0.333 0.333 0.333 0.333 0.333 0.333 0.333 0.333 0.333 0.333 0.333 0.333 0.333 0.333 0.333 0.333 0.333 0.333 0.333 0.333 0.333 0.333 0.333 0.333 0.333 0.333 0.333 0.333 0.333 0.333 0.333 0.333 0.333 0.333 0.333 0.333 0.333 0.333 0.333 0.333 0.333 0.333 0.333 0.333 0.333 0.333 0.333 0.333 0.333 0.333 0.333 0.333 0.333 0.333 0.333 0.333 0.333 0.333 0.333 0.333 0.333 0.333 0.333 0.333 0.333 0.333 0.333 0.333 0.333 0.333 0.333 0.333 0.333 0.333 0.333 0.333 0.333 0.333 0.333 0.333 0.333 0.333 0.333 0.333 0.333 0.333 0.333 0.333 0.333 0.333 0.333 0.333 0.333 0.333 0.333 0.333 0.333 0.333 0.333 0.333 0.333 0.333 0.333 0.333 0.333 0.333 0.333 0.333 0.333 0.333 0.333 0.333 0.333 0.333 0.333 0.333 0.333 0.333 0.333 0.000 0.000 0.000 0.000 0.000 0.000 0.000 0.000 0.000 0.000 0.000 0.000 0.000 0.000 0.000 0.000 0.000 0.000 0.000 0.000 0.000 0.000 0.000 0.000 0.000 0.000 0.000 0.000 0.000 0.000 0.000 0.000 0.000 0.000 0.000 0.000 0.000 0.000 0.000 0.000 0.000 0.000 0.000 0.000 0.000 0.000 0.000 0.000 0.000 0.000 0.000 0.000 0.000 0.000 0.000 0.000 0.000 0.000 0.000 0.000 0.000 0.000 0.333 0.333 0.333 0.333 0.333 0.333 0.333 0.333 0.333 0.333 0.333 0.333 0.333 0.333 0.333 0.333 0.333 0.333 0.333 0.333 0.333 0.333 0.333 0.333 0.333 0.333 0.333 0.333 0.333 0.333 0.333 0.333 0.333 0.333 0.333 0.333 0.333 0.333 0.333 0.333 0.333 0.333 0.333 0.333 0.333 0.333 0.333 0.333 0.333 0.333 0.333 0.333 0.333 0.334 0.333 0.333 0.333 0.333 0.333 0.333 0.333 0.333 0.333 0.333 0.333 0.333 0.333 0.333 0.333 0.333 0.333 0.333 0.333 0.333 0.333 0.333 0.333 0.333 0.333 0.333 0.333 0.333 0.333 0.333 0.333 0.333 0.333 0.333 0.333 0.333 0.333 0.333 0.333 0.333 0.333 0.333 0.333 0.333 0.333 0.333 0.333 0.333 0.333 0.333 0.333 0.333 0.333 0.333 0.333 0.333 0.333 0.333 0.333 0.333 0.333 0.333 0.333 0.333 0.333 0.333 0.333 0.333 0.333 0.333 0.333 0.333 0.333 0.333 0.333 0.333 0.333 0.333 0.333 0.333 0.333 0.333 0.333 0.333 0.333 0.333 0.333 0.333 0.333 0.333 0.333 0.333 0.333 0.333 0.333 0.333 0.333 0.333 0.333 0.333 0.333 0.333 0.000 0.333 0.333 0.333 0.333 0.333 0.333 0.333 0.333 0.333 0.333 0.333 0.333 0.333 0.333 0.333 0.333 0.333 0.333 0.333 0.333 0.333 0.333 0.333 0.333 0.333 0.333 0.333 0.333 0.333 0.333 0.333 0.333 0.333 0.333)  0.333 0.333 0.333 0.333 0.333 0.333 0.333 0.333 0.333 0.333 0.333 0.333 0.333 0.333 0.333 0.333 0.333 0.333 0.333 0.333 0.333 0.333 0.333 0.333 0.333 0.333 0.333 0.333 0.333 0.333 0.333 0.333 0.333 0.333 0.333 0.333 0.333 0.333 0.333 0.333 0.333 0.333 0.333 0.333 0.333 0.333 0.333 0.333 0.333 0.333 0.333 0.333 0.333 0.333 0.333 0.333 0.333 0.333 0.333 0.333 0.333 0.333 0.333 0.333 0.333 0.333 0.333 0.333 0.333 0.333 0.333 0.333 0.333 0.333 0.333 0.333 0.333 0.333 0.333 0.333 0.333 0.333 0.333 0.333 0.333 0.333 0.333 0.333 0.333 0.333 0.333 0.333 0.333 0.333 0.333 0.333 0.333 0.333 0.333 0.333 0.333 0.333 0.333 0.333 0.333 0.333 0.333 0.333 0.333 0.333 0.333 0.333 0.333 0.333 0.333 0.333 0.333 0.333 0.333 0.333 0.333 0.333 0.333 0.333 0.333 0.333 0.333 0.333 0.333 0.333 0.333 0.333 0.333 0.333 0.333 0.333 0.333 0.333 0.333 0.333 0.333 0.333 0.333 0.333 0.333 0.333 0.333 0.333 0.333 0.333 0.333 0.333 0.333 0.333 0.333 0.333 0.333 0.333 0.333 0.333 0.333 0.333 0.333 0.333 0.333 0.333 0.333 0.333 0.333 0.333 0.333 0.333 0.333 0.333 0.333 0.333 0.333 0.333 0.333 0.333 0.333 0.333 0.333 0.333 0.333 0.333 0.333 0.333 0.333 0.333 0.333 0.333 0.333 0.333 0.333 0.333 0.333 0.333 0.333 0.333 0.333 0.333 0.333 0.333 0.333 0.333 0.333 0.333 0.000 0.000 0.000 0.000 0.000 0.000 0.000 0.000 0.000 0.000 0.000 0.000 0.000 0.000 0.000 0.000 0.000 0.000 0.000 0.000 0.000 0.000 0.000 0.000 0.000 0.000 0.000 0.000 0.000 0.000 0.000 0.000 0.000 0.000 0.000 0.000 0.000 0.000 0.000 0.000 0.000 0.000 0.000 0.000 0.000 0.000 0.000 0.000 0.000 0.000 0.000 0.000 0.000 0.000 0.000 0.000 0.000 0.000 0.000 0.000 0.000 0.000 0.333 0.333 0.333 0.333 0.333 0.333 0.333 0.333 0.333 0.333 0.333 0.333 0.333 0.333 0.333 0.333 0.333 0.333 0.333 0.333 0.333 0.333 0.333 0.333 0.333 0.333 0.333 0.333 0.333 0.333 0.333 0.333 0.333 0.333 0.333 0.333 0.333 0.333 0.333 0.333 0.333 0.333 0.333 0.333 0.333 0.333 0.333 0.333 0.333 0.333 0.333 0.333 0.333 0.333 0.333 0.333 0.333 0.333 0.333 0.333 0.333 0.333 0.333 0.333 0.333 0.333 0.333 0.333 0.333 0.333 0.333 0.333 0.333 0.333 0.333 0.333 0.333 0.333 0.333 0.333 0.333 0.333 0.333 0.333 0.333 0.333 0.333 0.333 0.333 0.333 0.333 0.333 0.333 0.333 0.333 0.333 0.333 0.333 0.333 0.333 0.333 0.333 0.333 0.333 0.333 0.333 0.333 0.333 0.333 0.333 0.333 0.333 0.333 0.333 0.333 0.333 0.333 0.333 0.333 0.333 0.333 0.333 0.333 0.333 0.333 0.333 0.333 0.333 0.333 0.333 0.333 0.333 0.333 0.333 0.333 0.333 0.333 0.333 0.333 0.333 0.333 0.333 0.333 0.333 0.333 0.333 0.333 0.333 0.333 0.333 0.333 0.333 0.333 0.333 0.333 0.333 0.000 0.333 0.333 0.333 0.333 0.333 0.333 0.333 0.333 0.333 0.333 0.333 0.333 0.333 0.333 0.333 0.333 0.333 0.333 0.333 0.333 0.333 0.333 0.333 0.333 0.333 0.333 0.333 0.333 0.333 0.333 0.333 0.333 0.333 0.333)  
whisker_motion_energy: (0.333 0.333 0.333 0.333 0.333 0.333 0.333 0.333 0.333 0.333 0.333 0.333 0.333 0.333 0.333 0.333 0.333 0.333 0.333 0.333 0.333 0.333 0.333 0.333 0.333 0.333 0.333 0.333 0.333 0.333 0.333 0.333 0.333 0.333 0.333 0.333 0.333 0.333 0.333 0.333 0.333 0.333 0.333 0.333 0.333 0.333 0.333 0.333 0.333 0.333 0.333 0.333 0.333 0.333 0.333 0.333 0.333 0.333 0.333 0.333 0.333 0.333 0.333 0.333 0.333 0.333 0.333 0.333 0.333 0.333 0.333 0.333 0.333 0.333 0.333 0.333 0.333 0.333 0.333 0.333 0.333 0.333 0.333 0.333 0.333 0.333 0.333 0.333 0.333 0.333 0.333 0.333 0.333 0.333 0.333 0.333 0.333 0.333 0.333 0.333 0.333 0.333 0.333 0.333 0.333 0.333 0.333 0.333 0.333 0.333 0.333 0.333 0.333 0.333 0.333 0.333 0.333 0.333 0.333 0.333 0.333 0.333 0.333 0.333 0.333 0.333 0.333 0.333 0.333 0.333 0.333 0.333 0.333 0.333 0.333 1.000 0.333 0.333 0.333 0.333 0.333 0.333 1.000 1.000 0.333 1.000 0.333 0.333 0.333 0.333 0.333 0.333 0.333 0.333 0.333 0.333 0.333 0.333 0.333 0.333 0.333 0.333 0.333 0.333 0.333 0.333 0.333 0.333 0.333 0.333 0.333 0.333 0.333 0.333 0.333 0.333 0.333 0.333 0.333 0.333 0.333 0.333 0.333 0.333 0.333 0.333 0.333 0.333 0.333 0.333 0.333 0.333 0.333 0.333 0.333 0.333 0.333 0.333 0.333 0.333 0.333 0.333 0.333 0.333 0.333 0.333 0.333 0.333 0.333 0.333 0.333 0.333 0.333 0.333 0.333 0.333 0.333 0.333 0.333 0.333 1.000 0.333 0.333 0.333 0.333 0.333 0.333 0.333 0.333 0.333 0.333 0.333 0.333 0.333 0.333 0.333 0.333 0.333 0.333 0.333 0.333 0.333 0.333 0.333 0.333 0.333 0.333 0.333 0.333 0.333 0.333 0.333 0.333 0.333 0.333 0.333 0.333 0.333 0.333 0.333 0.333 0.333 0.333 0.333 0.333 0.333 0.333 0.333 0.333 0.333 0.333 0.333 0.333 0.333 0.333 0.333 0.333 0.333 0.333 0.333 0.333 0.333 0.333 0.333 0.333 0.333 0.333 0.333 0.333 0.333 0.333 0.333 0.333 0.333 0.333 0.333 0.333 0.333 0.333 0.333 0.333 0.333 0.333 0.333 0.333 0.333 0.333 0.333 0.333 0.333 0.333 0.333 0.333 0.333 0.333 1.000 1.000 0.333 0.333 0.333 0.333 0.333 0.333 0.333 0.333 0.333 0.333 0.333 0.333 0.333 0.333 1.000 0.333 0.333 0.333 0.333 0.333 0.333 0.333 0.333 0.333 0.333 0.333 0.333 0.333 0.333 0.333 0.333 0.333 0.333 0.333 0.333 0.333 0.333 0.333 0.333 0.333 0.333 0.333 0.333 0.333 0.333 0.333 0.333 0.333 0.333 0.333 0.333 0.333 0.333 0.333 0.333 0.333 0.333 0.333 0.333 0.333 0.333 0.333 0.333 0.333 0.333 0.333 0.333 0.333 0.333 0.333 0.333 0.333 1.000 1.000 0.333 0.333 0.333 0.333 0.333 0.333 1.000 0.333 0.333 0.333 0.333 0.333 0.333 0.333 0.333 0.333 0.333 0.333 0.333 1.000 0.333 0.333 0.333 0.333 0.333 0.333 0.333 0.333 0.333 0.333 0.333 0.333 0.333 0.333 0.792 1.000 1.000 0.333 0.333 0.333 0.333 0.333 0.333 0.333 0.333 0.333 0.333 0.333 1.000 0.333 0.333 0.333 0.333 0.333 0.333 0.333 0.333 0.333 0.333 0.333 0.333 0.333 0.333 0.333 0.333 0.333 0.333 0.333 0.333 0.333)  0.333 0.333 0.333 0.333 0.333 0.333 0.333 0.333 0.333 0.333 0.333 0.333 0.333 0.333 0.333 0.333 0.333 0.333 0.333 0.333 0.333 0.333 0.333 0.333 0.333 0.333 0.333 0.333 0.333 0.333 0.333 0.333 0.333 0.333 0.333 0.333 0.333 0.333 0.333 0.333 0.333 0.333 0.333 0.333 0.333 0.333 0.333 0.333 0.333 0.333 0.333 0.333 0.333 0.333 0.333 0.333 0.333 0.333 0.333 0.333 0.333 0.333 0.333 0.333 0.333 0.333 0.333 0.333 0.333 0.333 0.333 0.333 0.333 0.333 0.333 0.333 0.333 0.333 0.333 0.333 0.333 0.333 0.333 0.333 0.333 0.333 0.333 0.333 0.333 0.333 0.333 0.333 0.333 0.333 0.333 0.333 0.333 0.333 0.333 0.333 0.333 0.333 0.333 0.333 0.333 0.333 0.333 0.333 0.333 0.333 0.333 0.333 0.333 0.333 0.333 0.333 0.333 0.333 0.333 0.333 0.333 0.333 0.333 0.333 0.333 0.333 0.333 0.333 0.333 0.333 0.333 0.333 0.333 0.333 0.333 0.000 0.333 0.333 0.333 0.333 0.333 0.333 0.000 0.000 0.333 0.000 0.333 0.333 0.333 0.333 0.333 0.333 0.333 0.333 0.333 0.333 0.333 0.333 0.333 0.333 0.333 0.333 0.333 0.333 0.333 0.333 0.333 0.333 0.333 0.333 0.333 0.333 0.333 0.333 0.333 0.333 0.333 0.333 0.333 0.333 0.333 0.333 0.333 0.333 0.333 0.333 0.333 0.333 0.333 0.333 0.333 0.333 0.333 0.333 0.333 0.333 0.333 0.333 0.333 0.333 0.333 0.333 0.333 0.333 0.333 0.333 0.333 0.333 0.333 0.333 0.333 0.333 0.333 0.333 0.333 0.333 0.333 0.333 0.333 0.333 0.000 0.333 0.333 0.333 0.333 0.333 0.333 0.333 0.333 0.333 0.333 0.333 0.333 0.333 0.333 0.333 0.333 0.333 0.333 0.333 0.333 0.333 0.333 0.333 0.333 0.333 0.333 0.333 0.333 0.333 0.333 0.333 0.333 0.333 0.333 0.333 0.333 0.333 0.333 0.333 0.333 0.333 0.333 0.333 0.333 0.333 0.333 0.333 0.333 0.333 0.333 0.333 0.333 0.333 0.333 0.333 0.333 0.333 0.333 0.333 0.333 0.333 0.333 0.333 0.333 0.333 0.333 0.333 0.333 0.333 0.333 0.333 0.333 0.333 0.333 0.333 0.333 0.333 0.333 0.333 0.333 0.333 0.333 0.333 0.333 0.333 0.333 0.333 0.333 0.333 0.333 0.333 0.333 0.333 0.333 0.000 0.000 0.333 0.333 0.333 0.333 0.333 0.333 0.333 0.333 0.333 0.333 0.333 0.333 0.333 0.333 0.000 0.333 0.333 0.333 0.333 0.333 0.333 0.333 0.333 0.333 0.333 0.333 0.333 0.333 0.333 0.333 0.333 0.333 0.333 0.333 0.333 0.333 0.333 0.333 0.333 0.333 0.333 0.333 0.333 0.333 0.333 0.333 0.333 0.333 0.333 0.333 0.333 0.333 0.333 0.333 0.333 0.333 0.333 0.333 0.333 0.333 0.333 0.333 0.333 0.333 0.333 0.333 0.333 0.333 0.333 0.333 0.333 0.333 0.000 0.000 0.333 0.333 0.333 0.333 0.333 0.333 0.000 0.333 0.333 0.333 0.333 0.333 0.333 0.333 0.333 0.333 0.333 0.333 0.333 0.000 0.333 0.333 0.333 0.333 0.333 0.333 0.333 0.333 0.333 0.333 0.333 0.333 0.333 0.333 0.000 0.000 0.000 0.333 0.333 0.333 0.333 0.333 0.333 0.333 0.333 0.333 0.333 0.333 0.000 0.333 0.333 0.333 0.333 0.333 0.333 0.333 0.333 0.333 0.333 0.333 0.333 0.333 0.333 0.333 0.333 0.333 0.333 0.333 0.333 0.333)  0.333 0.333 0.333 0.333 0.333 0.333 0.333 0.333 0.333 0.333 0.333 0.333 0.333 0.333 0.333 0.333 0.333 0.333 0.333 0.333 0.333 0.333 0.333 0.333 0.333 0.333 0.333 0.333 0.333 0.333 0.333 0.333 0.333 0.333 0.333 0.333 0.333 0.333 0.333 0.333 0.333 0.333 0.333 0.333 0.333 0.333 0.333 0.333 0.333 0.333 0.333 0.333 0.333 0.333 0.333 0.333 0.333 0.333 0.333 0.333 0.333 0.333 0.333 0.333 0.333 0.333 0.333 0.333 0.333 0.333 0.333 0.333 0.333 0.333 0.333 0.333 0.333 0.333 0.333 0.333 0.333 0.333 0.333 0.333 0.333 0.333 0.333 0.333 0.333 0.333 0.333 0.333 0.333 0.333 0.333 0.333 0.333 0.333 0.333 0.333 0.333 0.333 0.333 0.333 0.333 0.333 0.333 0.333 0.333 0.333 0.333 0.333 0.333 0.333 0.333 0.333 0.333 0.333 0.333 0.333 0.333 0.333 0.333 0.333 0.333 0.333 0.333 0.333 0.333 0.333 0.333 0.333 0.333 0.333 0.333 0.000 0.333 0.333 0.333 0.333 0.333 0.333 0.000 0.000 0.333 0.000 0.333 0.333 0.333 0.333 0.333 0.333 0.333 0.333 0.333 0.333 0.333 0.333 0.333 0.333 0.333 0.333 0.333 0.333 0.333 0.333 0.333 0.333 0.333 0.333 0.333 0.333 0.333 0.333 0.333 0.333 0.333 0.333 0.333 0.333 0.333 0.333 0.333 0.333 0.333 0.333 0.333 0.333 0.333 0.333 0.333 0.333 0.333 0.333 0.333 0.333 0.333 0.333 0.333 0.333 0.333 0.333 0.333 0.333 0.333 0.333 0.333 0.333 0.333 0.333 0.333 0.333 0.333 0.333 0.333 0.333 0.333 0.333 0.333 0.333 0.000 0.333 0.333 0.333 0.333 0.333 0.333 0.333 0.333 0.333 0.333 0.333 0.333 0.333 0.333 0.333 0.333 0.333 0.333 0.333 0.333 0.333 0.333 0.333 0.333 0.333 0.333 0.333 0.333 0.333 0.333 0.333 0.333 0.333 0.333 0.333 0.333 0.333 0.333 0.333 0.333 0.333 0.333 0.333 0.333 0.333 0.333 0.333 0.333 0.333 0.333 0.333 0.333 0.333 0.333 0.333 0.333 0.333 0.333 0.333 0.333 0.333 0.333 0.333 0.333 0.333 0.333 0.333 0.333 0.333 0.333 0.333 0.333 0.333 0.333 0.333 0.333 0.333 0.333 0.333 0.333 0.333 0.333 0.333 0.333 0.333 0.333 0.333 0.333 0.333 0.333 0.333 0.333 0.333 0.333 0.000 0.000 0.333 0.333 0.333 0.333 0.333 0.333 0.333 0.333 0.333 0.333 0.333 0.333 0.333 0.333 0.000 0.333 0.333 0.333 0.333 0.333 0.333 0.333 0.333 0.333 0.333 0.333 0.333 0.333 0.333 0.333 0.333 0.333 0.333 0.333 0.333 0.333 0.333 0.333 0.333 0.333 0.333 0.333 0.333 0.333 0.333 0.333 0.333 0.333 0.333 0.333 0.333 0.333 0.333 0.333 0.333 0.333 0.333 0.333 0.333 0.333 0.333 0.333 0.333 0.333 0.333 0.333 0.333 0.333 0.333 0.333 0.333 0.333 0.000 0.000 0.333 0.333 0.333 0.333 0.333 0.333 0.000 0.333 0.333 0.333 0.333 0.333 0.333 0.333 0.333 0.333 0.333 0.333 0.333 0.000 0.333 0.333 0.333 0.333 0.333 0.333 0.333 0.333 0.333 0.333 0.333 0.333 0.333 0.333 0.208 0.000 0.000 0.333 0.333 0.333 0.333 0.333 0.333 0.333 0.333 0.333 0.333 0.333 0.000 0.333 0.333 0.333 0.333 0.333 0.333 0.333 0.333 0.333 0.333 0.333 0.333 0.333 0.333 0.333 0.333 0.333 0.333 0.333 0.333 0.333)  
Brain region: ccf_0: 250 neurons, ccf_10: 670 neurons, ccf_1006: 1 neurons, ccf_1007: 893 neurons, ccf_1009: 64 neurons, ccf_101: 143 neurons, ccf_1015: 109 neurons, ccf_102: 24 neurons, ccf_1020: 2354 neurons, ccf_1021: 467 neurons, ccf_1022: 322 neurons, ccf_1023: 168 neurons, ccf_1025: 355 neurons, ccf_1026: 1 neurons, ccf_1029: 164 neurons, ccf_1030: 2 neurons, ccf_1031: 45 neurons, ccf_1033: 295 neurons, ccf_1035: 92 neurons, ccf_1037: 233 neurons, ccf_1038: 154 neurons, ccf_1039: 9 neurons, ccf_1041: 100 neurons, ccf_1043: 48 neurons, ccf_1044: 13 neurons, ccf_1045: 5 neurons, ccf_1046: 116 neurons, ccf_1047: 119 neurons, ccf_1048: 562 neurons, ccf_1049: 37 neurons, ccf_105: 2 neurons, ccf_1052: 369 neurons, ccf_1054: 178 neurons, ccf_1056: 379 neurons, ccf_1058: 33 neurons, ccf_106: 4 neurons, ccf_1061: 70 neurons, ccf_1062: 16 neurons, ccf_1064: 520 neurons, ccf_1066: 41 neurons, ccf_1070: 146 neurons, ccf_10703: 341 neurons, ccf_10704: 365 neurons, ccf_1072: 78 neurons, ccf_1074: 3 neurons, ccf_1077: 28 neurons, ccf_1079: 141 neurons, ccf_108: 73 neurons, ccf_1084: 115 neurons, ccf_1085: 3 neurons, ccf_1086: 48 neurons, ccf_1088: 113 neurons, ccf_1089: 59 neurons, ccf_1090: 203 neurons, ccf_1091: 1209 neurons, ccf_1092: 49 neurons, ccf_1093: 280 neurons, ccf_1094: 8 neurons, ccf_1096: 92 neurons, ccf_1097: 168 neurons, ccf_1098: 115 neurons, ccf_1101: 90 neurons, ccf_1102: 189 neurons, ccf_1104: 36 neurons, ccf_1105: 18 neurons, ccf_1107: 66 neurons, ccf_1108: 35 neurons, ccf_1109: 35 neurons, ccf_1111: 107 neurons, ccf_1113: 23 neurons, ccf_1114: 11 neurons, ccf_1120: 7 neurons, ccf_1121: 2 neurons, ccf_1123: 147 neurons, ccf_1125: 310 neurons, ccf_1128: 54 neurons, ccf_113: 5 neurons, ccf_114: 20 neurons, ccf_12: 18 neurons, ccf_120: 1 neurons, ccf_121: 7 neurons, ccf_122: 13 neurons, ccf_123: 28 neurons, ccf_125: 41 neurons, ccf_128: 2678 neurons, ccf_129: 29 neurons, ccf_131: 63 neurons, ccf_132: 12 neurons, ccf_136: 744 neurons, ccf_139: 254 neurons, ccf_140: 2 neurons, ccf_143: 8 neurons, ccf_145: 71 neurons, ccf_146: 770 neurons, ccf_149: 83 neurons, ccf_15: 4 neurons, ccf_153: 26 neurons, ccf_155: 581 neurons, ccf_156: 14 neurons, ccf_158: 20 neurons, ccf_159: 463 neurons, ccf_162: 51 neurons, ccf_163: 28 neurons, ccf_169: 67 neurons, ccf_17: 656 neurons, ccf_171: 6 neurons, ccf_178: 143 neurons, ccf_181: 8 neurons, ccf_182305697: 6 neurons, ccf_182305701: 14 neurons, ccf_182305705: 26 neurons, ccf_182305709: 20 neurons, ccf_186: 76 neurons, ccf_187: 53 neurons, ccf_189: 6 neurons, ccf_19: 9 neurons, ccf_190: 14 neurons, ccf_194: 166 neurons, ccf_197: 12 neurons, ccf_198: 1 neurons, ccf_2: 31 neurons, ccf_20: 43 neurons, ccf_201: 44 neurons, ccf_202: 672 neurons, ccf_203: 11 neurons, ccf_207: 3 neurons, ccf_209: 169 neurons, ccf_210: 8 neurons, ccf_211: 27 neurons, ccf_214: 429 neurons, ccf_215: 1540 neurons, ccf_217: 277 neurons, ccf_218: 1865 neurons, ccf_222: 1 neurons, ccf_225: 327 neurons, ccf_226: 89 neurons, ccf_229: 3 neurons, ccf_23: 25 neurons, ccf_231: 23 neurons, ccf_233: 49 neurons, ccf_243: 2 neurons, ccf_246: 60 neurons, ccf_249: 10 neurons, ccf_250: 111 neurons, ccf_252: 104 neurons, ccf_255: 203 neurons, ccf_257: 49 neurons, ccf_258: 1156 neurons, ccf_26: 285 neurons, ccf_262: 421 neurons, ccf_263: 15 neurons, ccf_266: 164 neurons, ccf_27: 16 neurons, ccf_271: 51 neurons, ccf_274: 139 neurons, ccf_279: 4 neurons, ccf_28: 145 neurons, ccf_281: 10 neurons, ccf_288: 96 neurons, ccf_289: 53 neurons, ccf_296: 13 neurons, ccf_298: 48 neurons, ccf_301: 24 neurons, ccf_303: 69 neurons, ccf_304: 22 neurons, ccf_305: 33 neurons, ccf_307: 83 neurons, ccf_310: 115 neurons, ccf_311: 73 neurons, ccf_312782550: 4 neurons, ccf_312782554: 71 neurons, ccf_312782558: 84 neurons, ccf_312782562: 495 neurons, ccf_312782566: 264 neurons, ccf_312782570: 30 neurons, ccf_312782586: 18 neurons, ccf_312782590: 23 neurons, ccf_312782594: 36 neurons, ccf_312782598: 6 neurons, ccf_312782604: 2 neurons, ccf_312782608: 11 neurons, ccf_312782612: 18 neurons, ccf_312782616: 26 neurons, ccf_312782620: 12 neurons, ccf_312782624: 6 neurons, ccf_312782632: 1 neurons, ccf_312782636: 6 neurons, ccf_312782644: 48 neurons, ccf_312782648: 39 neurons, ccf_312782652: 5 neurons, ccf_313: 1455 neurons, ccf_314: 44 neurons, ccf_320: 7 neurons, ccf_321: 7 neurons, ccf_325: 126 neurons, ccf_326: 86 neurons, ccf_327: 43 neurons, ccf_328: 1 neurons, ccf_33: 232 neurons, ccf_330: 5 neurons, ccf_333: 4 neurons, ccf_334: 132 neurons, ccf_335: 22 neurons, ccf_336: 10 neurons, ccf_342: 257 neurons, ccf_344: 18 neurons, ccf_35: 7 neurons, ccf_351: 207 neurons, ccf_354: 403 neurons, ccf_355: 2 neurons, ccf_362: 604 neurons, ccf_363: 107 neurons, ccf_364: 8 neurons, ccf_366: 140 neurons, ccf_372: 65 neurons, ccf_374: 36 neurons, ccf_377: 11 neurons, ccf_38: 5 neurons, ccf_381: 149 neurons, ccf_382: 1811 neurons, ccf_401: 39 neurons, ccf_403: 184 neurons, ccf_41: 23 neurons, ccf_412: 39 neurons, ccf_413: 109 neurons, ccf_414: 5 neurons, ccf_42: 55 neurons, ccf_421: 21 neurons, ccf_422: 66 neurons, ccf_423: 39 neurons, ccf_427: 18 neurons, ccf_429: 44 neurons, ccf_430: 107 neurons, ccf_433: 142 neurons, ccf_434: 18 neurons, ccf_436: 1 neurons, ccf_437: 319 neurons, ccf_440: 15 neurons, ccf_441: 27 neurons, ccf_442: 6 neurons, ccf_443: 104 neurons, ccf_445: 129 neurons, ccf_448: 13 neurons, ccf_449: 2 neurons, ccf_450: 1 neurons, ccf_451: 8 neurons, ccf_452: 5 neurons, ccf_456: 14 neurons, ccf_461: 14 neurons, ccf_463: 950 neurons, ccf_466: 117 neurons, ccf_469: 4 neurons, ccf_470: 6 neurons, ccf_477: 526 neurons, ccf_478: 59 neurons, ccf_482: 9 neurons, ccf_483: 38 neurons, ccf_484: 4 neurons, ccf_484682470: 375 neurons, ccf_484682508: 12 neurons, ccf_484682512: 73 neurons, ccf_484682516: 147 neurons, ccf_484682520: 223 neurons, ccf_484682524: 58 neurons, ccf_496345664: 100 neurons, ccf_496345668: 370 neurons, ccf_496345672: 87 neurons, ccf_50: 21 neurons, ccf_501: 17 neurons, ccf_502: 914 neurons, ccf_506: 15 neurons, ccf_507: 140 neurons, ccf_510: 2 neurons, ccf_512: 282 neurons, ccf_515: 2 neurons, ccf_52: 122 neurons, ccf_520: 83 neurons, ccf_523: 40 neurons, ccf_525: 10 neurons, ccf_526: 29 neurons, ccf_526157192: 28 neurons, ccf_526157196: 30 neurons, ccf_534: 103 neurons, ccf_54: 6 neurons, ccf_540: 1 neurons, ccf_542: 47 neurons, ccf_543: 120 neurons, ccf_544: 61 neurons, ccf_549: 311 neurons, ccf_549009203: 42 neurons, ccf_549009215: 46 neurons, ccf_549009223: 35 neurons, ccf_549009227: 42 neurons, ccf_551: 58 neurons, ccf_553: 4 neurons, ccf_556: 18 neurons, ccf_559: 40 neurons, ccf_56: 340 neurons, ccf_560581551: 361 neurons, ccf_560581563: 11 neurons, ccf_563807435: 229 neurons, ccf_563807439: 6 neurons, ccf_564: 106 neurons, ccf_565: 136 neurons, ccf_566: 36 neurons, ccf_573: 6 neurons, ccf_574: 193 neurons, ccf_575: 38 neurons, ccf_576: 17 neurons, ccf_576073704: 28 neurons, ccf_577: 26 neurons, ccf_579: 91 neurons, ccf_580: 23 neurons, ccf_581: 73 neurons, ccf_582: 72 neurons, ccf_583: 51 neurons, ccf_587: 44 neurons, ccf_588: 4 neurons, ccf_589508447: 59 neurons, ccf_589508451: 4 neurons, ccf_589508455: 70 neurons, ccf_59: 1 neurons, ccf_590: 148 neurons, ccf_591: 89 neurons, ccf_593: 9 neurons, ccf_595: 22 neurons, ccf_596: 50 neurons, ccf_597: 270 neurons, ccf_598: 1 neurons, ccf_599: 65 neurons, ccf_599626927: 12 neurons, ccf_6: 465 neurons, ccf_600: 13 neurons, ccf_601: 15 neurons, ccf_603: 66 neurons, ccf_604: 24 neurons, ccf_606826647: 5 neurons, ccf_606826663: 3 neurons, ccf_607344842: 2 neurons, ccf_607344850: 1 neurons, ccf_607344854: 6 neurons, ccf_607344858: 1 neurons, ccf_608: 259 neurons, ccf_609: 26 neurons, ccf_610: 153 neurons, ccf_611: 13 neurons, ccf_612: 186 neurons, ccf_613: 52 neurons, ccf_614: 8 neurons, ccf_614454277: 14 neurons, ccf_616: 100 neurons, ccf_62: 43 neurons, ccf_620: 102 neurons, ccf_621: 166 neurons, ccf_622: 5 neurons, ccf_625: 107 neurons, ccf_628: 92 neurons, ccf_629: 295 neurons, ccf_63: 6 neurons, ccf_630: 130 neurons, ccf_632: 437 neurons, ccf_634: 71 neurons, ccf_638: 16 neurons, ccf_639: 17 neurons, ccf_64: 15 neurons, ccf_643: 10 neurons, ccf_648: 686 neurons, ccf_649: 7 neurons, ccf_651: 125 neurons, ccf_654: 10 neurons, ccf_655: 47 neurons, ccf_656: 16 neurons, ccf_657: 2 neurons, ccf_658: 176 neurons, ccf_661: 63 neurons, ccf_663: 73 neurons, ccf_664: 230 neurons, ccf_667: 30 neurons, ccf_67: 24 neurons, ccf_670: 36 neurons, ccf_671: 7 neurons, ccf_672: 2890 neurons, ccf_675: 23 neurons, ccf_679: 391 neurons, ccf_681: 13 neurons, ccf_685: 118 neurons, ccf_687: 223 neurons, ccf_690: 9 neurons, ccf_692: 12 neurons, ccf_693: 2 neurons, ccf_694: 15 neurons, ccf_697: 193 neurons, ccf_698: 401 neurons, ccf_699: 1 neurons, ccf_7: 115 neurons, ccf_702: 20 neurons, ccf_703: 47 neurons, ccf_706: 39 neurons, ccf_707: 42 neurons, ccf_711: 24 neurons, ccf_718: 437 neurons, ccf_72: 5 neurons, ccf_721: 129 neurons, ccf_725: 80 neurons, ccf_727: 149 neurons, ccf_728: 1639 neurons, ccf_729: 111 neurons, ccf_733: 1320 neurons, ccf_74: 59 neurons, ccf_741: 67 neurons, ccf_743: 111 neurons, ccf_744: 37 neurons, ccf_749: 17 neurons, ccf_75: 9 neurons, ccf_754: 78 neurons, ccf_757: 11 neurons, ccf_759: 2 neurons, ccf_765: 45 neurons, ccf_767: 659 neurons, ccf_771: 749 neurons, ccf_772: 73 neurons, ccf_773: 12 neurons, ccf_774: 122 neurons, ccf_778: 376 neurons, ccf_78: 40 neurons, ccf_780: 114 neurons, ccf_781: 6 neurons, ccf_783: 92 neurons, ccf_784: 9 neurons, ccf_786: 2 neurons, ccf_788: 82 neurons, ccf_791: 9 neurons, ccf_794: 126 neurons, ccf_795: 630 neurons, ccf_797: 295 neurons, ccf_800: 107 neurons, ccf_802: 26 neurons, ccf_803: 140 neurons, ccf_804: 56 neurons, ccf_805: 12 neurons, ccf_806: 3 neurons, ccf_81: 68 neurons, ccf_810: 82 neurons, ccf_811: 100 neurons, ccf_812: 79 neurons, ccf_814: 318 neurons, ccf_816: 28 neurons, ccf_819: 26 neurons, ccf_820: 121 neurons, ccf_821: 100 neurons, ccf_827: 76 neurons, ccf_828: 232 neurons, ccf_83: 2 neurons, ccf_830: 16 neurons, ccf_831: 8 neurons, ccf_834: 10 neurons, ccf_838: 2 neurons, ccf_839: 2 neurons, ccf_84: 273 neurons, ccf_841: 7 neurons, ccf_842: 109 neurons, ccf_843: 117 neurons, ccf_844: 496 neurons, ccf_846: 193 neurons, ccf_847: 98 neurons, ccf_849: 1 neurons, ccf_850: 27 neurons, ccf_851: 66 neurons, ccf_852: 423 neurons, ccf_854: 15 neurons, ccf_857: 27 neurons, ccf_859: 1 neurons, ccf_862: 132 neurons, ccf_863: 43 neurons, ccf_866: 46 neurons, ccf_867: 281 neurons, ccf_869: 6 neurons, ccf_872: 42 neurons, ccf_874: 14 neurons, ccf_88: 10 neurons, ccf_880: 21 neurons, ccf_882: 25 neurons, ccf_884: 27 neurons, ccf_888: 1 neurons, ccf_889: 38 neurons, ccf_893: 9 neurons, ccf_898: 82 neurons, ccf_9: 97 neurons, ccf_900: 44 neurons, ccf_902: 78 neurons, ccf_903: 21 neurons, ccf_905: 10 neurons, ccf_906: 156 neurons, ccf_907: 84 neurons, ccf_908: 6 neurons, ccf_91: 616 neurons, ccf_910: 135 neurons, ccf_911: 2 neurons, ccf_912: 45 neurons, ccf_916: 36 neurons, ccf_919: 215 neurons, ccf_924: 44 neurons, ccf_927: 11 neurons, ccf_929: 4 neurons, ccf_93: 2 neurons, ccf_930: 150 neurons, ccf_931: 9 neurons, ccf_936: 190 neurons, ccf_940: 135 neurons, ccf_943: 240 neurons, ccf_944: 100 neurons, ccf_945: 46 neurons, ccf_946: 24 neurons, ccf_950: 8 neurons, ccf_951: 220 neurons, ccf_952: 200 neurons, ccf_954: 40 neurons, ccf_955: 31 neurons, ccf_956: 75 neurons, ccf_957: 245 neurons, ccf_96: 321 neurons, ccf_961: 617 neurons, ccf_962: 155 neurons, ccf_964: 6 neurons, ccf_965: 16 neurons, ccf_966: 124 neurons, ccf_968: 165 neurons, ccf_969: 4 neurons, ccf_970: 67 neurons, ccf_971: 172 neurons, ccf_973: 6 neurons, ccf_974: 124 neurons, ccf_976: 613 neurons, ccf_977: 16 neurons, ccf_978: 54 neurons, ccf_98: 12 neurons, ccf_980: 2 neurons, ccf_981: 10 neurons, ccf_982: 23 neurons, ccf_984: 661 neurons, ccf_986: 83 neurons, ccf_988: 43 neurons, ccf_989: 46 neurons, ccf_997: 122 neurons, ccf_998: 32 neurons  
Data verification complete.
