Subject: m11, Sessions: [3, 4, 5, 6, 7, 8, 9, 10, 11, 12, 13, 14]
Subject m11, Session 3:
  reward_zone_positions: [[203.3471     210.25728033]
 [         nan          nan]
 [201.41245116 211.77834651]
 [199.5601     199.5601    ]
 [200.10371719 200.92293023]
 [200.98603902 203.91479381]
 [         nan          nan]
 [202.04817077 205.17347895]
 [200.51460303 201.56441607]
 [         nan          nan]
 [204.28443125 225.58327576]
 [199.63115426 200.50982211]
 [201.56225243 201.56225243]
 [202.09542857 203.38239032]
 [200.24564752 201.67516549]
 [200.87226804 205.24364712]
 [201.9498875  207.99201031]
 [201.51926598 202.77505102]
 [201.24102    201.24102   ]
 [201.40364286 201.40364286]
 [201.07967019 202.13245213]
 [200.65662632 203.54853333]
 [200.17646337 203.67844632]
 [200.39237187 200.39237187]
 [         nan          nan]
 [202.45187526 234.56901687]
 [201.480612   205.74088144]
 [202.28804105 203.88499036]
 [200.75473617 204.48245882]
 [200.72814632 205.07694574]
 [ 82.48000364 133.22135258]
 [ 82.08095021 134.18196894]
 [ 82.5557071   89.81540533]
 [ 79.74380849  79.74380849]
 [ 81.05945835  81.05945835]
 [ 82.70277452  89.25798228]
 [ 84.43729371  90.10521214]
 [ 83.51931082  94.80415784]
 [ 80.29845818  80.29845818]
 [ 82.09415116  83.85643153]
 [ 82.05931816  85.10211767]
 [ 80.89895265  85.13154846]
 [ 82.21216228  84.014355  ]
 [         nan          nan]
 [ 84.3177303   99.34281   ]
 [ 80.03228     80.25578   ]
 [ 81.16957059  86.01438592]
 [ 82.50360143  86.56777707]
 [ 79.95955901  81.24446882]
 [ 82.29417     84.81335789]
 [ 80.97102     80.97102   ]
 [ 80.95348165  80.95348165]
 [ 80.84717267  82.92382906]
 [ 80.69793341  84.6483183 ]
 [ 81.3249134   85.56907269]
 [ 81.20750364  88.27263783]
 [ 81.31337278  85.0561613 ]
 [ 81.00289857  81.00289857]
 [ 80.67354269  82.69266337]
 [ 80.30942     80.30942   ]
 [ 80.45814206  86.46104639]
 [ 80.95451158  80.95451158]
 [ 81.53976469  84.54697   ]
 [ 81.42857419  84.51197536]
 [ 80.10832     86.51478174]
 [ 80.848055    84.32833636]
 [ 81.20997535  87.26769928]
 [ 81.6471375   89.59716088]
 [ 83.68920043 128.61840625]
 [ 82.13368553  84.16658447]
 [         nan          nan]
 [ 82.314285   141.54827879]
 [ 79.77641383  93.96608813]
 [ 80.50744031  95.0362982 ]
 [ 83.98759273  97.44691701]
 [ 83.15265367 100.37409286]
 [ 80.48390825  96.16417752]
 [ 80.13803267  80.13803267]
 [ 81.03904174  84.78146694]
 [ 80.776555    88.52402085]]
  T: 19818
  nneurons: 155
  max_spike_rate_range: (np.float32(15054.749), np.float32(15054.749))
  neural_time_bin_size: 64.48362720403023
  unique_reward_amounts: [0.004]
  nrewards: 74
  unique_autoreward: [0.]
  unique_vr_environment: [0.]
  unique_licks: [0. 1. 2. 3. 4. 5. 6.]
  position_range: (np.float64(-50.00000000000001), np.float64(450.7704363636354))
  unique_reward_zone: [0. 1. 2. 3. 4. 5. 6.]
  unique_scanning: [1.]
  speed_range: (np.float64(-1.3874374874009276), np.float64(82.36905850371427))
  unique_teleport: [0. 1.]
  trial_length_range: (np.int64(137), np.int64(325))
  ntrials: 80
Subject m11, Session 4:
  reward_zone_positions: [[ 81.934358    91.37321   ]
 [ 79.99607947  89.95955827]
 [ 80.72028947  85.25252337]
 [ 80.65572737 156.01835484]
 [ 80.25978317  89.88924405]
 [ 81.27577273  83.75759932]
 [ 80.12175     80.12175   ]
 [ 81.10831825  84.49429105]
 [ 81.130082    82.65768274]
 [         nan          nan]
 [ 80.98284918  86.94076207]
 [ 81.51521402  89.23390853]
 [ 80.69918102  80.69918102]
 [ 80.67225317  80.67225317]
 [ 81.04498299  81.04498299]
 [ 80.5619838   84.61383323]
 [ 80.4052868   83.86206698]
 [ 79.84230458  84.69308204]
 [ 81.07600783  81.07600783]
 [ 80.57729534  83.12857144]
 [ 80.58899629  84.17949667]
 [ 81.55591421  88.27510216]
 [         nan          nan]
 [ 81.66385     98.7169    ]
 [         nan          nan]
 [ 82.28572595  82.28572595]
 [ 80.09892918  88.7886675 ]
 [ 80.047508    94.55935602]
 [ 81.13661542  86.52642694]
 [ 80.76706625  88.24699368]
 [         nan          nan]
 [ 82.08851     85.98467674]
 [         nan          nan]
 [ 80.39668443  82.75003   ]
 [         nan          nan]
 [ 82.17860844  82.17860844]
 [         nan          nan]
 [ 80.16881263  81.32672652]
 [         nan          nan]
 [         nan          nan]
 [ 80.46983515  98.04384115]
 [ 80.57644218  82.52824204]
 [ 81.84111107  81.84111107]
 [         nan          nan]
 [ 83.035286    87.81530579]
 [ 81.17428904  82.56160188]
 [ 81.88053193  83.67602   ]
 [ 80.107406    89.8961    ]
 [ 82.41730129  86.07897074]
 [ 80.2837575   89.2795319 ]
 [         nan          nan]
 [ 81.3844825   83.75003171]
 [         nan          nan]
 [ 82.68364657  89.39498584]
 [ 81.132347    81.132347  ]
 [ 81.1658626   81.1658626 ]
 [         nan          nan]
 [ 81.932045    81.932045  ]
 [         nan          nan]
 [ 79.9395792   80.50751158]
 [ 80.78560263  80.78560263]
 [ 82.1127425   86.01428598]
 [ 79.98431632  85.628766  ]
 [ 80.58896629  80.58896629]
 [         nan          nan]
 [         nan          nan]
 [ 80.91655188  85.26823731]
 [ 80.855625    80.855625  ]
 [ 81.45700368  90.41989373]
 [ 81.71987296  83.85415   ]
 [ 80.81457     92.15905398]
 [ 82.81021921  84.40221407]
 [ 80.5159742   84.37594163]
 [ 82.29431625  85.67909295]
 [ 81.32998687  86.96616554]
 [ 80.31746524  81.68362059]
 [ 81.44538677  81.44538677]
 [ 81.04891872  82.34307036]
 [         nan          nan]
 [ 82.470298    95.52047827]]
  T: 20963
  nneurons: 168
  max_spike_rate_range: (np.float32(7598.349), np.float32(7598.349))
  neural_time_bin_size: 64.48362720403023
  unique_reward_amounts: [0.004]
  nrewards: 62
  unique_autoreward: [0.]
  unique_vr_environment: [0.]
  unique_licks: [0. 1. 2. 3. 4. 5. 6. 7.]
  position_range: (np.float64(-50.000000000000014), np.float64(451.3676042881654))
  unique_reward_zone: [0. 1. 2. 3. 4. 5. 6.]
  unique_scanning: [1.]
  speed_range: (np.float64(-1.9563813852224397), np.float64(76.7511473283319))
  unique_teleport: [0. 1.]
  trial_length_range: (np.int64(147), np.int64(476))
  ntrials: 80
Subject m11, Session 5:
  reward_zone_positions: [[         nan          nan]
 [         nan          nan]
 [ 81.22282475  96.90294516]
 [ 80.68041     80.68041   ]
 [         nan          nan]
 [ 80.84130088  86.00891453]
 [ 80.80228757  80.80228757]
 [ 80.17580053  83.38481   ]
 [ 81.81466884  87.30509596]
 [         nan          nan]
 [ 81.080128    81.080128  ]
 [         nan          nan]
 [ 82.62898364  84.09311182]
 [ 81.63970394  85.31193308]
 [ 80.27682723  82.95971388]
 [ 80.47066519  82.192164  ]
 [         nan          nan]
 [ 80.06944463  83.76007297]
 [ 80.49163383  81.86746333]
 [ 81.7037516   81.7037516 ]
 [ 79.85674577  80.48583019]
 [ 80.68328126  80.68328126]
 [ 80.8763629   84.508161  ]
 [ 80.17199281  80.17199281]
 [ 81.02091769  82.37774163]
 [         nan          nan]
 [ 80.12173     80.12173   ]
 [         nan          nan]
 [ 80.66656947  83.78462622]
 [ 80.41219833  82.24579854]
 [323.81744433 373.85250217]
 [323.2759802  372.46250909]
 [320.51198919 329.87205207]
 [320.75357344 346.34424842]
 [322.61741789 340.85006353]
 [321.26600909 341.18589091]
 [321.22366531 333.15777422]
 [320.93212422 330.17435962]
 [         nan          nan]
 [321.83579794 352.04704651]
 [322.76998969 326.70935   ]
 [322.47455714 323.72015267]
 [322.84593846 324.48284375]
 [323.16949043 333.80433469]
 [320.33834197 326.33070787]
 [320.64921364 320.64921364]
 [322.78159538 330.82408507]
 [321.01272284 330.08478244]
 [321.85987727 324.0312624 ]
 [320.9081811  320.9081811 ]
 [321.99515984 324.56890882]
 [320.16681731 320.16681731]
 [321.57125478 324.47566289]
 [320.96403871 320.96403871]
 [320.94620619 321.93860132]
 [322.90750096 325.47716327]
 [320.17858    323.01639143]
 [321.55969394 329.88565556]
 [320.45907981 322.66090198]
 [         nan          nan]
 [320.05683404 326.41461304]
 [320.95220577 323.72600918]
 [322.42720606 327.71802577]
 [322.28357447 330.23732128]
 [320.321273   320.321273  ]
 [         nan          nan]
 [321.89846351 321.89846351]
 [320.27033429 322.41527115]
 [321.67111818 329.58927959]
 [322.58744444 322.58744444]
 [323.26288    329.64725909]
 [321.35222692 324.06214227]
 [321.00746327 321.00746327]
 [324.09172234 326.4464375 ]
 [321.98080792 379.50017778]
 [322.00735385 324.51520588]
 [321.11211942 323.05363717]
 [321.95530971 327.31559375]
 [322.92808302 328.07508061]
 [322.2925802  322.2925802 ]]
  T: 20684
  nneurons: 189
  max_spike_rate_range: (np.float32(9640.537), np.float32(9640.537))
  neural_time_bin_size: 64.48362720403023
  unique_reward_amounts: [0.004]
  nrewards: 69
  unique_autoreward: [0.]
  unique_vr_environment: [0.]
  unique_licks: [0. 1. 2. 3. 4. 5.]
  position_range: (np.float64(-50.00000000000001), np.float64(450.5671911764697))
  unique_reward_zone: [0. 1. 2. 3. 4. 5. 6.]
  unique_scanning: [1.]
  speed_range: (np.float64(-2.0806943614844013), np.float64(76.36132887449953))
  unique_teleport: [0. 1.]
  trial_length_range: (np.int64(146), np.int64(416))
  ntrials: 80
Subject m11, Session 6:
  reward_zone_positions: [[322.99866337 326.04221529]
 [322.71817857 334.6883    ]
 [         nan          nan]
 [         nan          nan]
 [321.72952788 322.19389012]
 [319.93194    319.93194   ]
 [         nan          nan]
 [321.4220125  321.4220125 ]
 [320.67005092 320.67005092]
 [320.2481567  320.2481567 ]
 [321.80995319 327.25510606]
 [321.23193402 328.631997  ]
 [322.8484875  328.991832  ]
 [320.16195143 321.07482907]
 [321.13748763 324.66798283]
 [321.86615745 323.04307826]
 [321.28822418 326.39464207]
 [         nan          nan]
 [         nan          nan]
 [320.45456931 327.14421538]
 [322.65583147 323.24683981]
 [321.88432066 322.83507158]
 [320.14586563 320.14586563]
 [320.5092697  320.5092697 ]
 [320.79217347 322.80685161]
 [320.63781368 320.63781368]
 [321.07727097 322.86135714]
 [320.71459231 334.74377551]
 [321.4625875  322.93590426]
 [319.978824   319.978824  ]
 [322.52322308 324.32590476]
 [321.28523543 323.19114488]
 [320.59934731 320.59934731]
 [319.87651917 320.64621077]
 [320.94035116 322.33251504]
 [320.27704063 321.5864104 ]
 [322.18052727 323.8284456 ]
 [         nan          nan]
 [320.1510597  320.1510597 ]
 [321.43251818 322.90881187]
 [321.5755973  321.5755973 ]
 [320.34919692 320.34919692]
 [321.76808077 322.75224894]
 [320.89187863 320.89187863]
 [322.83063016 345.13570909]
 [321.33259355 322.28697872]
 [321.593188   321.593188  ]
 [320.25932245 322.569236  ]
 [321.96906667 326.71389367]
 [320.82816154 322.03772486]
 [320.21817188 320.21817188]
 [321.19676235 321.19676235]
 [322.10915426 324.68092143]
 [320.89779794 327.4977299 ]
 [319.91535    325.875648  ]
 [321.90951735 325.21114824]
 [321.28777546 321.28777546]
 [322.0662375  326.90924545]
 [320.48942737 323.23930928]
 [319.93678776 323.80394384]
 [320.90750606 320.90750606]
 [320.17830909 320.17830909]
 [320.62811818 324.47035053]
 [320.59669062 324.3622    ]
 [         nan          nan]
 [320.47051724 326.71020106]
 [321.14224757 321.14224757]
 [         nan          nan]
 [321.34126886 324.12446563]
 [321.3954375  323.63642703]
 [320.76267629 320.76267629]
 [322.02796667 323.75109592]
 [320.04372524 328.897971  ]
 [         nan          nan]
 [319.95643797 320.88989697]
 [320.46298235 326.37284201]
 [321.34172105 323.04311319]
 [320.20381321 321.40326774]
 [319.8931     319.8931    ]
 [320.60019149 323.9486028 ]]
  T: 21124
  nneurons: 176
  max_spike_rate_range: (np.float32(8248.049), np.float32(8248.049))
  neural_time_bin_size: 64.48362720403023
  unique_reward_amounts: [0.004]
  nrewards: 71
  unique_autoreward: [0.]
  unique_vr_environment: [0.]
  unique_licks: [0. 1. 2. 3. 4. 5. 6.]
  position_range: (np.float64(-50.000000000000014), np.float64(450.783890737564))
  unique_reward_zone: [0. 1. 2. 3. 4. 5. 6.]
  unique_scanning: [1.]
  speed_range: (np.float64(-2.346449615607602), np.float64(87.47051841945321))
  unique_teleport: [0. 1.]
  trial_length_range: (np.int64(161), np.int64(693))
  ntrials: 80
Subject m11, Session 7:
  reward_zone_positions: [[321.84147244 338.48118571]
 [320.16541797 334.94416538]
 [322.34327624 335.23740682]
 [320.16633046 323.68942115]
 [321.34962    321.34962   ]
 [         nan          nan]
 [321.28679615 321.94120694]
 [321.24323333 324.87980619]
 [320.32855481 322.1941044 ]
 [321.24801346 321.24801346]
 [320.7041732  325.7926    ]
 [321.06095155 324.51598764]
 [         nan          nan]
 [321.10981538 322.18836082]
 [321.952523   323.84423846]
 [320.37757595 320.37757595]
 [320.96553824 320.96553824]
 [320.02682143 320.02682143]
 [         nan          nan]
 [320.78959802 322.6156134 ]
 [322.19562632 324.09620899]
 [322.35419286 322.35419286]
 [         nan          nan]
 [320.50970515 328.65711212]
 [         nan          nan]
 [         nan          nan]
 [321.3231     323.98790769]
 [322.42659565 324.48049712]
 [320.85820625 324.072844  ]
 [321.00701667 321.00701667]
 [202.46454894 254.3963383 ]
 [200.5435     250.66636238]
 [202.66161484 253.26096129]
 [200.47217216 214.50474639]
 [200.75951176 204.45111084]
 [         nan          nan]
 [202.59022143 205.46295758]
 [202.69108211 205.15600708]
 [         nan          nan]
 [200.08821915 203.26487528]
 [201.62960364 201.62960364]
 [200.94163    200.94163   ]
 [         nan          nan]
 [         nan          nan]
 [         nan          nan]
 [201.68355    212.01902813]
 [         nan          nan]
 [201.5419431  203.45225319]
 [         nan          nan]
 [201.28864316 203.08149674]
 [200.42265843 204.66951   ]
 [201.41672632 201.41672632]
 [200.65079375 214.8925    ]
 [202.32383934 202.32383934]
 [         nan          nan]
 [200.20378387 204.30336667]
 [201.59683789 201.59683789]
 [201.2506898  201.2506898 ]
 [201.50733333 205.5502    ]
 [200.30888723 200.30888723]
 [201.4676     204.29669787]
 [200.951364   200.951364  ]
 [         nan          nan]
 [201.77475213 201.77475213]
 [201.52832642 205.39395   ]
 [202.29595567 203.93142268]
 [202.2234375  202.2234375 ]
 [200.44300588 206.63441277]
 [201.25204211 203.071685  ]
 [201.38417798 202.73229787]
 [200.063522   201.56511263]
 [200.52841935 206.70214426]
 [200.61372814 205.85612727]
 [200.76756048 200.76756048]
 [199.93752913 200.37291562]
 [200.350796   206.59891803]
 [201.60470732 201.60470732]
 [200.18664257 203.53762289]
 [200.20855    204.0304    ]
 [200.85387684 200.85387684]]
  T: 20406
  nneurons: 174
  max_spike_rate_range: (np.float32(5026.2607), np.float32(5026.2607))
  neural_time_bin_size: 64.48362720403023
  unique_reward_amounts: [0.004]
  nrewards: 65
  unique_autoreward: [0.]
  unique_vr_environment: [0.]
  unique_licks: [0. 1. 2. 3. 4. 5. 6.]
  position_range: (np.float64(-50.00000000000001), np.float64(450.63017636363855))
  unique_reward_zone: [0. 1. 2. 3. 4. 5. 6.]
  unique_scanning: [1.]
  speed_range: (np.float64(-1.470170747325005), np.float64(84.86063716425146))
  unique_teleport: [0. 1.]
  trial_length_range: (np.int64(138), np.int64(420))
  ntrials: 80
Subject m11, Session 8:
  reward_zone_positions: [[200.29000769 209.66372273]
 [200.25611205 208.664796  ]
 [201.29639327 202.87208696]
 [200.24001359 203.48679032]
 [200.1544375  200.1544375 ]
 [201.542845   205.1423125 ]
 [202.3581551  204.30714365]
 [200.67436154 202.22930103]
 [200.86572245 200.86572245]
 [         nan          nan]
 [201.06515673 202.25202769]
 [202.40010206 204.35091593]
 [200.92708846 203.54320825]
 [200.72014737 200.72014737]
 [200.74989053 204.03843596]
 [200.65163299 200.65163299]
 [         nan          nan]
 [199.75802105 199.75802105]
 [199.92950958 199.92950958]
 [199.94806562 210.42365455]
 [199.84437647 199.84437647]
 [201.38492317 201.38492317]
 [200.73426087 200.73426087]
 [201.70014    201.70014   ]
 [         nan          nan]
 [199.91941158 204.48069368]
 [200.55540693 203.989376  ]
 [201.22908454 203.95709789]
 [200.67258922 203.49791497]
 [         nan          nan]
 [321.64229337 327.29567187]
 [320.7924875  326.54388351]
 [322.36015567 327.5053534 ]
 [321.41579286 321.41579286]
 [320.9932375  320.9932375 ]
 [321.46030588 325.98775455]
 [         nan          nan]
 [322.20331633 325.59484536]
 [321.98370184 325.614     ]
 [321.33058824 327.5342297 ]
 [320.6275871  322.816325  ]
 [320.8759     325.55868246]
 [321.70415242 321.70415242]
 [320.97533333 322.3064    ]
 [319.7118734  325.84211209]
 [322.33512353 324.005347  ]
 [320.08645684 320.08645684]
 [320.43052545 324.93853093]
 [319.69809184 322.82050194]
 [         nan          nan]
 [320.28556    332.46373636]
 [321.42066947 325.94204032]
 [320.32324634 322.78366929]
 [321.90850465 338.11128837]
 [321.46819429 323.24113488]
 [         nan          nan]
 [321.31127851 321.31127851]
 [321.0884144  322.58320535]
 [321.75226385 323.39646094]
 [320.03351538 322.11043893]
 [322.1484984  323.73206016]
 [320.27007955 324.94016154]
 [321.66001484 322.63196818]
 [325.16558095 344.2033093 ]
 [320.72892857 327.14666641]
 [321.46499651 321.46499651]
 [         nan          nan]
 [320.60314468 323.25035769]
 [         nan          nan]
 [         nan          nan]
 [322.93563846 325.05101778]
 [320.509207   330.14176067]
 [         nan          nan]
 [322.58003085 326.79490588]
 [322.06462    322.06462   ]
 [320.42066598 320.42066598]
 [320.32267742 322.55643939]
 [         nan          nan]
 [322.41653077 324.1839    ]
 [320.80778497 323.2676    ]]
  T: 19568
  nneurons: 181
  max_spike_rate_range: (np.float32(4371.6343), np.float32(4371.6343))
  neural_time_bin_size: 64.48362720403023
  unique_reward_amounts: [0.004]
  nrewards: 68
  unique_autoreward: [0.]
  unique_vr_environment: [0. 1.]
  unique_licks: [0. 1. 2. 3. 4. 5.]
  position_range: (np.float64(-50.00000000000001), np.float64(450.9869003496504))
  unique_reward_zone: [0. 1. 2. 3. 4. 5. 6.]
  unique_scanning: [1.]
  speed_range: (np.float64(-2.2937373488384933), np.float64(87.62450216074583))
  unique_teleport: [0. 1.]
  trial_length_range: (np.int64(144), np.int64(322))
  ntrials: 80
Subject m11, Session 9:
  reward_zone_positions: [[321.77622128 328.74309886]
 [321.80796139 325.90404595]
 [321.89972021 321.89972021]
 [         nan          nan]
 [         nan          nan]
 [321.17109091 324.15075918]
 [320.45101959 323.64584545]
 [         nan          nan]
 [322.46961935 323.9883    ]
 [321.42114574 323.33553592]
 [319.96810957 323.14310323]
 [320.64048723 324.306125  ]
 [321.32605937 321.32605937]
 [320.48363333 326.47457611]
 [321.07093269 322.30450891]
 [320.19378723 323.61724149]
 [         nan          nan]
 [321.74371479 323.65221308]
 [321.88326923 321.88326923]
 [320.93468557 320.93468557]
 [320.7361125  321.83228878]
 [322.06216216 323.32436667]
 [320.01399375 322.05899894]
 [321.12865818 321.12865818]
 [319.98852903 326.14798378]
 [319.96427188 321.68314773]
 [321.12621122 321.12621122]
 [319.60207981 320.28021443]
 [320.05322    320.05322   ]
 [         nan          nan]
 [320.38816364 327.81603946]
 [         nan          nan]
 [320.53501915 323.78147553]
 [319.85356    322.53772727]
 [321.93449565 331.93400088]
 [320.24361429 336.39240638]
 [321.18572    321.18572   ]
 [320.46123617 322.37847187]
 [321.70382632 321.70382632]
 [         nan          nan]
 [320.63818421 325.23522632]
 [320.78153093 323.35824687]
 [322.13547576 323.62286311]
 [320.93541491 333.47198947]
 [321.45293636 327.502675  ]
 [321.2708268  324.69563263]
 [319.8201625  324.72163028]
 [320.16192634 320.16192634]
 [         nan          nan]
 [320.86901562 324.60473415]
 [323.48099677 335.4841605 ]
 [321.29202474 328.13047474]
 [321.74684421 324.91197018]
 [322.11054948 324.150275  ]
 [320.87912577 323.379     ]
 [         nan          nan]
 [         nan          nan]
 [322.63995312 326.07965804]
 [321.575108   323.12647308]
 [320.44890096 320.44890096]
 [320.08042245 325.46651905]
 [321.41891212 321.41891212]
 [321.18674852 323.20748843]
 [319.93307419 324.709125  ]
 [         nan          nan]
 [320.41680909 320.41680909]
 [320.06543969 329.14928317]
 [321.987836   323.35508443]
 [320.953925   322.2912    ]
 [319.7581     320.55705368]
 [320.33333448 320.33333448]
 [         nan          nan]
 [321.37490968 321.37490968]
 [321.4841776  323.15103878]
 [         nan          nan]
 [319.874175   323.50899535]
 [320.82116667 355.50862857]
 [320.26310682 323.63877891]
 [         nan          nan]
 [320.20123636 323.87577955]]
  T: 19555
  nneurons: 190
  max_spike_rate_range: (np.float32(10115.738), np.float32(10115.738))
  neural_time_bin_size: 64.48362720403023
  unique_reward_amounts: [0.004]
  nrewards: 66
  unique_autoreward: [0.]
  unique_vr_environment: [1.]
  unique_licks: [0. 1. 2. 3. 4. 5. 6.]
  position_range: (np.float64(-50.000000000000014), np.float64(451.32624874371845))
  unique_reward_zone: [0. 1. 2. 3. 4. 5. 6.]
  unique_scanning: [1.]
  speed_range: (np.float64(-1.6518688673719113), np.float64(91.93368236593588))
  unique_teleport: [0. 1.]
  trial_length_range: (np.int64(139), np.int64(602))
  ntrials: 80
Subject m11, Session 10:
  reward_zone_positions: [[         nan          nan]
 [320.10898864 320.10898864]
 [321.50941863 322.89076018]
 [319.92500909 321.2280967 ]
 [320.65400606 323.58279474]
 [319.95551212 323.26395714]
 [         nan          nan]
 [320.25759426 321.9485    ]
 [320.67030297 321.94584359]
 [319.76341043 320.75929468]
 [320.544375   320.544375  ]
 [320.39828632 324.53791613]
 [320.12962474 323.54435672]
 [320.44989794 321.46641828]
 [320.77043373 324.75031443]
 [320.96186154 322.62058247]
 [320.50203871 321.55461111]
 [320.997484   320.997484  ]
 [320.1013384  320.1013384 ]
 [321.5710575  323.76087273]
 [320.12793462 321.34709348]
 [         nan          nan]
 [322.10656289 330.68396667]
 [320.2506152  322.69696512]
 [320.7417     323.994072  ]
 [320.48936429 321.60885039]
 [320.93966449 322.34290515]
 [320.82141658 322.0323093 ]
 [320.47080625 322.1611144 ]
 [322.48418308 328.15222188]
 [ 85.60876564 135.82652234]
 [ 84.49322556 134.30603738]
 [ 83.06846154 135.7898791 ]
 [ 86.00355231 110.50678898]
 [ 82.33682453  85.1001925 ]
 [         nan          nan]
 [         nan          nan]
 [ 83.74989687 132.40602748]
 [         nan          nan]
 [ 81.71693125 110.34499545]
 [         nan          nan]
 [         nan          nan]
 [ 81.22429     84.74954344]
 [ 81.66432115 119.58231818]
 [ 83.45484536  94.3493675 ]
 [ 81.38810553  84.94304644]
 [ 80.6206999   80.6206999 ]
 [ 83.21203063  86.27318085]
 [ 82.09884538  84.70261038]
 [ 80.78976182  80.78976182]
 [ 80.77024702  80.77024702]
 [ 80.92839904  82.90261857]
 [ 80.66603895  87.75372519]
 [ 81.2081898   86.33204478]
 [ 81.8703171   81.8703171 ]
 [ 80.17788693  84.80678875]
 [ 82.05707489  82.05707489]
 [ 81.46945273  81.46945273]
 [ 81.12667663 116.28906907]
 [ 80.55061327  80.55061327]
 [ 81.38803534  82.7335214 ]
 [ 81.73733155  86.77467204]
 [ 81.02354824  83.13960579]
 [ 81.47135161  81.47135161]
 [ 81.54747175  81.54747175]
 [ 80.42200456  85.85665392]
 [ 79.88220297  84.379345  ]
 [ 80.54935172  84.85811408]
 [ 80.59761353  81.90012607]
 [ 80.83011727  80.83011727]
 [ 83.29632224  98.76780191]
 [ 81.56351412  90.53346548]
 [ 83.19598383  88.73599857]
 [ 80.78454357  80.78454357]
 [         nan          nan]
 [ 80.14652935  80.14652935]
 [ 80.669325    84.12300514]
 [         nan          nan]
 [ 82.01102     84.27758091]
 [ 80.721435    80.721435  ]]
  T: 19962
  nneurons: 198
  max_spike_rate_range: (np.float32(8061.857), np.float32(8061.857))
  neural_time_bin_size: 64.48362720403023
  unique_reward_amounts: [0.004]
  nrewards: 70
  unique_autoreward: [0.]
  unique_vr_environment: [1.]
  unique_licks: [0. 1. 2. 3. 4. 5.]
  position_range: (np.float64(-50.000000000000014), np.float64(451.5789))
  unique_reward_zone: [0. 1. 2. 3. 4. 5. 6.]
  unique_scanning: [1.]
  speed_range: (np.float64(-1.6597976419017846), np.float64(85.63308997372222))
  unique_teleport: [0. 1.]
  trial_length_range: (np.int64(138), np.int64(368))
  ntrials: 80
Subject m11, Session 11:
  reward_zone_positions: [[79.79916439 87.26304378]
 [81.58025604 81.58025604]
 [        nan         nan]
 [81.1766584  83.00827636]
 [80.34431635 80.34431635]
 [79.79491688 80.38014582]
 [81.60633189 81.60633189]
 [        nan         nan]
 [80.86285898 85.07089773]
 [80.98942299 80.98942299]
 [        nan         nan]
 [80.65264653 82.58178188]
 [79.84569357 79.84569357]
 [80.30881485 82.39199947]
 [80.32679785 81.81059268]
 [80.15045733 80.15045733]
 [80.72691132 80.72691132]
 [80.36623163 80.36623163]
 [79.75538433 81.23065385]
 [80.02760355 80.02760355]
 [81.55622742 81.55622742]
 [80.5703901  80.5703901 ]
 [81.57189115 83.73707446]
 [80.60244647 80.60244647]
 [79.7399475  79.7399475 ]
 [80.62298344 94.46355351]
 [80.0826175  84.29293579]
 [79.94805274 79.94805274]
 [80.10675796 83.15118286]
 [80.96249385 82.207502  ]
 [80.35707796 83.59463633]
 [79.85357    79.85357   ]
 [81.862755   84.53259323]
 [80.25904577 80.25904577]
 [79.94032612 80.81997358]
 [79.8535     79.8535    ]
 [80.09729325 81.32130816]
 [79.96486176 79.96486176]
 [81.09052505 83.02117946]
 [81.5830395  83.4966956 ]
 [80.84565195 82.97284268]
 [82.46555681 82.46555681]
 [        nan         nan]
 [        nan         nan]
 [81.28989054 81.28989054]
 [        nan         nan]
 [80.11524552 80.92205419]
 [        nan         nan]
 [79.80881    79.80881   ]
 [81.39479776 81.39479776]
 [82.41941192 84.58526429]
 [79.97562827 81.15176223]
 [80.70469213 86.34322563]
 [80.07365154 81.55109805]
 [81.76530625 81.76530625]
 [        nan         nan]
 [        nan         nan]
 [81.27510433 81.27510433]
 [80.79920437 82.82334458]
 [82.02085692 83.98940632]
 [        nan         nan]
 [        nan         nan]
 [        nan         nan]
 [        nan         nan]
 [80.95676443 80.95676443]
 [80.7475     80.7475    ]
 [81.28386    81.28386   ]
 [        nan         nan]
 [        nan         nan]
 [80.55250485 80.55250485]
 [80.860144   85.89486692]
 [80.94048217 80.94048217]
 [80.09969389 81.86788537]
 [81.090289   81.090289  ]
 [80.20178948 80.20178948]
 [80.91407909 80.91407909]
 [80.68584219 80.68584219]
 [        nan         nan]
 [81.20012347 81.20012347]
 [        nan         nan]]
  T: 19548
  nneurons: 204
  max_spike_rate_range: (np.float32(12387.858), np.float32(12387.858))
  neural_time_bin_size: 64.48362720403023
  unique_reward_amounts: [0.004]
  nrewards: 63
  unique_autoreward: [0.]
  unique_vr_environment: [1.]
  unique_licks: [0. 1. 2. 3. 4. 5. 6.]
  position_range: (np.float64(-50.00000000000001), np.float64(451.0670395229984))
  unique_reward_zone: [0. 1. 2. 3. 4. 5. 6.]
  unique_scanning: [1.]
  speed_range: (np.float64(-1.2619828736189482), np.float64(89.02743464231258))
  unique_teleport: [0. 1.]
  trial_length_range: (np.int64(139), np.int64(617))
  ntrials: 80
Subject m11, Session 12:
  reward_zone_positions: [[ 80.32082307  80.32082307]
 [ 80.62117408  82.87316692]
 [ 80.33485426  80.95764   ]
 [ 80.05043286  80.05043286]
 [ 81.43337264  84.2085084 ]
 [ 79.78872417  81.49496333]
 [ 80.95670203  82.77094267]
 [         nan          nan]
 [ 80.86291837  82.35502389]
 [ 80.15038806  80.15038806]
 [ 80.65361485  85.90661839]
 [         nan          nan]
 [ 80.65365     80.65365   ]
 [         nan          nan]
 [ 81.36916937  85.36961039]
 [ 80.84795653  83.18279146]
 [ 81.58103353  81.58103353]
 [ 81.98251638  84.26757036]
 [ 80.18069238  80.18069238]
 [ 79.90821617  83.10460387]
 [ 80.61886122  81.43292   ]
 [ 81.90702455  83.8557003 ]
 [ 79.882158    80.55435919]
 [ 79.75573385  79.75573385]
 [ 79.85737516  79.85737516]
 [ 79.82192394  79.82192394]
 [ 80.45466536  80.45466536]
 [ 80.38803768  80.38803768]
 [ 79.96574612  79.96574612]
 [ 80.28499184  87.30743412]
 [201.86700061 209.97291613]
 [200.66671212 204.43017059]
 [200.56936931 204.11331429]
 [200.3649     205.95193438]
 [203.00647    203.00647   ]
 [200.20222887 203.953416  ]
 [200.59781053 205.36098462]
 [200.43517872 200.43517872]
 [         nan          nan]
 [200.9013     206.32767209]
 [202.43159897 202.43159897]
 [201.57537184 201.57537184]
 [201.66410865 203.5087    ]
 [201.14532551 205.17222371]
 [202.94083208 204.59499714]
 [199.76763571 203.996575  ]
 [200.8838561  200.8838561 ]
 [201.34276195 201.34276195]
 [         nan          nan]
 [202.1081     207.32045526]
 [200.87369231 202.87347347]
 [200.84847273 208.65365714]
 [         nan          nan]
 [         nan          nan]
 [         nan          nan]
 [201.39560909 209.86223268]
 [201.24479333 206.43014615]
 [201.36198367 201.36198367]
 [200.34826744 200.34826744]
 [200.923625   209.10660319]
 [199.93419688 207.45823125]
 [201.74931058 203.41316633]
 [201.88039157 201.88039157]
 [201.08162821 202.48515464]
 [201.35861538 202.15520412]
 [200.61737263 204.145873  ]
 [202.10921591 202.10921591]
 [201.37693191 201.37693191]
 [200.36053387 200.36053387]
 [202.56797143 202.56797143]
 [201.46703659 203.19251496]
 [201.9295     204.26495979]
 [199.93221935 204.32075   ]
 [201.59225122 204.36498876]
 [201.18938525 201.18938525]
 [199.76973404 202.0543875 ]
 [         nan          nan]
 [201.93363981 203.37558512]
 [200.99123855 200.99123855]
 [203.698626   203.698626  ]]
  T: 21652
  nneurons: 209
  max_spike_rate_range: (np.float32(10709.176), np.float32(10709.176))
  neural_time_bin_size: 64.48362720403023
  unique_reward_amounts: [0.004]
  nrewards: 71
  unique_autoreward: [0.]
  unique_vr_environment: [1.]
  unique_licks: [0. 1. 2. 3. 4. 5. 6.]
  position_range: (np.float64(-50.000000000000014), np.float64(450.9490299999985))
  unique_reward_zone: [0. 1. 2. 3. 4. 5. 6.]
  unique_scanning: [1.]
  speed_range: (np.float64(-2.450821329233432), np.float64(78.51323893613787))
  unique_teleport: [0. 1.]
  trial_length_range: (np.int64(168), np.int64(584))
  ntrials: 80
Subject m11, Session 13:
  reward_zone_positions: [[200.296372   209.46710804]
 [200.93312857 209.33240769]
 [201.15692768 201.15692768]
 [199.9387234  208.38492105]
 [201.48917692 202.69529545]
 [202.10114417 202.10114417]
 [         nan          nan]
 [201.95382566 203.59761935]
 [200.97554087 200.97554087]
 [200.83357447 200.83357447]
 [         nan          nan]
 [201.57328247 205.15684   ]
 [201.03797665 203.35331429]
 [200.8701686  202.7786    ]
 [         nan          nan]
 [202.68568788 202.68568788]
 [         nan          nan]
 [201.50976735 203.67702581]
 [201.49708632 208.21442   ]
 [202.141925   204.25219394]
 [200.849548   200.849548  ]
 [201.57278515 204.89872128]
 [201.299924   203.01472519]
 [200.57950079 200.57950079]
 [201.1309792  202.46896765]
 [200.7575448  200.7575448 ]
 [         nan          nan]
 [201.4963464  205.03163485]
 [199.84665937 199.84665937]
 [200.21282    200.21282   ]
 [201.12739375 207.70036832]
 [200.46989302 202.76743701]
 [200.59646635 203.0784625 ]
 [199.79826719 200.63335612]
 [200.70779505 202.82705344]
 [201.04561538 201.04561538]
 [         nan          nan]
 [200.0998186  201.51816   ]
 [200.58214235 202.21193071]
 [201.22372769 202.46088615]
 [200.44828647 211.60370465]
 [200.6458736  200.6458736 ]
 [200.12293488 203.24348   ]
 [200.88046923 206.47539318]
 [200.76283216 200.76283216]
 [200.01629406 201.62694519]
 [200.16345    200.16345   ]
 [         nan          nan]
 [200.20321915 200.20321915]
 [         nan          nan]
 [200.20671818 203.7158567 ]
 [200.86583152 202.92676875]
 [200.62889294 200.62889294]
 [         nan          nan]
 [         nan          nan]
 [201.00524639 201.00524639]
 [200.11501111 202.31081837]
 [200.49770312 200.49770312]
 [201.01830769 202.7756814 ]
 [199.7593871  203.65683571]
 [200.12695427 201.09754579]
 [200.91500435 200.91500435]
 [201.1192125  204.61681818]
 [200.80522727 202.68854038]
 [201.65406702 203.8205198 ]
 [201.0803     201.0803    ]
 [200.69085196 204.35007156]
 [200.3483375  203.33176842]
 [         nan          nan]
 [         nan          nan]
 [200.45711892 200.45711892]
 [199.98733689 201.17806527]
 [200.78563299 205.81048835]
 [         nan          nan]
 [201.22198824 207.255752  ]
 [201.39723455 208.34375   ]
 [200.89975361 206.22319375]
 [201.53917846 209.4252466 ]
 [200.74933229 207.96685588]
 [         nan          nan]]
  T: 21885
  nneurons: 245
  max_spike_rate_range: (np.float32(12514.346), np.float32(12514.346))
  neural_time_bin_size: 64.48362720403023
  unique_reward_amounts: [0.004]
  nrewards: 66
  unique_autoreward: [0.]
  unique_vr_environment: [1.]
  unique_licks: [0. 1. 2. 3. 4. 5. 6.]
  position_range: (np.float64(-50.00000000000001), np.float64(451.0001880622836))
  unique_reward_zone: [0. 1. 2. 3. 4. 5. 6.]
  unique_scanning: [1.]
  speed_range: (np.float64(-2.1174289686136443), np.float64(79.20140502473937))
  unique_teleport: [0. 1.]
  trial_length_range: (np.int64(167), np.int64(452))
  ntrials: 80
Subject m11, Session 14:
  reward_zone_positions: [[200.65303684 207.6588145 ]
 [200.71716915 200.71716915]
 [202.52330309 204.7136253 ]
 [200.58127576 201.57361923]
 [201.25278269 202.46625591]
 [199.778436   203.60354151]
 [199.94130106 205.48458532]
 [200.00513069 204.67946491]
 [200.54352857 204.83848118]
 [200.67019149 201.99614384]
 [201.03938696 206.38162   ]
 [200.59022449 204.14998065]
 [200.75000769 201.87914244]
 [200.92526289 200.92526289]
 [200.91340896 207.52452376]
 [200.51167143 203.16494423]
 [200.08982308 200.08982308]
 [201.11645437 201.57922376]
 [199.83263474 202.37719821]
 [200.59157073 202.68825895]
 [199.94328485 205.64073353]
 [200.23611818 203.70698462]
 [200.32886947 204.07243505]
 [200.28188571 201.75109667]
 [200.720712   200.720712  ]
 [         nan          nan]
 [200.9375433  202.91265   ]
 [200.17865    203.69247115]
 [201.84541818 205.92034242]
 [200.14713958 200.14713958]
 [324.74857113 373.037571  ]
 [320.44486804 325.16797553]
 [320.9088505  320.9088505 ]
 [320.8143375  325.36182887]
 [320.41888462 323.46260396]
 [321.25350652 321.25350652]
 [320.86411856 322.54360435]
 [321.25231154 323.17601667]
 [321.23605429 321.23605429]
 [321.72965133 321.72965133]
 [321.05016757 321.05016757]
 [321.43980769 323.667415  ]
 [321.46347273 323.59446598]
 [320.27702    320.27702   ]
 [         nan          nan]
 [         nan          nan]
 [320.30921856 325.09170435]
 [320.75508367 329.06066667]
 [321.80536489 321.80536489]
 [320.10086814 320.10086814]
 [         nan          nan]
 [         nan          nan]
 [320.41791212 320.41791212]
 [322.05973776 326.45140909]
 [322.65445172 325.220987  ]
 [319.67437391 323.25031818]
 [322.80266435 322.80266435]
 [321.03618916 323.64442115]
 [319.64487784 322.50918182]
 [320.69992577 326.56836429]
 [321.04482268 322.90955   ]
 [320.64073232 343.226     ]
 [320.59553943 320.59553943]
 [319.91247629 319.91247629]
 [321.79708085 321.79708085]
 [         nan          nan]
 [321.1312791  324.16224124]
 [         nan          nan]
 [         nan          nan]
 [320.50106627 322.59888182]
 [320.7861     325.62589091]
 [320.44923077 322.08343125]
 [         nan          nan]
 [320.63228454 322.69127143]
 [         nan          nan]
 [320.93538148 331.93585714]
 [320.28022391 328.93941134]
 [320.94466289 328.83549235]
 [321.06297879 326.82825   ]
 [320.44012062 320.44012062]]
  T: 19950
  nneurons: 219
  max_spike_rate_range: (np.float32(6077.0337), np.float32(6077.0337))
  neural_time_bin_size: 64.48362720403023
  unique_reward_amounts: [0.004]
  nrewards: 70
  unique_autoreward: [0.]
  unique_vr_environment: [1.]
  unique_licks: [0. 1. 2. 3. 4. 5. 6.]
  position_range: (np.float64(-50.00000000000001), np.float64(450.558132978724))
  unique_reward_zone: [0. 1. 2. 3. 4. 5. 6.]
  unique_scanning: [1.]
  speed_range: (np.float64(-1.7471040786447671), np.float64(82.6647244257508))
  unique_teleport: [0. 1.]
  trial_length_range: (np.int64(159), np.int64(377))
  ntrials: 80
Subject: m12, Sessions: [1, 2, 3, 4, 5, 6, 7, 8, 9, 10, 11, 12, 13, 14]
Subject m12, Session 1:
  reward_zone_positions: [[200.39603918 213.67204388]
 [         nan          nan]
 [201.48402449 208.25872   ]
 [203.20966875 236.07375161]
 [205.97232188 229.248686  ]
 [202.55802316 219.82757073]
 [203.41914639 215.080934  ]
 [202.0376758  228.75868182]
 [201.82505361 209.65528824]
 [200.61078526 203.63543171]
 [200.17775276 200.17775276]
 [200.36095484 203.25185238]
 [201.74762073 201.74762073]
 [200.61925474 219.7025396 ]
 [         nan          nan]
 [200.66581951 201.50278135]
 [201.05517115 202.10067158]
 [200.46649091 210.76212   ]
 [201.78506186 204.09048349]
 [203.31172642 242.20340698]
 [         nan          nan]
 [201.1860625  221.161375  ]
 [200.04693333 215.39031885]
 [200.98428316 209.43369052]
 [202.30976135 210.1451697 ]
 [200.88303939 207.41891875]
 [         nan          nan]
 [200.45817853 200.45817853]
 [200.35028065 205.02257132]
 [201.78145115 204.2349194 ]
 [201.48747953 206.68596769]
 [201.93576434 205.30265313]
 [201.36161395 206.76680746]
 [         nan          nan]
 [200.56561959 202.55629565]
 [200.55404104 204.72175313]
 [205.86010625 237.88598   ]
 [202.28619048 234.03648378]
 [203.14551053 216.95657097]
 [         nan          nan]
 [202.565728   222.67351573]
 [202.45924845 202.45924845]
 [         nan          nan]
 [202.96658182 212.35741489]
 [203.44024433 206.5165375 ]
 [201.29328462 203.438125  ]
 [200.88829691 206.7710398 ]
 [203.76929796 209.57899072]
 [201.0355     205.77050714]
 [200.3663266  225.98079375]
 [         nan          nan]
 [201.67367187 225.6203    ]
 [201.85003469 204.484452  ]
 [202.37809299 214.71609375]
 [201.58211553 203.87858866]
 [201.75339375 201.75339375]
 [200.58002222 216.95488571]
 [201.39418247 212.73631515]
 [201.42588252 202.601588  ]
 [202.13302766 202.13302766]
 [202.89587476 214.95967576]
 [200.27256327 200.27256327]
 [201.22618022 216.31539813]
 [202.75197216 205.53246606]
 [202.53542673 208.18390714]
 [200.7335835  200.7335835 ]
 [         nan          nan]
 [203.504428   278.36865263]
 [202.4304125  212.24634433]
 [202.41106531 214.08463939]
 [200.420675   210.63366632]
 [201.7954     210.48907447]
 [         nan          nan]
 [203.00167429 210.01230968]
 [202.8174303  211.41847143]
 [201.427566   226.09815474]
 [200.25119145 200.25119145]
 [201.80977476 204.138125  ]
 [         nan          nan]
 [201.39206449 204.3878    ]]
  T: 17656
  nneurons: 1780
  max_spike_rate_range: (np.float32(8179.408), np.float32(8179.408))
  neural_time_bin_size: 64.48362720403023
  unique_reward_amounts: [0.004]
  nrewards: 68
  unique_autoreward: [0.]
  unique_vr_environment: [0.]
  unique_licks: [0. 1. 2. 3. 4. 5. 6.]
  position_range: (np.float64(-50.000000000000014), np.float64(451.0416228915663))
  unique_reward_zone: [0. 1. 2. 3. 4. 5. 6.]
  unique_scanning: [1.]
  speed_range: (np.float64(-1.6458609633014956), np.float64(89.66171191161776))
  unique_teleport: [0. 1.]
  trial_length_range: (np.int64(111), np.int64(304))
  ntrials: 80
Subject m12, Session 2:
  reward_zone_positions: [[201.96575625 226.21382673]
 [202.71837263 202.71837263]
 [200.69281702 222.36997143]
 [201.38035773 209.73434078]
 [203.67495263 218.86000103]
 [201.61001429 222.91291481]
 [203.99123043 207.68817213]
 [201.29413077 204.428575  ]
 [203.19942105 218.63153659]
 [200.60745464 207.74827097]
 [202.39166563 209.46261837]
 [200.94072421 204.90013077]
 [201.55695361 201.55695361]
 [201.4935835  204.03114105]
 [200.42329189 202.74321649]
 [         nan          nan]
 [201.39994142 211.172266  ]
 [202.69712727 210.98354375]
 [202.21015094 205.63530937]
 [202.965048   202.965048  ]
 [203.50058437 203.50058437]
 [202.98092632 206.31960233]
 [200.29762871 207.00676701]
 [200.82044    200.82044   ]
 [202.58770909 202.58770909]
 [201.62981    212.70859508]
 [         nan          nan]
 [201.20158469 232.0729374 ]
 [200.4943534  204.36557576]
 [200.94639302 222.14298182]
 [         nan          nan]
 [202.09253438 216.55169427]
 [203.112956   213.41076591]
 [201.04024135 206.84574619]
 [200.38086809 218.32326364]
 [202.54242812 212.46464615]
 [203.60545    212.676868  ]
 [201.42852031 201.42852031]
 [201.68351805 201.68351805]
 [202.87297955 202.87297955]
 [201.82039535 205.21784286]
 [200.50169375 214.22264088]
 [201.74518911 210.33206875]
 [201.40164688 207.61008317]
 [         nan          nan]
 [203.03564412 203.03564412]
 [201.32211154 203.03281633]
 [202.60012981 205.66983762]
 [202.4774495  211.25178673]
 [201.37075    203.05970421]
 [201.1396     212.58060421]
 [200.15108558 200.15108558]
 [201.787948   212.89255918]
 [200.70981456 203.5385    ]
 [202.43290625 208.8672    ]
 [201.34177453 203.88052692]
 [202.58260769 205.18346   ]
 [201.45145385 201.45145385]
 [         nan          nan]
 [200.95110777 201.91805808]
 [202.84836522 210.12274526]
 [201.66830968 215.49381818]
 [203.5056495  216.09291809]
 [201.74665102 220.013975  ]
 [         nan          nan]
 [203.36562959 217.249331  ]
 [200.91791782 213.31755506]
 [         nan          nan]
 [202.01241429 208.0253625 ]
 [201.09871154 204.367038  ]
 [202.94728286 205.50588587]
 [201.70364242 214.75667455]
 [201.59665521 231.052691  ]
 [202.46974742 213.98194545]
 [202.56422245 202.56422245]
 [         nan          nan]
 [         nan          nan]
 [201.2920022  225.26985   ]
 [202.4208     246.46818   ]
 [201.36987273 215.3090973 ]]
  T: 17178
  nneurons: 1112
  max_spike_rate_range: (np.float32(23887.78), np.float32(23887.78))
  neural_time_bin_size: 64.48362720403023
  unique_reward_amounts: [0.004]
  nrewards: 71
  unique_autoreward: [0.]
  unique_vr_environment: [0.]
  unique_licks: [0. 1. 2. 3. 4. 5. 6.]
  position_range: (np.float64(-50.000000000000014), np.float64(451.60842204142))
  unique_reward_zone: [0. 1. 2. 3. 4. 5. 6.]
  unique_scanning: [1.]
  speed_range: (np.float64(-1.0012589966308951), np.float64(92.38711248462693))
  unique_teleport: [0. 1.]
  trial_length_range: (np.int64(116), np.int64(524))
  ntrials: 80
Subject m12, Session 3:
  reward_zone_positions: [[199.95151923 199.95151923]
 [200.77851277 208.98508763]
 [200.01492376 218.2842125 ]
 [201.53967188 213.58512389]
 [202.93007797 206.45995455]
 [202.1247625  205.10470606]
 [202.34851351 202.34851351]
 [201.00111538 201.98528698]
 [203.30218469 215.18054787]
 [201.09778878 201.09778878]
 [202.06648    206.38233273]
 [201.18513125 207.6061    ]
 [202.63182857 202.63182857]
 [         nan          nan]
 [202.49175426 208.86553402]
 [201.48060357 229.71472   ]
 [203.88665882 217.28596737]
 [201.81579444 205.5052    ]
 [201.19556701 214.35540089]
 [203.39263684 210.303     ]
 [204.21635    215.58091111]
 [202.46008182 205.46605172]
 [         nan          nan]
 [202.57362105 217.055927  ]
 [202.72300103 218.93487115]
 [204.43915789 207.63234063]
 [205.08436154 208.71056064]
 [201.47480204 208.34731188]
 [         nan          nan]
 [201.9500234  210.59238807]
 [         nan          nan]
 [325.50129794 375.9465    ]
 [320.80026875 320.80026875]
 [         nan          nan]
 [320.14440211 321.62911429]
 [321.3056396  327.2735875 ]
 [321.09046    329.961175  ]
 [320.79191735 320.79191735]
 [321.81535106 330.59875   ]
 [319.99074565 327.2234    ]
 [         nan          nan]
 [         nan          nan]
 [321.88803871 329.46658125]
 [320.4646697  320.4646697 ]
 [321.63425806 340.31721724]
 [321.99876667 326.94444021]
 [321.86136308 321.86136308]
 [320.27595484 340.2940104 ]
 [321.26896    336.22841463]
 [322.23240952 324.91120366]
 [320.35946667 331.6993792 ]
 [321.91161165 321.91161165]
 [322.17452112 341.6167    ]
 [321.30045    321.30045   ]
 [322.20149457 322.20149457]
 [321.57720992 328.42180331]
 [321.33127879 321.33127879]
 [320.29434803 322.61251628]
 [         nan          nan]
 [320.4737     334.30049592]
 [         nan          nan]
 [322.8909866  327.81538837]
 [322.65550887 331.20264615]
 [         nan          nan]
 [321.52000859 348.72919767]
 [323.577668   349.76899375]
 [321.28765581 332.1632864 ]
 [323.4422376  323.4422376 ]
 [322.9877856  326.76588462]
 [321.80045789 321.80045789]
 [321.93044063 329.78920149]
 [320.34383984 324.783225  ]
 [320.63374567 330.55096211]
 [321.96235385 321.96235385]
 [322.46679412 324.96256185]
 [         nan          nan]
 [321.60357143 333.20002857]
 [322.5578375  322.5578375 ]
 [         nan          nan]
 [323.79417143 346.46814643]]
  T: 17257
  nneurons: 1143
  max_spike_rate_range: (np.float32(21373.725), np.float32(21373.725))
  neural_time_bin_size: 64.48362720403023
  unique_reward_amounts: [0.004]
  nrewards: 68
  unique_autoreward: [0.]
  unique_vr_environment: [0.]
  unique_licks: [0. 1. 2. 3. 4. 5.]
  position_range: (np.float64(-50.000000000000014), np.float64(451.6580442307682))
  unique_reward_zone: [0. 1. 2. 3. 4. 5. 6.]
  unique_scanning: [1.]
  speed_range: (np.float64(-0.4384537627166445), np.float64(93.51204317844228))
  unique_teleport: [0. 1.]
  trial_length_range: (np.int64(108), np.int64(315))
  ntrials: 80
Subject m12, Session 4:
  reward_zone_positions: [[320.2878697  335.05413529]
 [321.81132    329.93956747]
 [323.94310882 330.45816842]
 [320.18525749 330.27642404]
 [         nan          nan]
 [323.398962   326.30272105]
 [321.03688866 331.56233846]
 [321.47253598 341.00627308]
 [322.70368957 334.96845918]
 [         nan          nan]
 [321.28787857 333.67533191]
 [323.32238    326.84185312]
 [324.19637187 332.52980577]
 [321.19002772 327.74728469]
 [323.70019615 326.68396981]
 [321.02156316 338.66970571]
 [320.93414526 337.80250408]
 [321.630136   327.8852898 ]
 [321.943536   332.67002308]
 [321.15908113 321.15908113]
 [322.46275    327.703825  ]
 [321.53090745 335.57556807]
 [         nan          nan]
 [322.71605    322.71605   ]
 [322.01045922 322.01045922]
 [323.28537426 335.96534286]
 [320.0321875  322.41122737]
 [         nan          nan]
 [321.47605714 330.877425  ]
 [319.42315505 319.42315505]
 [323.256275   323.256275  ]
 [321.6805     339.04635   ]
 [321.19306364 332.59392395]
 [323.01420204 327.86653265]
 [         nan          nan]
 [321.41047551 321.41047551]
 [323.46943028 323.46943028]
 [321.67964894 333.45269358]
 [321.78986939 321.78986939]
 [321.11399592 336.76523107]
 [321.52796585 333.87244211]
 [322.29533564 324.70623125]
 [321.92102632 321.92102632]
 [320.63052308 326.65671346]
 [321.74166842 341.57287647]
 [321.02382323 321.02382323]
 [321.74337021 332.33917234]
 [320.4554625  326.73615278]
 [         nan          nan]
 [320.85517702 334.14023913]
 [322.63953429 325.0116675 ]
 [321.163274   325.88351273]
 [321.34393711 321.34393711]
 [320.55834468 320.55834468]
 [323.00750303 325.95250368]
 [         nan          nan]
 [         nan          nan]
 [321.74045152 326.0116898 ]
 [321.9041     327.38100206]
 [321.93097059 321.93097059]
 [321.45339574 336.44976061]
 [         nan          nan]
 [323.400856   329.52613534]
 [321.01253673 335.285251  ]
 [321.98585    323.915475  ]
 [321.09757551 324.8772441 ]
 [321.16585876 322.47571818]
 [         nan          nan]
 [322.40657419 328.76525333]
 [319.76781359 333.33363774]
 [321.55235312 325.91321633]
 [322.10209158 322.10209158]
 [320.39340683 329.57471869]
 [321.13707158 327.61516277]
 [320.57846804 332.62789417]
 [321.28422121 326.42188704]
 [321.1646875  329.83871928]
 [         nan          nan]
 [321.8595     327.77641081]
 [320.80606667 338.24247355]]
  T: 17403
  nneurons: 1017
  max_spike_rate_range: (np.float32(23795.113), np.float32(23795.113))
  neural_time_bin_size: 64.48362720403023
  unique_reward_amounts: [0.004]
  nrewards: 69
  unique_autoreward: [0.]
  unique_vr_environment: [0.]
  unique_licks: [0. 1. 2. 3. 4. 5.]
  position_range: (np.float64(-50.00000000000001), np.float64(451.8653809847192))
  unique_reward_zone: [0. 1. 2. 3. 4. 5. 6. 7. 8.]
  unique_scanning: [1.]
  speed_range: (np.float64(-1.375038113173808), np.float64(94.37238504227106))
  unique_teleport: [0. 1.]
  trial_length_range: (np.int64(116), np.int64(344))
  ntrials: 80
Subject m12, Session 5:
  reward_zone_positions: [[321.23907215 338.04538   ]
 [320.15569474 333.62404   ]
 [321.76469474 331.30606518]
 [         nan          nan]
 [320.8402617  320.8402617 ]
 [322.54158144 322.54158144]
 [321.481285   321.481285  ]
 [320.83318494 325.73183158]
 [321.57708421 342.81203913]
 [320.03303861 332.36589368]
 [322.571371   328.33609474]
 [321.47041    336.57710481]
 [322.71320526 334.91920851]
 [323.00380532 330.3075    ]
 [         nan          nan]
 [         nan          nan]
 [320.82889588 348.37467778]
 [323.56999091 332.23907857]
 [322.0322377  322.0322377 ]
 [322.21025288 322.21025288]
 [322.90612903 334.80432   ]
 [321.177725   333.78550761]
 [320.55599783 335.21181456]
 [320.89586939 329.67064021]
 [320.28169691 335.08794737]
 [320.63889565 335.99182424]
 [321.74835579 321.74835579]
 [320.62127474 331.44785   ]
 [319.81440693 319.81440693]
 [321.203304   328.6706625 ]
 [ 83.04014309 158.48379375]
 [ 83.17621    132.229484  ]
 [ 82.82198265  96.085471  ]
 [         nan          nan]
 [ 84.78646429 133.43465143]
 [ 84.93532125  99.19771562]
 [ 84.64507195  84.64507195]
 [ 81.27644     87.51695495]
 [ 80.41339879 101.18276633]
 [ 81.27186374 100.91836436]
 [         nan          nan]
 [ 80.26758316  83.02629835]
 [ 80.4828964  101.35150625]
 [ 81.00946396  83.9655124 ]
 [ 81.25468308  82.98798347]
 [ 84.11468639  87.98307613]
 [ 80.83268674  83.20252781]
 [ 81.56224814  97.30749   ]
 [ 82.49079     85.38901326]
 [ 81.813138    92.63031866]
 [ 83.5840775   89.57742625]
 [ 79.61367634  80.05328891]
 [ 81.61753463  88.25643156]
 [ 82.96694512  87.45724526]
 [         nan          nan]
 [ 80.25959231  92.53980571]
 [ 84.47828209 117.36647732]
 [ 80.13466109 103.33669302]
 [ 82.91226405 113.69493846]
 [ 80.84326595  80.84326595]
 [ 82.21376824  95.09888941]
 [ 81.10859852 108.28007059]
 [ 81.6134314   83.62701133]
 [ 82.54494053  86.71951252]
 [ 82.27244832  92.91362576]
 [         nan          nan]
 [ 80.94040642  80.94040642]
 [ 83.61463131  92.41135681]
 [ 80.12644532 106.79802143]
 [         nan          nan]
 [ 81.97229     93.43623427]
 [         nan          nan]
 [ 81.5267104   99.62611864]
 [ 81.59161223  87.67358068]
 [ 81.43442041  91.1948174 ]
 [ 81.5687925   86.58421846]
 [ 80.66386774 100.90993673]
 [ 82.63780722  99.26787592]
 [ 80.62497889  91.08423979]
 [ 80.60592     95.23023   ]]
  T: 18875
  nneurons: 1306
  max_spike_rate_range: (np.float32(22308.627), np.float32(22308.627))
  neural_time_bin_size: 64.48362720403023
  unique_reward_amounts: [0.004]
  nrewards: 70
  unique_autoreward: [0.]
  unique_vr_environment: [0.]
  unique_licks: [0. 1. 2. 3. 4. 5.]
  position_range: (np.float64(-50.00000000000001), np.float64(450.8672326530617))
  unique_reward_zone: [0. 1. 2. 3. 4. 5. 6.]
  unique_scanning: [1.]
  speed_range: (np.float64(-2.8956820498599254), np.float64(95.04224001218888))
  unique_teleport: [0. 1.]
  trial_length_range: (np.int64(121), np.int64(303))
  ntrials: 80
Subject m12, Session 6:
  reward_zone_positions: [[ 80.61836     91.04580846]
 [ 81.57833628  88.82281438]
 [ 80.825715    90.64385488]
 [ 80.02431177  80.02431177]
 [ 80.37346672  84.13948233]
 [ 80.84183807  90.59290364]
 [         nan          nan]
 [ 82.50235958  88.155234  ]
 [ 80.7140715   80.7140715 ]
 [         nan          nan]
 [ 81.13318744  88.58129585]
 [ 81.20340176  88.83392608]
 [ 80.76301816  89.35608788]
 [ 81.27987636  83.53406923]
 [ 81.86918062  87.69325669]
 [ 80.7432429   86.05205663]
 [ 80.41359455  82.45474161]
 [ 80.90091464  86.96075333]
 [ 80.47153346  81.10508   ]
 [ 80.73922222  80.73922222]
 [ 81.41599954  81.41599954]
 [ 79.9876      79.9876    ]
 [ 81.13184784  83.83735429]
 [ 80.67826514  88.36171722]
 [ 81.84380206  83.04414895]
 [ 80.65971556  82.54128065]
 [ 80.97706054  80.97706054]
 [ 81.69028364  83.94778698]
 [         nan          nan]
 [ 81.30325811  84.5198901 ]
 [ 80.69956423  89.24930176]
 [ 80.06304129  84.86223647]
 [ 81.60445171  86.54330298]
 [ 80.997045    86.13478174]
 [ 80.99952242 158.06871383]
 [ 81.74578521  86.74759538]
 [ 80.43789133  89.72727333]
 [         nan          nan]
 [ 81.32815918  82.91311737]
 [ 80.45693     89.22150636]
 [ 81.24625119  90.47865   ]
 [ 82.10715117  83.75187182]
 [ 81.53831615  83.74807167]
 [ 80.91239832  87.56291529]
 [ 81.48053     85.6993278 ]
 [ 81.580688    87.2829925 ]
 [         nan          nan]
 [ 81.54322376  89.22587408]
 [ 81.47929294  81.47929294]
 [ 82.00739759  88.38252265]
 [ 81.48710182  86.14379333]
 [         nan          nan]
 [         nan          nan]
 [ 79.94538124  82.88622765]
 [ 81.70014875  88.47769765]
 [         nan          nan]
 [ 81.18272579  83.70272735]
 [ 81.82774     89.899815  ]
 [ 80.10420165  91.522425  ]
 [ 82.050068    87.1230531 ]
 [ 81.90366928  85.56584351]
 [ 80.44739143  92.07386965]
 [ 80.833771    89.4025175 ]
 [         nan          nan]
 [ 81.76871308  83.89664882]
 [ 82.71999638  87.93937301]
 [ 81.07970769  92.07894   ]
 [ 83.1440667   83.1440667 ]
 [ 80.317953    91.536292  ]
 [ 79.77769435  88.519906  ]
 [ 81.38113824  87.02899161]
 [ 80.69309196  80.69309196]
 [ 81.43730464  81.43730464]
 [ 82.08573505  85.798585  ]
 [ 80.47419231  80.47419231]
 [ 81.7176134   86.91611   ]
 [ 80.99732024  82.67251947]
 [ 80.09029723  82.054985  ]
 [ 82.85863375  87.9546417 ]
 [ 80.67033091  84.02768052]]
  T: 16626
  nneurons: 1084
  max_spike_rate_range: (np.float32(20575.127), np.float32(20575.127))
  neural_time_bin_size: 64.48362720403023
  unique_reward_amounts: [0.004]
  nrewards: 70
  unique_autoreward: [0.]
  unique_vr_environment: [0.]
  unique_licks: [0. 1. 2. 3. 4. 5. 6.]
  position_range: (np.float64(-50.00000000000001), np.float64(451.8033269035534))
  unique_reward_zone: [0. 1. 2. 3. 4. 5. 6.]
  unique_scanning: [1.]
  speed_range: (np.float64(-0.7924697928883002), np.float64(93.82073924479664))
  unique_teleport: [0. 1.]
  trial_length_range: (np.int64(118), np.int64(220))
  ntrials: 80
Subject m12, Session 7:
  reward_zone_positions: [[ 82.18351859  89.41533   ]
 [ 80.18365045  80.18365045]
 [ 79.93675802  79.93675802]
 [         nan          nan]
 [ 80.09491     85.93713151]
 [ 81.28048154  86.23411307]
 [ 83.0851312   88.92812568]
 [ 81.24990463  83.34907   ]
 [ 80.50430169  80.50430169]
 [ 80.39856779  81.9078267 ]
 [ 81.14156437  82.58445714]
 [ 80.59506412  80.59506412]
 [         nan          nan]
 [ 81.68871394  81.68871394]
 [         nan          nan]
 [ 81.257745    92.32888835]
 [ 80.98013649  86.18939723]
 [ 81.15789091  81.15789091]
 [ 80.15701947  84.9772575 ]
 [ 79.87986316  89.91091   ]
 [ 81.23377182  81.23377182]
 [ 79.90799656  81.24348714]
 [ 81.12512126  81.233449  ]
 [ 80.46742082  86.47228747]
 [ 80.26565558  81.08201421]
 [ 80.63661173  81.12856644]
 [ 80.62174485  83.78954464]
 [ 79.69772727  79.69772727]
 [         nan          nan]
 [         nan          nan]
 [         nan          nan]
 [200.15407143 253.16961579]
 [201.41602727 203.17837059]
 [200.46391739 200.46391739]
 [200.92917176 203.28204062]
 [201.4973     209.55885495]
 [200.58784848 205.87513368]
 [199.89844536 213.29235581]
 [199.86417755 207.40379239]
 [201.2515268  204.95737283]
 [         nan          nan]
 [200.18471753 218.61442   ]
 [200.57956    212.67078919]
 [200.310613   206.72542404]
 [200.64569677 200.64569677]
 [202.47996786 211.11881685]
 [200.6033     202.88890099]
 [200.59828105 200.59828105]
 [201.00761782 201.00761782]
 [199.85136389 199.85136389]
 [         nan          nan]
 [200.6492337  208.50232258]
 [200.52242632 206.15954545]
 [198.89979355 199.30251765]
 [200.68689406 208.61464375]
 [202.88097143 204.68134375]
 [201.16910442 201.16910442]
 [200.85575895 206.85669474]
 [200.14885    201.47385082]
 [201.72882553 203.81725158]
 [201.75532414 204.40618305]
 [200.19682178 206.879131  ]
 [200.341209   209.1126466 ]
 [200.31286702 223.65639375]
 [200.2325703  207.945375  ]
 [201.5167383  205.42737568]
 [201.55783125 205.35910909]
 [200.85168265 204.24099691]
 [201.93814    201.93814   ]
 [200.87749239 200.87749239]
 [         nan          nan]
 [201.2214732  211.4172604 ]
 [201.32367629 212.24917904]
 [202.2405375  219.08929143]
 [202.64555106 205.00911538]
 [202.44898125 202.44898125]
 [201.20097245 205.96664505]
 [         nan          nan]
 [199.90896    206.27230722]
 [200.36896364 205.91875979]]
  T: 17718
  nneurons: 1478
  max_spike_rate_range: (np.float32(4878.8125), np.float32(4878.8125))
  neural_time_bin_size: 64.48362720403023
  unique_reward_amounts: [0.004]
  nrewards: 70
  unique_autoreward: [0.]
  unique_vr_environment: [0.]
  unique_licks: [0. 1. 2. 3. 4. 5.]
  position_range: (np.float64(-50.00000000000001), np.float64(451.0050879396985))
  unique_reward_zone: [0. 1. 2. 3. 4. 5. 6.]
  unique_scanning: [1.]
  speed_range: (np.float64(-0.8612355141960882), np.float64(99.74359153659874))
  unique_teleport: [0. 1.]
  trial_length_range: (np.int64(116), np.int64(376))
  ntrials: 80
Subject m12, Session 8:
  reward_zone_positions: [[201.19192143 204.47909592]
 [201.11677273 201.11677273]
 [202.320625   208.412788  ]
 [201.009325   207.36675385]
 [         nan          nan]
 [200.45189677 200.45189677]
 [201.80026667 240.41573918]
 [202.34207267 206.35619687]
 [201.2292     201.2292    ]
 [200.55691    221.13558654]
 [201.34148125 207.27317657]
 [         nan          nan]
 [200.10117    213.74172062]
 [200.11794356 200.11794356]
 [207.14864842 227.60433265]
 [201.04694454 201.04694454]
 [         nan          nan]
 [         nan          nan]
 [202.43111714 206.862739  ]
 [200.59715567 221.4146664 ]
 [201.93621176 211.73799811]
 [         nan          nan]
 [200.31568485 221.69431261]
 [201.42740526 214.4261686 ]
 [201.39188776 218.37499574]
 [200.49463878 208.49877551]
 [200.90887576 200.90887576]
 [200.901      212.93733462]
 [201.76043333 204.89639449]
 [         nan          nan]
 [ 83.51478938  92.66479625]
 [ 82.948995    82.948995  ]
 [ 81.15243901  95.90768692]
 [ 82.11739771  98.65522143]
 [         nan          nan]
 [ 81.46272     90.66847065]
 [ 80.71903515  80.71903515]
 [ 80.30284766  88.63270192]
 [ 81.62206817  81.62206817]
 [         nan          nan]
 [ 81.16524308  81.16524308]
 [ 80.58418081  80.58418081]
 [ 80.43037286  85.80971837]
 [ 80.18231953  82.38648   ]
 [ 81.21212212  82.4784811 ]
 [ 81.63689619  84.91809946]
 [         nan          nan]
 [ 79.90984063  79.90984063]
 [         nan          nan]
 [         nan          nan]
 [ 80.54685795  91.96784244]
 [ 81.25316045  84.57887857]
 [ 80.22613374  85.26718222]
 [ 80.5909342   87.87820429]
 [ 82.33015937  87.869104  ]
 [ 80.37426048  86.05652336]
 [ 81.14515649  81.14515649]
 [ 80.41233     88.088214  ]
 [ 80.60917807  87.39347065]
 [         nan          nan]
 [         nan          nan]
 [ 81.46014571  82.58160687]
 [ 81.40038294  83.51982979]
 [ 80.21689043  84.035582  ]
 [ 81.91190857  83.01254361]
 [ 80.36963182  80.36963182]
 [ 82.94469237  87.18211096]
 [ 79.62524474  86.37448952]
 [ 80.28136286  80.28136286]
 [ 80.97101     80.97101   ]
 [ 80.93779693  84.33765317]
 [ 80.13930475  80.13930475]
 [ 81.75661872  81.75661872]
 [         nan          nan]
 [ 81.47905269  82.77482303]
 [ 80.88162     80.88162   ]
 [         nan          nan]
 [ 80.33028     84.9680994 ]
 [         nan          nan]
 [ 79.97742186  89.10809592]]
  T: 17390
  nneurons: 1494
  max_spike_rate_range: (np.float32(3921.5278), np.float32(3921.5278))
  neural_time_bin_size: 64.48362720403023
  unique_reward_amounts: [0.004]
  nrewards: 64
  unique_autoreward: [0.]
  unique_vr_environment: [0. 1.]
  unique_licks: [0. 1. 2. 3. 4. 5.]
  position_range: (np.float64(-50.000000000000014), np.float64(451.5378139465877))
  unique_reward_zone: [0. 1. 2. 3. 4. 5. 6.]
  unique_scanning: [1.]
  speed_range: (np.float64(-1.1485459924001105), np.float64(99.0122215844653))
  unique_teleport: [0. 1.]
  trial_length_range: (np.int64(107), np.int64(320))
  ntrials: 80
Subject m12, Session 9:
  reward_zone_positions: [[81.424768   85.89540818]
 [80.9361522  80.9361522 ]
 [        nan         nan]
 [        nan         nan]
 [82.21065856 89.40411298]
 [81.18474261 81.18474261]
 [80.30245348 86.21841134]
 [        nan         nan]
 [        nan         nan]
 [79.86672444 81.74958102]
 [81.78102551 85.168727  ]
 [81.54295774 84.29638843]
 [        nan         nan]
 [80.46617706 82.5042266 ]
 [81.43086423 83.5974297 ]
 [82.05386355 82.05386355]
 [81.25924939 84.91134273]
 [80.44527913 80.44527913]
 [80.11166531 84.15436732]
 [81.69773851 83.80459094]
 [81.09857854 81.09857854]
 [        nan         nan]
 [82.10844234 87.24448153]
 [        nan         nan]
 [81.97566356 92.21122542]
 [82.66572618 88.18001059]
 [        nan         nan]
 [        nan         nan]
 [80.38190105 80.38190105]
 [80.05534952 80.969202  ]
 [80.5523924  80.5523924 ]
 [80.83223561 80.83223561]
 [        nan         nan]
 [        nan         nan]
 [81.36105632 81.36105632]
 [80.89869633 80.89869633]
 [80.10770759 83.68584082]
 [82.25523865 82.25523865]
 [82.06608154 83.97039   ]
 [79.90241094 79.90241094]
 [81.17962    81.17962   ]
 [80.695688   80.695688  ]
 [        nan         nan]
 [79.74246124 84.85540485]
 [        nan         nan]
 [80.27653463 80.27653463]
 [80.57968308 80.57968308]
 [80.62502153 86.24563   ]
 [81.1639778  81.1639778 ]
 [        nan         nan]
 [80.25585    80.25585   ]
 [80.57207111 80.57207111]
 [79.83994239 82.58128791]
 [80.73071742 80.73071742]
 [        nan         nan]
 [80.76127385 82.13732541]
 [80.20697258 83.56454165]
 [80.81987948 80.81987948]
 [80.52398    82.77166886]
 [80.53922807 80.53922807]
 [81.18403918 84.72773793]
 [80.53703396 80.53703396]
 [80.19827529 80.19827529]
 [80.99719827 83.14010537]
 [80.87068306 83.63261348]
 [80.40373346 81.85894316]
 [83.49353973 86.94804835]
 [80.94665182 82.82633032]
 [81.21692    82.17132255]
 [80.25579    82.77529688]
 [80.15468181 81.24332107]
 [81.28903769 82.84367474]
 [80.80863041 82.52077646]
 [        nan         nan]
 [80.53481438 80.53481438]
 [79.99520057 79.99520057]
 [85.3748979  93.30087204]
 [        nan         nan]
 [82.88828757 85.31421776]
 [83.85534379 83.85534379]]
  T: 16081
  nneurons: 1121
  max_spike_rate_range: (np.float32(26675.326), np.float32(26675.326))
  neural_time_bin_size: 64.48362720403023
  unique_reward_amounts: [0.004]
  nrewards: 63
  unique_autoreward: [0.]
  unique_vr_environment: [1.]
  unique_licks: [0. 1. 2. 3. 4. 5. 6.]
  position_range: (np.float64(-50.00000000000001), np.float64(451.58195372617))
  unique_reward_zone: [0. 1. 2. 3. 4. 5. 6.]
  unique_scanning: [1.]
  speed_range: (np.float64(-0.984957830432676), np.float64(109.66250113328712))
  unique_teleport: [0. 1.]
  trial_length_range: (np.int64(96), np.int64(426))
  ntrials: 80
Subject m12, Session 10:
  reward_zone_positions: [[ 80.68863058  81.53967152]
 [ 81.2920902   94.33496301]
 [ 80.22541557  81.630365  ]
 [         nan          nan]
 [ 81.02272176  87.28421765]
 [ 80.53798657  89.99240105]
 [         nan          nan]
 [         nan          nan]
 [ 81.58487856  89.38672063]
 [ 81.78480298  83.3754675 ]
 [ 82.58156247  99.91133082]
 [ 79.8261204   83.54148598]
 [ 80.78771     82.68470923]
 [ 81.3258419   81.3258419 ]
 [ 81.44458059  88.93289953]
 [ 79.73358684  79.73358684]
 [         nan          nan]
 [         nan          nan]
 [ 80.80688719  80.80688719]
 [         nan          nan]
 [ 80.88432944  80.88432944]
 [ 80.797544    82.80958377]
 [ 80.03681465  84.4967225 ]
 [ 80.54315714  80.54315714]
 [ 80.32284     83.67760398]
 [         nan          nan]
 [ 79.93747046  79.93747046]
 [ 80.92275238  80.92275238]
 [ 80.05075588  81.25183188]
 [ 80.78534308  80.78534308]
 [325.10987769 375.7268336 ]
 [322.72895469 374.35027647]
 [325.44762    359.58476744]
 [323.39298367 328.03849535]
 [320.83773721 335.81434724]
 [321.49555802 324.59588558]
 [321.22274511 327.09951538]
 [320.42221429 333.31363548]
 [         nan          nan]
 [320.9175814  332.08245556]
 [321.65455714 324.83718077]
 [         nan          nan]
 [321.4405189  332.61653804]
 [321.61430206 321.61430206]
 [323.16303654 326.41789205]
 [320.7804303  320.7804303 ]
 [         nan          nan]
 [323.34375577 326.784593  ]
 [320.51246    326.41729697]
 [323.50798454 330.56279691]
 [         nan          nan]
 [322.96033571 322.96033571]
 [         nan          nan]
 [323.56785158 323.56785158]
 [320.38501224 326.48343263]
 [320.82425816 331.64462816]
 [323.89784242 323.89784242]
 [320.30663368 324.939475  ]
 [         nan          nan]
 [321.16372439 321.16372439]
 [         nan          nan]
 [322.59601959 328.23645495]
 [320.85573333 330.60958899]
 [324.79339011 349.49132424]
 [322.56200909 322.56200909]
 [         nan          nan]
 [321.01895542 327.05390841]
 [322.6895766  322.6895766 ]
 [320.46657447 320.46657447]
 [321.95485155 321.95485155]
 [320.47688696 325.64008229]
 [323.55740879 334.90711538]
 [320.43021158 323.29296452]
 [321.06882909 330.9924    ]
 [320.87133093 334.61115306]
 [         nan          nan]
 [         nan          nan]
 [322.95929677 329.83939639]
 [         nan          nan]
 [322.60415673 325.24581087]]
  T: 17856
  nneurons: 1327
  max_spike_rate_range: (np.float32(22999.238), np.float32(22999.238))
  neural_time_bin_size: 64.48362720403023
  unique_reward_amounts: [0.004]
  nrewards: 62
  unique_autoreward: [0.]
  unique_vr_environment: [1.]
  unique_licks: [0. 1. 2. 3. 4. 5.]
  position_range: (np.float64(-50.00000000000001), np.float64(450.4533634615407))
  unique_reward_zone: [0. 1. 2. 3. 4. 5. 6.]
  unique_scanning: [1.]
  speed_range: (np.float64(-1.2785022843775822), np.float64(100.4997416625124))
  unique_teleport: [0. 1.]
  trial_length_range: (np.int64(103), np.int64(475))
  ntrials: 80
Subject m12, Session 11:
  reward_zone_positions: [[321.06135714 325.48046036]
 [319.81699043 335.36352788]
 [320.596925   327.02651827]
 [320.37972364 321.80846727]
 [320.14103061 323.65403721]
 [320.00767788 320.00767788]
 [320.99491887 320.99491887]
 [321.38803684 325.46593404]
 [321.84771856 323.77352222]
 [         nan          nan]
 [320.58863636 334.71982258]
 [         nan          nan]
 [         nan          nan]
 [321.7336382  328.03811538]
 [         nan          nan]
 [321.09042264 322.86511474]
 [320.68907126 334.69021158]
 [320.43056129 327.20047368]
 [321.59257174 325.87777753]
 [         nan          nan]
 [321.63711158 327.08545102]
 [322.72266238 327.38296931]
 [320.39759423 322.05752323]
 [         nan          nan]
 [321.03251959 338.28083269]
 [322.40654719 328.09982   ]
 [320.79769362 345.53034375]
 [321.68819796 321.68819796]
 [321.62451154 324.31980552]
 [320.19499341 329.92670361]
 [322.14175385 323.16080526]
 [320.65549368 324.86598144]
 [321.95964519 322.910844  ]
 [321.56895    321.56895   ]
 [         nan          nan]
 [320.50304337 326.609575  ]
 [         nan          nan]
 [322.59818681 322.59818681]
 [320.44211489 341.77415161]
 [         nan          nan]
 [322.13667961 323.2771625 ]
 [321.72644194 332.79805263]
 [320.67005052 323.77676915]
 [321.313792   324.50915841]
 [320.30906596 320.30906596]
 [321.18695862 321.18695862]
 [321.19718125 323.79091064]
 [320.84588632 327.932789  ]
 [320.78757053 328.83595833]
 [321.35698221 323.31653091]
 [         nan          nan]
 [322.3170617  325.76201   ]
 [321.33637966 322.77324135]
 [322.71945588 336.16658073]
 [319.84455258 330.0682375 ]
 [         nan          nan]
 [         nan          nan]
 [320.23634615 320.23634615]
 [321.56572105 327.91642424]
 [320.46788269 321.91596087]
 [322.2139561  354.66040515]
 [321.78750323 323.65753333]
 [321.45821905 323.77644468]
 [319.97322    319.97322   ]
 [321.45777053 324.78147525]
 [         nan          nan]
 [320.127275   324.97158218]
 [321.4345     329.30499435]
 [322.57691287 326.43489024]
 [320.128816   321.95415769]
 [321.95843333 329.83881386]
 [322.26182947 325.14168812]
 [322.02779291 326.56729592]
 [320.37973878 323.90290741]
 [322.19628583 330.23386129]
 [320.67353077 320.67353077]
 [321.8821717  323.24772941]
 [321.4472878  325.62501452]
 [322.58606891 324.37791594]
 [321.04892653 323.81892308]]
  T: 21037
  nneurons: 1323
  max_spike_rate_range: (np.float32(21799.54), np.float32(21799.54))
  neural_time_bin_size: 64.48362720403023
  unique_reward_amounts: [0.004]
  nrewards: 67
  unique_autoreward: [0.]
  unique_vr_environment: [1.]
  unique_licks: [0. 1. 2. 3. 4. 5. 6.]
  position_range: (np.float64(-50.00000000000001), np.float64(451.0804070093459))
  unique_reward_zone: [0. 1. 2. 3. 4. 5. 6.]
  unique_scanning: [1.]
  speed_range: (np.float64(-1.734042078217782), np.float64(94.21766865415644))
  unique_teleport: [0. 1.]
  trial_length_range: (np.int64(139), np.int64(409))
  ntrials: 80
Subject m12, Session 12:
  reward_zone_positions: [[320.948675   330.61001029]
 [         nan          nan]
 [321.32236602 323.57013103]
 [322.18953265 322.18953265]
 [323.14110408 325.39015488]
 [         nan          nan]
 [321.72813846 321.72813846]
 [320.75784632 320.75784632]
 [         nan          nan]
 [         nan          nan]
 [322.85002842 329.41787   ]
 [321.44169278 327.04278919]
 [322.01585    327.21920937]
 [320.67008    320.67008   ]
 [321.49733    331.91541   ]
 [         nan          nan]
 [321.24194    321.24194   ]
 [321.60497317 323.19498265]
 [322.04528438 322.04528438]
 [320.70119756 320.70119756]
 [321.542477   321.542477  ]
 [321.85987069 324.15419167]
 [322.36392619 325.1873875 ]
 [321.91762474 334.21865   ]
 [         nan          nan]
 [322.37869664 322.37869664]
 [320.28048065 335.49985789]
 [323.353225   323.353225  ]
 [322.33464545 328.68351462]
 [320.74937767 323.41082526]
 [         nan          nan]
 [202.5533297  209.64132632]
 [203.326075   224.10500825]
 [205.74562857 254.35344839]
 [200.7024602  205.32586449]
 [203.78470612 216.06181045]
 [         nan          nan]
 [202.50186432 208.98505154]
 [202.50061895 202.50061895]
 [201.2420375  204.89510952]
 [200.23744184 206.96620231]
 [201.95068571 206.13614171]
 [200.03727442 206.7769871 ]
 [201.38406    201.38406   ]
 [202.02567692 203.61690902]
 [202.53459609 204.41884615]
 [201.32719194 203.01967209]
 [         nan          nan]
 [202.36210231 202.36210231]
 [201.93578321 201.93578321]
 [201.22196977 202.82354122]
 [         nan          nan]
 [202.36279    206.5277125 ]
 [202.67489302 205.46119302]
 [200.91303462 202.79485672]
 [201.40673802 201.40673802]
 [201.33203594 208.13169341]
 [201.89427813 201.89427813]
 [201.97749219 204.264428  ]
 [202.04684706 202.04684706]
 [200.35933226 202.43548365]
 [201.1884457  201.1884457 ]
 [200.79846258 203.69222913]
 [200.66848351 200.66848351]
 [201.93681863 203.98062421]
 [200.2922625  200.2922625 ]
 [201.63154752 201.63154752]
 [201.55537959 208.99385294]
 [201.59335876 201.59335876]
 [200.701838   206.219     ]
 [         nan          nan]
 [         nan          nan]
 [201.61809643 201.61809643]
 [200.13257037 208.15094563]
 [201.06248866 204.00441154]
 [202.11665957 204.27824118]
 [201.40690241 209.64189059]
 [200.8975994  210.63620125]
 [200.00590313 205.60339615]
 [200.52994615 202.63584433]]
  T: 17148
  nneurons: 1184
  max_spike_rate_range: (np.float32(19356.322), np.float32(19356.322))
  neural_time_bin_size: 64.48362720403023
  unique_reward_amounts: [0.004]
  nrewards: 68
  unique_autoreward: [0.]
  unique_vr_environment: [1.]
  unique_licks: [0. 1. 2. 3. 4. 5. 6.]
  position_range: (np.float64(-50.000000000000014), np.float64(450.8386205882325))
  unique_reward_zone: [0. 1. 2. 3. 4. 5. 6.]
  unique_scanning: [1.]
  speed_range: (np.float64(-1.4301503922843142), np.float64(99.69277120966012))
  unique_teleport: [0. 1.]
  trial_length_range: (np.int64(115), np.int64(412))
  ntrials: 80
Subject m12, Session 13:
  reward_zone_positions: [[200.74984286 200.74984286]
 [         nan          nan]
 [200.58110204 223.95216929]
 [199.84351641 199.84351641]
 [201.96132857 201.96132857]
 [201.1526375  204.91336364]
 [         nan          nan]
 [         nan          nan]
 [200.979425   211.47396279]
 [200.59950727 205.30357273]
 [201.67441    214.62056154]
 [201.59381959 201.59381959]
 [203.1664687  207.33728504]
 [         nan          nan]
 [201.65392326 206.25979846]
 [201.16775391 201.16775391]
 [201.04767846 201.04767846]
 [202.33443673 202.33443673]
 [201.8602871  201.8602871 ]
 [202.08943282 202.08943282]
 [201.75225984 204.21362414]
 [200.02508    202.82919792]
 [200.55004793 200.55004793]
 [200.916398   200.916398  ]
 [         nan          nan]
 [200.59341735 207.70464   ]
 [         nan          nan]
 [200.66163191 200.66163191]
 [         nan          nan]
 [         nan          nan]
 [         nan          nan]
 [         nan          nan]
 [201.05865644 218.49825361]
 [201.87586    210.29881538]
 [201.35874393 203.84067789]
 [200.70025    204.99215579]
 [200.92812    205.09427763]
 [200.57626632 202.91703981]
 [201.43082727 207.94832692]
 [200.5417567  202.44549904]
 [         nan          nan]
 [200.13088235 200.13088235]
 [201.45239592 205.16141   ]
 [202.05295481 203.599145  ]
 [201.00370309 209.47334238]
 [201.07270943 201.07270943]
 [200.35784211 202.36604268]
 [199.93014227 201.76811132]
 [201.67320625 203.35196346]
 [201.51800594 201.51800594]
 [201.36642718 202.94874839]
 [         nan          nan]
 [         nan          nan]
 [201.50879412 201.50879412]
 [201.36238365 203.28170306]
 [200.66686364 208.28592245]
 [200.59326832 200.59326832]
 [         nan          nan]
 [201.39572941 203.41061731]
 [200.112792   200.112792  ]
 [202.745075   204.935375  ]
 [200.71081111 200.71081111]
 [201.79278793 204.14632   ]
 [         nan          nan]
 [200.764071   209.74058354]
 [200.60139423 202.44446224]
 [         nan          nan]
 [200.25018795 201.9741    ]
 [201.43325258 201.43325258]
 [         nan          nan]
 [202.35684536 213.8677006 ]
 [199.96955789 199.96955789]
 [201.50116364 212.77418085]
 [200.95309796 205.09798265]
 [201.13354    205.52289375]
 [         nan          nan]
 [201.4377     201.4377    ]
 [199.88019627 203.64020421]
 [         nan          nan]
 [200.13991753 200.13991753]]
  T: 17666
  nneurons: 1118
  max_spike_rate_range: (np.float32(26666.31), np.float32(26666.31))
  neural_time_bin_size: 64.48362720403023
  unique_reward_amounts: [0.004]
  nrewards: 61
  unique_autoreward: [0.]
  unique_vr_environment: [1.]
  unique_licks: [0. 1. 2. 3. 4. 5. 6.]
  position_range: (np.float64(-50.00000000000001), np.float64(451.1100192771089))
  unique_reward_zone: [0. 1. 2. 3. 4. 5. 6.]
  unique_scanning: [1.]
  speed_range: (np.float64(-1.6623512492999262), np.float64(94.65456025764156))
  unique_teleport: [0. 1.]
  trial_length_range: (np.int64(115), np.int64(412))
  ntrials: 80
Subject m12, Session 14:
  reward_zone_positions: [[200.3968     214.06516667]
 [200.49505484 200.49505484]
 [200.45747073 205.65832105]
 [         nan          nan]
 [200.7224     205.69147767]
 [         nan          nan]
 [201.07656154 203.88373617]
 [         nan          nan]
 [201.17071158 204.43004737]
 [201.30090625 205.5893125 ]
 [201.01860337 203.64991959]
 [203.16483571 211.93894359]
 [         nan          nan]
 [202.27506149 206.69122632]
 [201.26105758 201.26105758]
 [200.17714839 206.24684062]
 [199.790505   205.91144471]
 [200.31106    205.86517766]
 [201.96887753 201.96887753]
 [200.63502258 208.24316436]
 [200.35677273 202.47133805]
 [199.91295556 199.91295556]
 [201.64223636 201.64223636]
 [201.82668435 201.82668435]
 [200.66060769 202.28193093]
 [         nan          nan]
 [200.767      202.85860594]
 [200.6949604  202.39721778]
 [         nan          nan]
 [200.20226339 202.02445357]
 [ 81.39525789 114.23878559]
 [         nan          nan]
 [ 85.70280429 112.20736   ]
 [         nan          nan]
 [ 83.11197175  96.16003   ]
 [ 82.2409049   92.24186571]
 [ 81.60597065  81.60597065]
 [         nan          nan]
 [ 83.06354875  95.15996128]
 [ 80.28534746  80.47523636]
 [ 82.74610577  84.4129    ]
 [ 82.42928914  82.42928914]
 [ 82.155033    83.80919529]
 [ 80.74895194  80.74895194]
 [ 82.39775102  90.36933541]
 [ 81.59035429  85.96755188]
 [ 80.36683354  81.87901887]
 [ 81.42992465  83.55942258]
 [ 80.9000901   80.9000901 ]
 [ 80.8993832   85.44345378]
 [ 80.77050124  80.77050124]
 [ 81.08021607  83.52517667]
 [ 80.79917703  80.79917703]
 [ 80.96037822  80.96037822]
 [         nan          nan]
 [ 80.67187483  82.02891   ]
 [ 79.81838857  79.81838857]
 [ 80.41730677  81.03262336]
 [ 82.3890997   84.73956385]
 [         nan          nan]
 [ 81.85700403  81.85700403]
 [ 81.53595485  82.77295893]
 [ 81.44207923  83.98826125]
 [ 80.27857446  84.25982603]
 [ 80.48373306  80.48373306]
 [ 81.0764476   81.0764476 ]
 [ 81.32857     81.32857   ]
 [ 80.504585    80.504585  ]
 [ 80.78596589  80.78596589]
 [ 80.09240571  80.09240571]
 [ 81.79185477  81.79185477]
 [ 79.95897057  84.29520269]
 [ 79.70639933  79.70639933]
 [ 80.27010273  80.27010273]
 [ 81.01550803  81.01550803]
 [ 79.84744448  80.64765214]
 [ 80.013159    80.38544016]
 [ 80.74011602  83.93263488]
 [ 81.30967701  81.30967701]
 [         nan          nan]]
  T: 16092
  nneurons: 1354
  max_spike_rate_range: (np.float32(4764.4277), np.float32(4764.4277))
  neural_time_bin_size: 64.48362720403023
  unique_reward_amounts: [0.004]
  nrewards: 68
  unique_autoreward: [0.]
  unique_vr_environment: [1.]
  unique_licks: [0. 1. 2. 3. 4. 5.]
  position_range: (np.float64(-50.00000000000001), np.float64(451.0268766990274))
  unique_reward_zone: [0. 1. 2. 3. 4. 5. 6.]
  unique_scanning: [1.]
  speed_range: (np.float64(-1.0995579072062525), np.float64(104.99915570037216))
  unique_teleport: [0. 1.]
  trial_length_range: (np.int64(107), np.int64(214))
  ntrials: 80
Subject: m13, Sessions: [1, 2, 3, 4, 5, 6, 7, 8, 9, 10, 11, 12, 13, 14]
Subject m13, Session 1:
  reward_zone_positions: [[         nan          nan]
 [321.11893077 371.36045625]
 [321.15500693 328.29689688]
 [321.62424082 337.57988462]
 [323.37241429 334.55445126]
 [320.1213875  334.68313333]
 [321.69583824 334.87667812]
 [322.28886735 333.94796667]
 [320.784959   336.20054839]
 [320.53147474 338.73527868]
 [         nan          nan]
 [319.94542727 321.17704082]
 [322.76577143 326.09552562]
 [322.76893129 328.98723077]
 [319.84248265 351.74244   ]
 [320.39931702 333.89350746]
 [320.23127895 395.13187732]
 [322.49015882 334.00924769]
 [         nan          nan]
 [320.56174545 322.54193462]
 [321.27494715 329.20631905]
 [321.129896   322.77334308]
 [320.5108904  321.0548    ]
 [321.72712857 337.70470615]
 [320.13287907 323.7344544 ]
 [321.30859302 322.28335333]
 [         nan          nan]
 [         nan          nan]
 [         nan          nan]
 [323.61040687 397.93762462]
 [320.87976364 397.05020154]
 [320.8758     371.5206    ]
 [318.55120879 371.94006396]
 [320.99095865 320.99095865]
 [321.88228041 325.71906607]
 [321.021275   321.18804038]
 [322.95401474 330.15870288]
 [322.00493939 325.314     ]
 [         nan          nan]
 [321.82996129 353.74592887]
 [324.4961     395.61435612]
 [         nan          nan]
 [323.9275495  396.39076842]
 [320.19091368 396.56760495]
 [324.25451827 400.29189184]
 [         nan          nan]
 [322.84762188 398.91640233]
 [324.10088571 373.48285052]
 [323.14676    334.79984865]
 [322.46827959 339.99920826]
 [320.97595979 343.84930172]
 [322.32411646 346.28365982]
 [323.71093069 333.1683    ]
 [322.39286327 323.5578    ]
 [321.16485312 331.20689434]
 [320.111071   327.44296154]
 [321.593188   322.2618    ]
 [320.20708942 320.20708942]
 [320.72675673 320.72675673]
 [321.03647788 321.6351    ]
 [         nan          nan]
 [321.64548105 339.85397872]
 [321.63212816 398.10436535]
 [321.918651   334.11119062]
 [319.92957158 331.84066386]
 [322.27440309 398.80040536]
 [325.1277875  398.43721237]
 [         nan          nan]
 [320.80572581 321.77333846]
 [320.596325   330.28171154]
 [320.90038081 396.19712857]
 [320.70483402 330.3076    ]
 [323.01223789 325.09055047]
 [321.89610105 322.7981    ]
 [322.6485     328.44946667]
 [321.28075263 336.93662485]
 [319.48464643 319.48464643]
 [321.79587895 330.84363918]
 [         nan          nan]
 [320.43276364 344.27443077]]
  T: 22001
  nneurons: 686
  max_spike_rate_range: (np.float32(10641.3545), np.float32(10641.3545))
  neural_time_bin_size: 64.48362720403023
  unique_reward_amounts: [0.004]
  nrewards: 56
  unique_autoreward: [0.]
  unique_vr_environment: [0.]
  unique_licks: [0. 1. 2. 3. 4. 5. 6.]
  position_range: (np.float64(-50.000000000000014), np.float64(451.47920641247896))
  unique_reward_zone: [0. 1. 2. 3. 4. 5. 6.]
  unique_scanning: [1.]
  speed_range: (np.float64(-1.1201526272576172), np.float64(82.34356520348042))
  unique_teleport: [0. 1.]
  trial_length_range: (np.int64(97), np.int64(355))
  ntrials: 80
Subject m13, Session 2:
  reward_zone_positions: [[321.36599897 396.53371341]
 [321.9875125  395.72392323]
 [         nan          nan]
 [320.38239198 372.11375979]
 [320.1002663  339.29776038]
 [321.52045714 325.99433558]
 [         nan          nan]
 [320.4881     332.6471233 ]
 [320.75962212 320.75962212]
 [322.46790769 323.90346538]
 [322.12169193 331.91204231]
 [320.25854563 320.25854563]
 [320.97513469 325.29068462]
 [323.35025143 330.47021818]
 [320.48660309 320.48660309]
 [322.1725     322.1725    ]
 [322.04249808 322.97561753]
 [322.56924231 324.44286   ]
 [319.79153684 328.41186923]
 [322.8148625  326.3294    ]
 [         nan          nan]
 [320.41239114 339.50710385]
 [321.49837423 333.41353486]
 [         nan          nan]
 [321.73507732 326.39225192]
 [322.35246609 322.35246609]
 [322.03822744 331.84475517]
 [321.20775714 326.05619474]
 [320.026704   329.5299087 ]
 [321.40829417 321.40829417]
 [322.49581538 322.49581538]
 [322.7084355  331.22303409]
 [322.05559118 329.62555431]
 [320.88555577 320.88555577]
 [320.67021646 320.67021646]
 [321.72841656 332.62416346]
 [320.44675937 320.44675937]
 [321.22372268 329.06359032]
 [         nan          nan]
 [320.45286923 321.30045   ]
 [320.52945918 326.67892233]
 [322.44668191 330.33208182]
 [321.40877423 338.49382222]
 [320.27920745 331.82068136]
 [322.27811845 323.36462571]
 [         nan          nan]
 [321.72058791 321.72058791]
 [320.79552245 324.67867184]
 [323.49719697 333.46538193]
 [319.93621485 333.98164   ]
 [         nan          nan]
 [322.97961546 327.79408462]
 [322.68597368 330.7351506 ]
 [320.86027545 353.12930169]
 [320.54420619 325.56907019]
 [320.62343267 327.27983462]
 [320.22300063 331.24307421]
 [321.70932353 324.63997258]
 [320.98381154 323.03551935]
 [320.15046667 320.15046667]
 [320.15262424 327.76811959]
 [321.08367113 334.28538462]
 [         nan          nan]
 [         nan          nan]
 [323.00508672 324.56987869]
 [320.698741   328.02987103]
 [321.73923871 323.90528462]
 [321.54578776 356.2706328 ]
 [322.63543269 325.0925    ]
 [324.18102234 396.777888  ]
 [321.46384459 323.17729038]
 [320.81304105 320.81304105]
 [         nan          nan]
 [321.58206    336.34390149]
 [322.10799535 323.97761134]
 [320.8315     329.72504444]
 [         nan          nan]
 [322.29462946 324.45488387]
 [         nan          nan]
 [322.8107768  325.60731429]]
  T: 21590
  nneurons: 550
  max_spike_rate_range: (np.float32(27207.787), np.float32(27207.787))
  neural_time_bin_size: 64.48362720403023
  unique_reward_amounts: [0.004]
  nrewards: 65
  unique_autoreward: [0.]
  unique_vr_environment: [0.]
  unique_licks: [0. 1. 2. 3. 4. 5. 6.]
  position_range: (np.float64(-50.000000000000014), np.float64(451.0563279792749))
  unique_reward_zone: [0. 1. 2. 3. 4. 5. 6.]
  unique_scanning: [1.]
  speed_range: (np.float64(-0.5671590981195929), np.float64(80.65573501254822))
  unique_teleport: [0. 1.]
  trial_length_range: (np.int64(115), np.int64(387))
  ntrials: 80
Subject m13, Session 3:
  reward_zone_positions: [[         nan          nan]
 [321.83378235 325.27703077]
 [321.00503093 322.76555146]
 [321.69371    323.80946731]
 [         nan          nan]
 [320.57571037 373.03798876]
 [323.29461735 330.74470857]
 [320.84491    322.11404615]
 [320.39267961 322.19606923]
 [320.67367368 327.86906667]
 [321.47460947 329.19158942]
 [320.42016    320.42016   ]
 [319.91070588 327.976332  ]
 [321.76599157 321.76599157]
 [         nan          nan]
 [320.37216061 340.15177027]
 [320.99446875 325.59581827]
 [321.16752727 333.01554286]
 [323.21558065 337.88405   ]
 [322.69114808 324.43060612]
 [320.55331845 329.52662174]
 [320.45908421 326.59177152]
 [320.62356804 323.7513973 ]
 [320.18464688 321.00158807]
 [320.99744854 322.91382   ]
 [         nan          nan]
 [321.69517043 321.69517043]
 [320.46993636 334.92008824]
 [319.78222963 329.98448462]
 [321.700815   323.56024904]
 [         nan          nan]
 [201.9556551  213.47899231]
 [201.92956082 204.5496375 ]
 [         nan          nan]
 [         nan          nan]
 [200.62268235 202.40314393]
 [201.90751386 224.02680541]
 [201.34097576 213.43678764]
 [202.272542   207.86641786]
 [204.19083939 224.74466304]
 [200.5738367  202.42055912]
 [         nan          nan]
 [200.867575   200.867575  ]
 [201.36513895 214.18311731]
 [         nan          nan]
 [201.61551485 213.8791    ]
 [202.4808     202.4808    ]
 [200.33347031 212.48090412]
 [204.60649474 209.78521736]
 [203.5374963  206.28053864]
 [202.81083019 217.99410909]
 [         nan          nan]
 [201.14822632 206.36305957]
 [202.791116   216.06404757]
 [         nan          nan]
 [200.706666   218.25821   ]
 [200.52589091 207.27995556]
 [200.6776     210.91963077]
 [200.65361463 215.61624176]
 [200.69482812 212.34926667]
 [201.91559565 223.11608776]
 [200.65662632 200.65662632]
 [202.84361818 213.49883173]
 [202.76480957 202.76480957]
 [200.8844375  217.72532524]
 [200.49064917 202.44713696]
 [200.01310309 226.86239685]
 [         nan          nan]
 [201.12160198 221.613392  ]
 [202.73109091 212.5678    ]
 [200.46314    210.02722787]
 [201.5215041  201.5215041 ]
 [202.66578571 202.66578571]
 [201.98284    205.46393846]
 [201.80543469 205.873828  ]
 [         nan          nan]
 [203.80242021 209.76968   ]
 [202.40464545 204.51156747]
 [200.0965     211.63263846]
 [202.64692812 208.15973175]]
  T: 20990
  nneurons: 616
  max_spike_rate_range: (np.float32(27488.637), np.float32(27488.637))
  neural_time_bin_size: 64.48362720403023
  unique_reward_amounts: [0.004]
  nrewards: 67
  unique_autoreward: [0.]
  unique_vr_environment: [0.]
  unique_licks: [0. 1. 2. 3. 4. 5.]
  position_range: (np.float64(-50.00000000000001), np.float64(451.1222352941167))
  unique_reward_zone: [0. 1. 2. 3. 4. 5. 6.]
  unique_scanning: [1.]
  speed_range: (np.float64(-1.3387717446753606), np.float64(87.249293468911))
  unique_teleport: [0. 1.]
  trial_length_range: (np.int64(142), np.int64(444))
  ntrials: 80
Subject m13, Session 4:
  reward_zone_positions: [[201.52173654 203.42332857]
 [200.85377684 207.46113143]
 [200.788756   207.7648125 ]
 [200.25168163 202.08746923]
 [200.80676915 209.27390313]
 [200.74827895 208.037108  ]
 [         nan          nan]
 [201.462732   201.462732  ]
 [200.56249381 205.89883529]
 [201.80375055 203.45641136]
 [200.24986364 200.24986364]
 [200.7672     204.800928  ]
 [201.42036733 201.42036733]
 [200.75956117 208.27614038]
 [200.1487732  208.01689485]
 [202.83569091 204.65882941]
 [200.71282188 207.50751818]
 [         nan          nan]
 [200.83724536 213.70870962]
 [200.56497368 214.95895876]
 [202.08183846 202.08183846]
 [201.37520532 244.2899    ]
 [200.27504388 204.98211848]
 [200.04168462 202.19416154]
 [202.2289125  210.17732727]
 [200.63180312 208.03986271]
 [201.08105106 213.19741573]
 [200.4078567  212.21353786]
 [         nan          nan]
 [202.33693085 213.33761739]
 [202.07222195 202.07222195]
 [201.72645357 204.19653617]
 [201.46956535 201.46956535]
 [204.77023789 211.30007113]
 [201.53235769 203.87878866]
 [200.60146995 200.60146995]
 [201.07954388 207.56782121]
 [200.66914433 200.66914433]
 [199.802525   209.35872596]
 [200.12332    207.53468   ]
 [202.24829545 202.24829545]
 [202.2144541  204.2290084 ]
 [         nan          nan]
 [201.70024878 207.0440063 ]
 [         nan          nan]
 [203.6578     209.94717559]
 [201.74954894 206.43548571]
 [200.98881321 209.548215  ]
 [200.78786614 200.78786614]
 [203.18685313 208.62938615]
 [200.38560316 205.36923692]
 [200.5938875  211.9393392 ]
 [202.55182927 207.78018615]
 [200.89769077 202.37422093]
 [200.38455625 211.61908462]
 [200.577125   208.83037045]
 [200.74534844 213.49053571]
 [201.48558676 201.48558676]
 [200.99188964 205.02248492]
 [201.11997561 202.87527674]
 [200.33377308 202.40563438]
 [202.85315361 208.31929851]
 [202.7785     207.54200551]
 [200.05970597 212.07433209]
 [201.90746977 206.64467447]
 [         nan          nan]
 [202.76081122 202.76081122]
 [201.45695625 212.1655    ]
 [201.34382021 210.20376907]
 [201.15340667 205.61810206]
 [201.63596211 204.76755   ]
 [200.42348557 210.08471818]
 [         nan          nan]
 [         nan          nan]
 [201.77219388 213.13321651]
 [200.46259485 200.46259485]
 [201.43733234 201.43733234]
 [         nan          nan]
 [200.98072143 206.97732917]
 [201.62278571 215.70391176]]
  T: 19590
  nneurons: 503
  max_spike_rate_range: (np.float32(26065.855), np.float32(26065.855))
  neural_time_bin_size: 64.48362720403023
  unique_reward_amounts: [0.004]
  nrewards: 71
  unique_autoreward: [0.]
  unique_vr_environment: [0.]
  unique_licks: [0. 1. 2. 3. 4. 5.]
  position_range: (np.float64(-50.00000000000001), np.float64(451.0941242214535))
  unique_reward_zone: [0. 1. 2. 3. 4. 5. 6.]
  unique_scanning: [1.]
  speed_range: (np.float64(-1.1724525965272603), np.float64(86.05813786487249))
  unique_teleport: [0. 1.]
  trial_length_range: (np.int64(131), np.int64(296))
  ntrials: 80
Subject m13, Session 5:
  reward_zone_positions: [[200.75344894 202.78825   ]
 [200.35654324 200.35654324]
 [202.02256421 208.16291217]
 [200.38715    206.97538265]
 [201.89425577 203.81525514]
 [         nan          nan]
 [201.7391268  203.83678663]
 [200.28881    211.93758485]
 [200.27083878 207.02004231]
 [200.65715213 208.83844286]
 [201.85493333 206.15536923]
 [200.29890206 209.3418    ]
 [201.26360526 201.26360526]
 [         nan          nan]
 [200.72747835 205.10176168]
 [201.82058485 201.82058485]
 [200.78955    204.83354545]
 [200.77794519 201.86303883]
 [202.63512143 207.17272404]
 [201.07071818 208.14967692]
 [201.86483333 208.80674845]
 [203.14345897 204.57136095]
 [203.30499674 208.00701321]
 [200.18942872 203.91568462]
 [203.00935    226.18123333]
 [202.59704681 209.59974062]
 [200.73666596 200.73666596]
 [200.25600842 213.26763438]
 [200.01951667 209.74080574]
 [200.65706923 200.65706923]
 [         nan          nan]
 [ 81.90374041  86.73957412]
 [ 81.39140202  95.15607254]
 [ 82.46402216  93.26345   ]
 [ 83.57259    106.42694421]
 [ 81.75642755  81.75642755]
 [         nan          nan]
 [ 83.48603918  85.85418244]
 [ 80.64289278  85.95969245]
 [         nan          nan]
 [         nan          nan]
 [ 82.64389891  98.70429758]
 [ 83.65026091  87.96454947]
 [ 80.70505907  88.12713062]
 [ 81.5946399   83.30862924]
 [         nan          nan]
 [ 80.18164864  93.50760391]
 [ 81.03977923  91.07685118]
 [ 83.6922101   93.39672875]
 [         nan          nan]
 [ 81.75915255  91.01814462]
 [ 80.62640364  80.62640364]
 [ 80.95489721  80.95489721]
 [ 81.48184714  87.50216667]
 [         nan          nan]
 [ 81.74750256  81.74750256]
 [ 81.09157455  86.25357271]
 [         nan          nan]
 [ 81.42439571  83.46595769]
 [ 80.69999625  87.865925  ]
 [         nan          nan]
 [ 81.76719875  83.613644  ]
 [ 81.53432912  84.96260031]
 [ 80.28722556 112.28584884]
 [ 82.308444    89.37594985]
 [ 84.213131    92.1628025 ]
 [ 80.72461023  80.72461023]
 [ 81.02587909  81.02587909]
 [ 81.21043953  88.08848386]
 [ 80.37793104  84.06375089]
 [ 80.79504673  80.94428343]
 [ 80.97898179  84.14679857]
 [ 82.17278231  85.75394   ]
 [         nan          nan]
 [ 81.75309195  83.31088308]
 [         nan          nan]
 [ 82.70048526  86.76224884]
 [ 81.69204402  84.42315253]
 [ 79.94879043  82.93441154]
 [         nan          nan]]
  T: 18862
  nneurons: 704
  max_spike_rate_range: (np.float32(25635.832), np.float32(25635.832))
  neural_time_bin_size: 64.48362720403023
  unique_reward_amounts: [0.004]
  nrewards: 66
  unique_autoreward: [0.]
  unique_vr_environment: [0.]
  unique_licks: [0. 1. 2. 3. 4. 5.]
  position_range: (np.float64(-50.000000000000014), np.float64(450.2505154639165))
  unique_reward_zone: [0. 1. 2. 3. 4. 5. 6.]
  unique_scanning: [1.]
  speed_range: (np.float64(-1.3661967543334508), np.float64(83.9052652303114))
  unique_teleport: [0. 1.]
  trial_length_range: (np.int64(127), np.int64(323))
  ntrials: 80
Subject m13, Session 6:
  reward_zone_positions: [[         nan          nan]
 [ 80.02707011  87.2234725 ]
 [ 79.94945265  84.27286269]
 [ 81.41716727  86.09453105]
 [         nan          nan]
 [ 80.74926606  80.74926606]
 [ 80.33094443  81.14652889]
 [ 81.73009099  85.88378173]
 [ 80.98696288  80.98696288]
 [ 80.33887429  81.55474885]
 [ 80.67710154  81.39118878]
 [ 81.66326273  83.27527737]
 [ 80.74519737  83.42039458]
 [ 81.19966038  82.76425298]
 [ 81.15455625  82.35380135]
 [ 80.85984562  84.38034462]
 [ 80.58212392  85.51110536]
 [ 79.94731255  79.94731255]
 [ 81.18754881  83.74633426]
 [ 81.69667553  83.46242851]
 [ 80.87838128  85.94310096]
 [ 80.45408904  81.85194602]
 [ 80.85649562  83.90326937]
 [         nan          nan]
 [ 81.74088105  84.84753558]
 [ 80.07087448  80.07087448]
 [ 81.09689273  84.40101099]
 [ 81.20521053  81.20521053]
 [ 80.94128     82.66185835]
 [         nan          nan]
 [ 81.02492649  85.22407737]
 [ 80.5869372   80.5869372 ]
 [ 80.26041462  81.287665  ]
 [ 81.92674052  81.92674052]
 [ 81.42610758  82.35869211]
 [ 80.21696043  84.57623692]
 [ 80.91864905  82.47103789]
 [ 80.57924519  80.57924519]
 [ 79.694805    79.694805  ]
 [ 80.3209475   80.3209475 ]
 [ 81.01488038  81.01488038]
 [         nan          nan]
 [ 81.84147368  83.35041538]
 [ 81.58341     88.92014   ]
 [ 80.55031947  84.07588269]
 [ 80.66457921  80.66457921]
 [ 81.21430479  82.83427635]
 [ 82.6305199   85.27854455]
 [ 80.04609367 157.47505   ]
 [ 79.88073059  79.88073059]
 [ 80.71653385  82.89307   ]
 [ 82.03164075  83.93860265]
 [ 80.45434645  83.6802761 ]
 [ 80.05491526  83.59244712]
 [         nan          nan]
 [ 81.33940519  82.32778273]
 [ 81.83928381  86.35634505]
 [ 80.45852893  80.45852893]
 [ 82.00084592  83.08106118]
 [ 81.05578175  82.64328588]
 [ 80.82364643  84.27981174]
 [         nan          nan]
 [         nan          nan]
 [         nan          nan]
 [ 81.670535    86.15835049]
 [ 80.58691074  87.80247149]
 [ 80.37350137  80.37350137]
 [ 80.07410613  84.98936175]
 [ 80.6826829   82.64352769]
 [ 81.32678394  82.91017181]
 [ 80.91932211 157.519303  ]
 [ 81.14008188  86.32039281]
 [         nan          nan]
 [ 81.29230891  84.37060622]
 [ 81.64423673  83.64321187]
 [ 80.36581077  81.24317317]
 [ 81.95395074  83.1248448 ]
 [ 80.19148786  86.04689453]
 [ 80.15454307  81.89638366]
 [ 80.89894558  80.89894558]]
  T: 17885
  nneurons: 519
  max_spike_rate_range: (np.float32(27816.697), np.float32(27816.697))
  neural_time_bin_size: 64.48362720403023
  unique_reward_amounts: [0.004]
  nrewards: 68
  unique_autoreward: [0.]
  unique_vr_environment: [0.]
  unique_licks: [0. 1. 2. 3. 4. 5.]
  position_range: (np.float64(-50.00000000000001), np.float64(450.94308361774745))
  unique_reward_zone: [0. 1. 2. 3. 4. 5. 6.]
  unique_scanning: [1.]
  speed_range: (np.float64(-1.008260993945726), np.float64(84.53756194659317))
  unique_teleport: [0. 1.]
  trial_length_range: (np.int64(117), np.int64(334))
  ntrials: 80
Subject m13, Session 7:
  reward_zone_positions: [[ 80.88356    155.29033607]
 [ 82.1513509   82.1513509 ]
 [ 80.33322538  80.33322538]
 [ 81.80113286  81.80113286]
 [ 80.55700252  80.55700252]
 [ 82.01279526 156.80233263]
 [ 80.98574534  83.72150215]
 [ 80.05672371  84.64264091]
 [         nan          nan]
 [ 81.70241727  82.84494154]
 [ 80.28906307  82.49088   ]
 [ 80.26915     86.76460735]
 [ 80.53956737  82.31891231]
 [ 79.82015477  81.75172308]
 [ 80.06334633  82.217266  ]
 [         nan          nan]
 [         nan          nan]
 [ 80.971       82.68362337]
 [ 81.81029383  83.92915634]
 [         nan          nan]
 [ 81.08345313  84.41463923]
 [ 80.90117864  82.56288078]
 [ 81.7068744   81.7068744 ]
 [ 79.72994719  79.72994719]
 [         nan          nan]
 [         nan          nan]
 [ 80.49307769  81.54978298]
 [ 80.95270642  82.7030229 ]
 [ 80.25233154  80.25233154]
 [ 80.24480979  83.82154462]
 [322.1098142  373.54873125]
 [323.305398   372.95202981]
 [322.15624272 322.15624272]
 [323.06890909 339.07461731]
 [320.0185898  328.90559633]
 [         nan          nan]
 [323.58873125 329.77553879]
 [321.94025435 321.94025435]
 [320.95814386 332.57458435]
 [         nan          nan]
 [319.92428443 331.31169709]
 [321.6308472  329.11266441]
 [321.96968971 321.96968971]
 [322.73884796 329.68154038]
 [321.02347143 324.49857632]
 [322.05519687 322.05519687]
 [320.8168     320.8168    ]
 [322.3809027  324.31303   ]
 [323.07076098 331.29526364]
 [320.78487551 325.3815024 ]
 [         nan          nan]
 [321.80801341 328.70916154]
 [321.04426281 323.83173077]
 [         nan          nan]
 [         nan          nan]
 [321.8422375  324.6602    ]
 [322.26458387 327.30667177]
 [321.85712    321.85712   ]
 [322.10237115 323.45188672]
 [322.9749375  339.26675714]
 [321.85483    323.72595481]
 [320.74311224 320.74311224]
 [321.90187551 323.49928136]
 [         nan          nan]
 [323.09761905 331.93749709]
 [320.77608235 322.45612683]
 [320.05128454 324.32378923]
 [323.53245827 330.765675  ]
 [320.43687576 320.43687576]
 [320.7576374  320.7576374 ]
 [321.28918788 329.09621626]
 [320.68407891 322.77345469]
 [321.72010517 324.25862957]
 [         nan          nan]
 [320.153548   329.25268   ]
 [322.01616183 322.01616183]
 [321.21821068 325.56291429]
 [324.23256098 327.2050814 ]
 [320.179625   326.22866512]
 [320.2043773  327.33485   ]]
  T: 19331
  nneurons: 834
  max_spike_rate_range: (np.float32(6717.5635), np.float32(6717.5635))
  neural_time_bin_size: 64.48362720403023
  unique_reward_amounts: [0.004]
  nrewards: 65
  unique_autoreward: [0.]
  unique_vr_environment: [0.]
  unique_licks: [0. 1. 2. 3. 4. 5. 6.]
  position_range: (np.float64(-50.00000000000001), np.float64(450.7894545454545))
  unique_reward_zone: [0. 1. 2. 3. 4. 5. 6.]
  unique_scanning: [1.]
  speed_range: (np.float64(-0.9583621642166872), np.float64(91.19205868436885))
  unique_teleport: [0. 1.]
  trial_length_range: (np.int64(120), np.int64(263))
  ntrials: 80
Subject m13, Session 8:
  reward_zone_positions: [[321.54925152 325.4675    ]
 [         nan          nan]
 [321.24516489 321.24516489]
 [         nan          nan]
 [         nan          nan]
 [320.8475625  330.47568462]
 [321.30075    325.31100496]
 [320.2118816  320.2118816 ]
 [322.00665385 329.68436491]
 [320.68473617 324.24069091]
 [320.45769448 323.19348136]
 [320.84859231 322.26642414]
 [320.605712   320.605712  ]
 [320.89014314 320.89014314]
 [320.89821474 325.77256216]
 [322.3232439  329.28433084]
 [320.158718   326.06830971]
 [321.21670769 323.1113    ]
 [320.97207692 320.97207692]
 [321.78917327 325.2564    ]
 [320.21316634 323.58044675]
 [320.36020087 321.61479655]
 [321.24000736 325.05640962]
 [320.28141633 322.95973719]
 [320.58235714 322.50249231]
 [321.03198655 326.473087  ]
 [321.5163     323.6917    ]
 [320.61210526 326.289217  ]
 [320.78962577 320.78962577]
 [320.37240571 325.50810748]
 [ 81.63678468 131.54530588]
 [ 80.05560174  80.05560174]
 [ 81.69002232  86.69584286]
 [ 81.43372541  84.16493096]
 [         nan          nan]
 [ 82.86064368 102.800692  ]
 [ 82.68983011  87.21758043]
 [ 83.30074762  91.13149545]
 [         nan          nan]
 [ 84.20728     96.04213968]
 [ 83.12939143  89.1455425 ]
 [ 80.25534743  85.48568   ]
 [ 80.8877092   88.9349293 ]
 [ 81.0366134   88.86423567]
 [ 80.79553754  80.79553754]
 [ 81.00619056  83.3594104 ]
 [ 81.9146211   84.37880093]
 [ 82.063031    90.18104449]
 [ 81.3957      82.14742238]
 [ 82.63860154  84.09340224]
 [ 80.0821662   80.0821662 ]
 [         nan          nan]
 [ 80.11294175  80.11294175]
 [ 80.19900891  80.19900891]
 [ 81.57478476  83.37958204]
 [         nan          nan]
 [         nan          nan]
 [ 81.20847875  83.49495043]
 [ 80.81142714  80.81142714]
 [         nan          nan]
 [ 80.07315417  80.50153402]
 [ 80.60529365  81.16962116]
 [         nan          nan]
 [ 80.95195984  86.17944628]
 [ 82.75636059  82.75636059]
 [ 79.86223567  83.95430589]
 [ 80.24739875  83.38554337]
 [ 82.27419692  82.27419692]
 [ 79.86890563  79.86890563]
 [ 80.99975211  80.99975211]
 [ 80.42811     80.42811   ]
 [ 79.84796264  79.84796264]
 [ 80.01874615  82.84131285]
 [ 80.58258154  80.58258154]
 [ 81.1790113   81.1790113 ]
 [ 80.16936495  80.16936495]
 [ 80.1904693   80.1904693 ]
 [         nan          nan]
 [ 81.45918154  81.45918154]
 [ 80.68701961  82.18656961]]
  T: 18477
  nneurons: 707
  max_spike_rate_range: (np.float32(5823.401), np.float32(5823.401))
  neural_time_bin_size: 64.48362720403023
  unique_reward_amounts: [0.004]
  nrewards: 69
  unique_autoreward: [0.]
  unique_vr_environment: [0. 1.]
  unique_licks: [0. 1. 2. 3. 4. 5. 6.]
  position_range: (np.float64(-50.000000000000014), np.float64(451.3468806070823))
  unique_reward_zone: [0. 1. 2. 3. 4. 5. 6.]
  unique_scanning: [1.]
  speed_range: (np.float64(-1.0810847452035592), np.float64(88.62220008089017))
  unique_teleport: [0. 1.]
  trial_length_range: (np.int64(113), np.int64(466))
  ntrials: 80
Subject m13, Session 9:
  reward_zone_positions: [[        nan         nan]
 [80.24949243 80.24949243]
 [81.38340814 81.38340814]
 [81.77859558 84.10019   ]
 [79.93412337 79.93412337]
 [80.24484585 80.24484585]
 [80.19318106 80.47944   ]
 [80.30435898 82.63104377]
 [79.97418455 79.97418455]
 [80.05154128 81.58243505]
 [        nan         nan]
 [        nan         nan]
 [79.96639028 79.96639028]
 [79.6535673  79.6535673 ]
 [79.58218927 79.58218927]
 [79.94813866 80.71841783]
 [80.74036607 80.74036607]
 [79.97372759 82.5210285 ]
 [        nan         nan]
 [80.47861038 80.78324755]
 [        nan         nan]
 [80.13174333 80.13174333]
 [79.79486125 80.99510923]
 [80.028437   83.35289094]
 [80.56920755 81.32158421]
 [80.73908385 82.25822685]
 [        nan         nan]
 [80.06070867 85.31479391]
 [80.52107214 81.34612531]
 [80.08503861 82.96605444]
 [        nan         nan]
 [80.73681703 80.73681703]
 [81.01328536 81.01328536]
 [80.78099723 82.11707731]
 [        nan         nan]
 [81.7112686  88.95684184]
 [80.66057961 80.66057961]
 [79.98127429 82.41313739]
 [80.624655   81.52479323]
 [        nan         nan]
 [80.17052364 80.65816   ]
 [80.2017557  82.8950437 ]
 [80.32485197 80.32485197]
 [80.19197061 83.55439351]
 [79.90835355 81.08454923]
 [82.32977212 83.06976769]
 [80.23241571 90.37418809]
 [        nan         nan]
 [80.0727     83.56648436]
 [80.12053887 80.12053887]
 [        nan         nan]
 [81.30113308 81.30113308]
 [81.11267    81.11267   ]
 [80.40753909 80.40753909]
 [79.919766   80.91094692]
 [80.60097773 81.74640644]
 [82.55286774 83.97025808]
 [79.88125483 79.88125483]
 [80.30500917 82.03941424]
 [81.12323192 81.98942361]
 [80.9464056  80.9464056 ]
 [80.3284675  80.3284675 ]
 [        nan         nan]
 [82.00813    82.00813   ]
 [80.38819077 81.24159766]
 [        nan         nan]
 [        nan         nan]
 [80.22912255 85.65911833]
 [        nan         nan]
 [        nan         nan]
 [80.661895   84.25058041]
 [82.46409216 82.46409216]
 [        nan         nan]
 [80.91847609 82.57390279]
 [81.24606442 82.501985  ]
 [        nan         nan]
 [81.02946976 81.02946976]
 [80.59962615 82.07944404]
 [80.06324615 81.29985429]
 [        nan         nan]]
  T: 18746
  nneurons: 557
  max_spike_rate_range: (np.float32(27243.152), np.float32(27243.152))
  neural_time_bin_size: 64.48362720403023
  unique_reward_amounts: [0.004]
  nrewards: 61
  unique_autoreward: [0.]
  unique_vr_environment: [1.]
  unique_licks: [0. 1. 2. 3. 4. 5.]
  position_range: (np.float64(-50.00000000000001), np.float64(451.7100791304344))
  unique_reward_zone: [0. 1. 2. 3. 4. 5. 6.]
  unique_scanning: [1.]
  speed_range: (np.float64(-0.7027093077659119), np.float64(86.06791023338053))
  unique_teleport: [0. 1.]
  trial_length_range: (np.int64(122), np.int64(231))
  ntrials: 80
Subject m13, Session 10:
  reward_zone_positions: [[ 81.08542308  81.08542308]
 [ 80.73778895  82.75280429]
 [         nan          nan]
 [ 80.26213656  80.26213656]
 [ 79.9137933   80.92754277]
 [ 79.7846975   79.7846975 ]
 [ 81.81828652  85.87243692]
 [ 80.22614     81.32360231]
 [ 79.74053313  79.74053313]
 [ 80.61059369  80.61059369]
 [ 80.03419592  80.03419592]
 [ 79.90247308  80.15374577]
 [ 81.12020458  83.7684049 ]
 [         nan          nan]
 [ 80.96946269  80.96946269]
 [ 79.94975848  79.94975848]
 [ 79.87103947  81.51786538]
 [ 80.75895277  80.75895277]
 [         nan          nan]
 [ 80.64051106  94.60961667]
 [ 80.0325      85.41084385]
 [ 80.73521325  85.22232202]
 [ 80.5434866   82.03378091]
 [ 79.89836     79.89836   ]
 [         nan          nan]
 [ 81.65122732  95.23038   ]
 [         nan          nan]
 [ 80.48368808  80.93933208]
 [ 79.86042692  79.86042692]
 [ 80.96202444  80.96202444]
 [202.10220396 225.08733051]
 [199.99183871 202.7434303 ]
 [200.40214592 206.34468462]
 [199.99581656 204.78609908]
 [200.80363053 209.2301973 ]
 [200.41072165 207.39456034]
 [202.14950632 206.46684911]
 [200.44192941 201.73587091]
 [200.29795    202.45891563]
 [202.17234135 202.17234135]
 [         nan          nan]
 [201.39105652 207.45844615]
 [200.4043125  200.4043125 ]
 [202.29474103 202.29474103]
 [200.40633939 204.25112115]
 [201.39530412 208.04024602]
 [203.13708515 206.51888205]
 [201.1267433  208.08391635]
 [         nan          nan]
 [200.59843469 204.4590551 ]
 [200.8403626  200.8403626 ]
 [200.71061856 200.71061856]
 [200.1562     200.1562    ]
 [201.65365    205.01880777]
 [200.32480825 200.32480825]
 [         nan          nan]
 [         nan          nan]
 [         nan          nan]
 [200.88908253 205.9577959 ]
 [199.82784894 199.82784894]
 [201.01177368 201.01177368]
 [201.028048   201.028048  ]
 [201.12909808 209.542357  ]
 [200.55455979 211.48755   ]
 [201.24074808 201.24074808]
 [200.88818058 200.88818058]
 [200.20950206 200.20950206]
 [201.46317419 207.40429038]
 [         nan          nan]
 [201.203372   201.203372  ]
 [199.97108125 201.53966442]
 [         nan          nan]
 [202.97912903 204.46721935]
 [         nan          nan]
 [203.06865876 208.07468571]
 [201.66310213 207.83761165]
 [201.74201875 208.32729072]
 [202.46772449 205.830916  ]
 [200.57220251 200.57220251]
 [200.36387835 212.74834138]]
  T: 21364
  nneurons: 603
  max_spike_rate_range: (np.float32(26900.734), np.float32(26900.734))
  neural_time_bin_size: 64.48362720403023
  unique_reward_amounts: [0.004]
  nrewards: 67
  unique_autoreward: [0.]
  unique_vr_environment: [1.]
  unique_licks: [0. 1. 2. 3. 4. 5. 6.]
  position_range: (np.float64(-50.000000000000014), np.float64(450.3788355828219))
  unique_reward_zone: [0. 1. 2. 3. 4. 5. 6.]
  unique_scanning: [1.]
  speed_range: (np.float64(-1.216847199029301), np.float64(84.94248590229844))
  unique_teleport: [0. 1.]
  trial_length_range: (np.int64(132), np.int64(348))
  ntrials: 80
Subject m13, Session 11:
  reward_zone_positions: [[201.45339448 201.45339448]
 [201.337572   201.337572  ]
 [201.61727403 201.61727403]
 [202.06616495 233.825432  ]
 [200.46003672 204.48116364]
 [200.53947638 200.58152308]
 [200.56198636 200.56198636]
 [200.63077442 204.72729764]
 [200.84793721 206.84429647]
 [         nan          nan]
 [202.45990928 202.45990928]
 [199.99323125 202.18030769]
 [200.10433654 200.10433654]
 [201.655636   207.95209519]
 [200.99715155 208.55445577]
 [202.15755625 206.61483365]
 [201.46561031 205.49154615]
 [         nan          nan]
 [201.78651503 208.17020769]
 [200.81808571 200.81808571]
 [200.58608713 200.58608713]
 [         nan          nan]
 [199.99387596 199.99387596]
 [201.93833226 205.7317243 ]
 [201.6464     206.13418387]
 [200.32452581 207.34497692]
 [201.3962596  205.43094074]
 [201.82046522 208.637876  ]
 [         nan          nan]
 [200.6831     200.6831    ]
 [202.48717826 202.48717826]
 [202.17972    205.90071562]
 [201.5997375  205.92328349]
 [202.36247526 275.06185893]
 [         nan          nan]
 [200.04389573 200.04389573]
 [199.99566452 207.80539709]
 [201.35704    206.19423415]
 [         nan          nan]
 [         nan          nan]
 [200.14939895 206.33664808]
 [199.82007826 206.51534107]
 [200.90835789 203.25105865]
 [201.18179091 207.91770357]
 [201.77522766 204.53102245]
 [200.13344066 207.26079091]
 [200.84807368 200.84807368]
 [         nan          nan]
 [201.64710303 201.64710303]
 [         nan          nan]
 [201.50530875 203.33659038]
 [         nan          nan]
 [201.88018302 205.29488919]
 [         nan          nan]
 [202.39764356 210.02105962]
 [200.29424516 206.81029615]
 [200.5701551  207.60774973]
 [         nan          nan]
 [200.8119     200.8119    ]
 [200.42690323 202.39679709]
 [199.75489789 204.756475  ]
 [202.0448551  208.62761429]
 [199.85649394 203.22130328]
 [200.49304921 200.49304921]
 [201.94325385 203.61536727]
 [201.35714    205.43510992]
 [200.15686129 203.53067158]
 [200.17063438 201.29839143]
 [199.7144875  247.94407929]
 [201.27362775 203.40906122]
 [200.98071442 200.98071442]
 [202.49591368 206.51957705]
 [199.84742128 237.42463846]
 [200.70604545 207.3918976 ]
 [200.66475758 205.952     ]
 [         nan          nan]
 [201.44913939 201.44913939]
 [201.67027857 203.6275    ]
 [200.30942344 202.00448166]
 [201.33853361 203.77759899]]
  T: 24763
  nneurons: 657
  max_spike_rate_range: (np.float32(28291.951), np.float32(28291.951))
  neural_time_bin_size: 64.48362720403023
  unique_reward_amounts: [0.004]
  nrewards: 66
  unique_autoreward: [0.]
  unique_vr_environment: [1.]
  unique_licks: [0. 1. 2. 3. 4. 5. 6.]
  position_range: (np.float64(-50.000000000000014), np.float64(451.474039175258))
  unique_reward_zone: [0. 1. 2. 3. 4. 5. 6.]
  unique_scanning: [1.]
  speed_range: (np.float64(-1.925784359250467), np.float64(74.76617454665666))
  unique_teleport: [0. 1.]
  trial_length_range: (np.int64(130), np.int64(457))
  ntrials: 80
Subject m13, Session 12:
  reward_zone_positions: [[         nan          nan]
 [201.01649898 208.126408  ]
 [200.524975   202.00967404]
 [200.78489375 205.07450702]
 [200.19819091 204.40843077]
 [201.39255743 204.5465129 ]
 [         nan          nan]
 [201.030136   207.80035913]
 [200.65188151 202.87751053]
 [202.00994839 207.79578348]
 [201.07477049 201.07477049]
 [200.87022474 202.88091942]
 [         nan          nan]
 [201.38163415 205.33681538]
 [200.64730744 202.11694   ]
 [200.75415294 207.99642154]
 [201.50703333 204.96610625]
 [200.5021186  200.5021186 ]
 [         nan          nan]
 [         nan          nan]
 [200.92677977 200.92677977]
 [201.65669244 201.65669244]
 [200.33540722 203.94050089]
 [201.14268    207.53452212]
 [201.5138252  203.2760875 ]
 [         nan          nan]
 [         nan          nan]
 [         nan          nan]
 [         nan          nan]
 [         nan          nan]
 [321.02464639 371.48784599]
 [321.69613953 329.45117557]
 [320.40813166 330.18636279]
 [         nan          nan]
 [321.68683721 326.65461667]
 [320.49795581 325.78468372]
 [321.01212558 329.88818015]
 [320.50894419 329.44123893]
 [321.18350812 323.97653256]
 [320.60507059 325.8553932 ]
 [320.85765474 320.85765474]
 [321.71775    328.12641359]
 [         nan          nan]
 [320.7235506  320.7235506 ]
 [320.55776535 323.61002885]
 [321.96775941 325.61369697]
 [322.03075    326.44482338]
 [320.44873478 320.44873478]
 [320.79218862 327.69702   ]
 [321.02213548 321.91514245]
 [         nan          nan]
 [         nan          nan]
 [323.30622866 325.69199245]
 [320.98880769 320.98880769]
 [320.91112187 329.08529459]
 [         nan          nan]
 [321.7292866  323.89870769]
 [321.07342162 321.07342162]
 [320.88209072 325.49079048]
 [321.7654     324.64445385]
 [321.36631789 321.36631789]
 [322.16258462 322.16258462]
 [322.44734712 322.44734712]
 [         nan          nan]
 [321.06941346 323.25076774]
 [         nan          nan]
 [320.98606506 326.05376154]
 [320.75694639 324.73025273]
 [321.049236   326.8786375 ]
 [321.16513711 324.79027087]
 [319.87098681 330.60893913]
 [320.03267573 320.03267573]
 [320.686525   320.686525  ]
 [         nan          nan]
 [320.97735918 339.45033451]
 [321.46123981 323.90483455]
 [320.35197612 328.82867568]
 [320.07566098 323.48430854]
 [         nan          nan]
 [321.63433011 334.61073462]]
  T: 21924
  nneurons: 595
  max_spike_rate_range: (np.float32(25024.012), np.float32(25024.012))
  neural_time_bin_size: 64.48362720403023
  unique_reward_amounts: [0.004]
  nrewards: 61
  unique_autoreward: [0.]
  unique_vr_environment: [1.]
  unique_licks: [0. 1. 2. 3. 4. 5. 6.]
  position_range: (np.float64(-50.000000000000014), np.float64(450.53008415841447))
  unique_reward_zone: [0. 1. 2. 3. 4. 5. 6.]
  unique_scanning: [1.]
  speed_range: (np.float64(-2.6467373994503003), np.float64(81.17560455354564))
  unique_teleport: [0. 1.]
  trial_length_range: (np.int64(143), np.int64(420))
  ntrials: 80
Subject m13, Session 13:
  reward_zone_positions: [[322.200675   330.22024354]
 [         nan          nan]
 [320.72144158 323.12412404]
 [321.35101031 321.35101031]
 [         nan          nan]
 [321.40061111 325.57824   ]
 [320.39009072 327.53321613]
 [321.44301801 323.50511786]
 [322.65350645 324.51015385]
 [         nan          nan]
 [320.45211386 332.43792692]
 [320.57234687 323.22618485]
 [         nan          nan]
 [320.37243913 324.93418947]
 [         nan          nan]
 [321.68392316 327.76367358]
 [320.2801     330.03481782]
 [320.4750433  324.58415806]
 [322.80418571 327.23721579]
 [321.71291978 327.6703    ]
 [321.71602143 330.73432625]
 [321.49430204 325.85776154]
 [320.57004184 320.57004184]
 [320.12898544 321.58916105]
 [         nan          nan]
 [         nan          nan]
 [322.82516735 329.45081196]
 [321.37911277 321.37911277]
 [320.79183445 322.90033922]
 [320.4586     322.369625  ]
 [321.26273393 328.35811134]
 [322.96543913 330.40508824]
 [320.04001    327.45013846]
 [321.17571707 321.17571707]
 [320.27564536 321.78090659]
 [322.890329   327.384567  ]
 [323.312644   327.01858286]
 [321.42151649 323.14426667]
 [321.05878235 330.19163299]
 [322.62884757 322.62884757]
 [321.26090769 321.26090769]
 [321.33106635 321.33106635]
 [321.64201919 329.84175484]
 [322.03415258 327.69285   ]
 [         nan          nan]
 [319.72340315 319.72340315]
 [322.21870213 324.23100909]
 [322.24930159 322.24930159]
 [322.05277984 322.05277984]
 [320.75863895 325.34651273]
 [322.29588447 322.29588447]
 [320.81352791 320.81352791]
 [321.85538837 324.40878045]
 [         nan          nan]
 [321.07479084 328.81757077]
 [320.68638112 323.05271905]
 [322.26178097 323.81062692]
 [         nan          nan]
 [         nan          nan]
 [321.03123721 331.74731298]]
  T: 14164
  nneurons: 479
  max_spike_rate_range: (np.float32(23174.92), np.float32(23174.92))
  neural_time_bin_size: 64.48362720403023
  unique_reward_amounts: [0.004]
  nrewards: 49
  unique_autoreward: [0.]
  unique_vr_environment: [1.]
  unique_licks: [0. 1. 2. 3. 4. 5. 6.]
  position_range: (np.float64(-50.00000000000001), np.float64(450.89829827882966))
  unique_reward_zone: [0. 1. 2. 3. 4. 5. 6.]
  unique_scanning: [1.]
  speed_range: (np.float64(-0.6930230572285406), np.float64(91.21017364722172))
  unique_teleport: [0. 1.]
  trial_length_range: (np.int64(119), np.int64(276))
  ntrials: 60
Subject m13, Session 14:
  reward_zone_positions: [[320.93005    322.15078571]
 [321.35342126 324.59955385]
 [320.73492308 322.14125385]
 [321.79563636 323.245     ]
 [320.86139505 324.7829809 ]
 [321.27262427 321.27262427]
 [321.12152222 322.75910777]
 [319.90674519 319.90674519]
 [321.01535769 321.01535769]
 [320.37431845 320.37431845]
 [320.62745723 322.2280292 ]
 [320.67965342 321.55731538]
 [322.20060874 322.20060874]
 [         nan          nan]
 [320.3678375  320.3678375 ]
 [320.78571579 320.78571579]
 [320.7760383  327.80942247]
 [321.88473636 324.29363107]
 [320.00861122 326.99428182]
 [321.09117273 321.09117273]
 [321.61355    322.54986311]
 [320.98752081 326.09118654]
 [320.24679574 325.51405964]
 [         nan          nan]
 [321.23266047 324.563205  ]
 [321.66824082 328.00390316]
 [321.02856355 321.02856355]
 [320.25644712 321.46502994]
 [322.14542212 322.84960341]
 [320.69400198 322.95167451]
 [ 80.24699313 133.63032941]
 [         nan          nan]
 [         nan          nan]
 [         nan          nan]
 [ 82.71080396 134.46139184]
 [ 81.29716264  89.64696757]
 [ 81.14984     81.14984   ]
 [ 80.79223     80.79223   ]
 [ 81.90291727  91.22823549]
 [ 82.39550549  89.14026916]
 [ 80.75220526  85.18769   ]
 [ 80.04890423  80.04890423]
 [ 81.66248514  89.61038283]
 [ 81.97159812  86.47545571]
 [ 82.41492804  84.19056832]
 [ 79.97114959  86.5568677 ]
 [ 81.21950542  81.21950542]
 [ 79.89573953  79.89573953]
 [ 81.98302385  81.98302385]
 [ 80.72558824  84.07412675]
 [         nan          nan]
 [ 81.4233151   81.4233151 ]
 [ 81.71289784  86.17900553]
 [ 81.48630471  84.684626  ]
 [ 80.7052987   89.35426182]
 [ 80.69980135  80.69980135]
 [ 81.97830901  84.49580029]
 [ 81.64671777  87.50697812]
 [ 82.34653186  84.29997768]
 [ 81.19731021  81.19731021]
 [ 82.22092897  83.99684897]
 [ 82.03563365  82.03563365]
 [ 81.321448    86.18630408]
 [ 80.98496871  80.98496871]
 [ 81.48602174  83.16318407]
 [ 79.97523362  87.1990304 ]
 [ 80.76573305  83.11973802]
 [         nan          nan]
 [ 80.27726952  80.27726952]
 [         nan          nan]
 [ 81.00123152  89.79740551]
 [ 81.5238259   85.71576353]
 [ 80.92027165  86.92882143]
 [ 80.92109231  84.561264  ]
 [ 79.6568265   80.40391525]
 [ 80.20822871  86.25592077]
 [ 81.98067488  81.98067488]
 [ 80.49177383  85.08396553]
 [ 81.07492734  81.07492734]
 [ 82.14631293  84.59174   ]]
  T: 19487
  nneurons: 749
  max_spike_rate_range: (np.float32(8632.959), np.float32(8632.959))
  neural_time_bin_size: 64.48362720403023
  unique_reward_amounts: [0.004]
  nrewards: 72
  unique_autoreward: [0.]
  unique_vr_environment: [1.]
  unique_licks: [0. 1. 2. 3. 4. 5. 6.]
  position_range: (np.float64(-50.00000000000001), np.float64(450.64055151515646))
  unique_reward_zone: [0. 1. 2. 3. 4. 5. 6.]
  unique_scanning: [1.]
  speed_range: (np.float64(-2.171852688751538), np.float64(81.8631476342358))
  unique_teleport: [0. 1.]
  trial_length_range: (np.int64(137), np.int64(317))
  ntrials: 80
Subject: m14, Sessions: [1, 2, 3, 4, 5, 6, 7, 8, 9, 10, 11, 12, 13, 14]
Subject m14, Session 1:
  reward_zone_positions: [[ 81.28476385  88.52120718]
 [ 79.94949745  89.82926288]
 [ 81.9625902   85.79939292]
 [ 82.53928421  90.83476814]
 [ 82.08854     91.73858231]
 [ 81.4975778   83.90143885]
 [ 82.88186212  88.45755495]
 [ 79.86124193  86.18836159]
 [ 80.81001174  80.81001174]
 [ 80.85024404  80.85024404]
 [         nan          nan]
 [         nan          nan]
 [ 80.61808825  85.15942258]
 [ 82.5187075   87.60934981]
 [ 80.81160478  80.81160478]
 [ 82.41063294  85.88883018]
 [         nan          nan]
 [ 81.57511386  85.70918   ]
 [         nan          nan]
 [ 82.26250621  84.26244212]
 [ 80.31591308  82.92806268]
 [         nan          nan]
 [ 81.38627947  81.38627947]
 [ 80.51079435  80.51079435]
 [ 80.52591449  80.52591449]
 [         nan          nan]
 [ 78.13396837  79.7623918 ]
 [ 80.24755875  82.91230609]
 [         nan          nan]
 [ 81.5876494  119.3900283 ]
 [         nan          nan]
 [         nan          nan]
 [ 81.10742412  86.1123835 ]
 [ 80.24289351  81.84778538]
 [ 80.68735438  82.33408529]
 [ 81.28533688  84.42754212]
 [ 80.17383337  83.03127991]
 [ 79.83591839  79.83591839]
 [ 81.26051817  81.26051817]
 [ 82.73339714  85.41000385]
 [ 80.08497262  81.31325621]
 [ 79.776706    82.46504105]
 [ 81.58451909  84.70636779]
 [ 80.58612231  81.80876684]
 [ 80.7392851   90.86622   ]
 [ 79.7898674   79.7898674 ]
 [ 80.11439894  80.11439894]
 [         nan          nan]
 [ 80.33202245  93.79991   ]
 [ 79.84737096  79.84737096]
 [ 80.90828808  80.90828808]
 [         nan          nan]
 [ 80.35702951  82.42378   ]
 [ 80.45970789  80.45970789]
 [ 80.17066742  85.6821624 ]
 [ 81.12444536  83.6969848 ]
 [ 80.51065     82.61906051]
 [ 80.49269489  84.22400933]
 [ 80.63752034  82.98825619]
 [ 80.92255276  82.01819364]
 [ 81.09678372  83.39244326]
 [ 80.48354062  83.9756975 ]
 [         nan          nan]
 [ 81.56830177  82.79541938]
 [ 80.53016545  80.53016545]
 [ 80.35340727  82.11476585]
 [ 79.95390102  80.56916048]
 [ 81.19814512  83.66865185]
 [ 79.92717295  79.92717295]
 [ 81.25392673  81.25392673]
 [ 80.37622526  80.37622526]
 [ 80.24877032  81.43881077]
 [ 80.22361383  80.85224932]
 [ 81.17759105  82.24334444]
 [ 79.90525731  80.47820058]
 [ 80.12868369  80.12868369]
 [ 80.66549424  82.52022692]
 [         nan          nan]
 [ 81.05206844  84.32181077]
 [ 80.17564359  80.52413   ]]
  T: 22647
  nneurons: 981
  max_spike_rate_range: (np.float32(6790.1973), np.float32(6790.1973))
  neural_time_bin_size: 64.48362720403023
  unique_reward_amounts: [0.004]
  nrewards: 67
  unique_autoreward: [0.]
  unique_vr_environment: [0.]
  unique_licks: [0. 1. 2. 3. 4. 5. 6.]
  position_range: (np.float64(-50.000000000000014), np.float64(451.59448618421095))
  unique_reward_zone: [0. 1. 2. 3. 4. 5. 6.]
  unique_scanning: [1.]
  speed_range: (np.float64(-2.260530981530295), np.float64(89.9858951013681))
  unique_teleport: [0. 1.]
  trial_length_range: (np.int64(150), np.int64(352))
  ntrials: 80
Subject m14, Session 2:
  reward_zone_positions: [[80.79995077 80.79995077]
 [80.5430875  80.5430875 ]
 [81.000582   84.80843115]
 [79.89751293 81.86909827]
 [        nan         nan]
 [80.31516609 80.31516609]
 [80.43038173 80.43038173]
 [        nan         nan]
 [81.06566689 81.94761308]
 [80.65136308 80.65136308]
 [80.61703846 80.61703846]
 [79.9561475  80.75502673]
 [80.70623577 84.42774346]
 [        nan         nan]
 [80.04337484 82.30822415]
 [79.856332   79.856332  ]
 [81.859686   83.07539846]
 [79.98449927 79.98449927]
 [79.9005191  82.32904524]
 [81.19801184 82.08038971]
 [79.86201412 79.86201412]
 [        nan         nan]
 [79.74135447 84.19465769]
 [80.26122777 80.26122777]
 [80.82281635 80.82281635]
 [80.62384538 80.62384538]
 [79.81602119 80.32475056]
 [79.98635029 79.98635029]
 [80.71047    82.22124357]
 [80.18549234 80.18549234]
 [79.97256298 82.12114421]
 [        nan         nan]
 [79.97749963 80.91614462]
 [81.63376176 83.66905288]
 [80.07006881 83.84057615]
 [80.16613602 81.21188231]
 [80.99996453 84.33217615]
 [79.87716525 81.66619904]
 [80.81072299 82.60867731]
 [80.29425381 80.29425381]
 [79.80988165 79.80988165]
 [        nan         nan]
 [        nan         nan]
 [80.99416097 80.99416097]
 [81.75188806 82.50547128]
 [81.012224   83.45151019]
 [79.7216699  79.7216699 ]
 [79.90366872 80.82231844]
 [80.38739612 81.50407308]
 [        nan         nan]
 [78.88411474 80.43481   ]
 [        nan         nan]
 [        nan         nan]
 [80.29670356 81.19929526]
 [80.06996881 81.94255933]
 [80.38554694 80.38554694]
 [80.20794939 80.20794939]
 [79.73782718 79.73782718]
 [80.44896623 80.44896623]
 [79.67412579 80.1865284 ]
 [80.15274615 80.15274615]
 [79.599515   79.599515  ]
 [80.64885174 80.64885174]
 [80.53996647 82.85952244]
 [80.09141536 81.11906385]
 [79.66618774 79.66618774]
 [80.12360711 81.30352562]
 [80.51715796 80.51715796]
 [80.67258797 80.67258797]
 [80.17066714 80.17066714]
 [79.88317443 81.59627721]
 [79.81255898 82.37077875]
 [        nan         nan]
 [80.31749176 80.31749176]
 [79.83291808 80.90330156]
 [79.93426839 79.93426839]
 [80.22191489 80.22191489]
 [81.77890847 81.77890847]
 [79.84224212 79.84224212]
 [80.83389538 81.94583367]]
  T: 23732
  nneurons: 592
  max_spike_rate_range: (np.float32(15979.046), np.float32(15979.046))
  neural_time_bin_size: 64.48362720403023
  unique_reward_amounts: [0.004]
  nrewards: 69
  unique_autoreward: [0.]
  unique_vr_environment: [0.]
  unique_licks: [0. 1. 2. 3. 4. 5. 6. 7.]
  position_range: (np.float64(-50.000000000000014), np.float64(450.89092564102566))
  unique_reward_zone: [0. 1. 2. 3. 4. 5. 6.]
  unique_scanning: [1.]
  speed_range: (np.float64(-2.534352651105822), np.float64(81.893642555665))
  unique_teleport: [0. 1.]
  trial_length_range: (np.int64(154), np.int64(960))
  ntrials: 80
Subject m14, Session 3:
  reward_zone_positions: [[ 81.16681     84.4407156 ]
 [ 80.34277055  81.9978349 ]
 [ 80.92488011  80.92488011]
 [ 81.3491675   84.02741757]
 [ 81.13254187  81.13254187]
 [ 80.25169111  80.94808595]
 [ 80.32896545  80.32896545]
 [ 80.46880918  80.46880918]
 [         nan          nan]
 [ 81.42309187  84.01543699]
 [ 80.72781989  83.51894   ]
 [         nan          nan]
 [ 80.87592125  82.49775789]
 [ 80.66533595  80.66533595]
 [ 80.77591365  80.77591365]
 [         nan          nan]
 [ 80.05354794  80.05354794]
 [ 81.19133433  81.19133433]
 [ 80.07269717  80.07269717]
 [ 79.96186364  79.96186364]
 [         nan          nan]
 [ 81.36108909  84.53322615]
 [ 80.49721     83.141235  ]
 [ 79.79521615  81.32836019]
 [ 80.61469814  80.61469814]
 [ 80.65003636  84.37860538]
 [ 80.38141667  80.38141667]
 [         nan          nan]
 [ 80.58987091  80.58987091]
 [ 80.7595695   81.83329966]
 [205.3268     252.0324303 ]
 [202.26349794 251.88782475]
 [203.27389802 219.69028632]
 [         nan          nan]
 [201.36540336 201.36540336]
 [201.84339368 205.39441916]
 [200.69185385 200.69185385]
 [201.39071939 209.64653571]
 [201.918425   201.918425  ]
 [201.58416383 203.17960312]
 [200.57413404 200.57413404]
 [199.92978144 203.50274   ]
 [201.66486827 201.66486827]
 [         nan          nan]
 [200.19357576 200.19357576]
 [200.96717368 207.97593462]
 [201.31620769 201.31620769]
 [202.00840103 203.55323071]
 [200.53520385 200.53520385]
 [         nan          nan]
 [200.21017864 200.21017864]
 [         nan          nan]
 [201.14866525 209.70042308]
 [200.8495988  207.12240476]
 [200.41066129 208.7839768 ]
 [200.39054286 200.39054286]
 [201.42669273 201.42669273]
 [199.98141154 199.98141154]
 [200.97691633 200.97691633]
 [         nan          nan]
 [         nan          nan]
 [         nan          nan]
 [         nan          nan]
 [201.024225   224.05698145]
 [201.5509093  201.5509093 ]
 [202.75309158 207.63035581]
 [202.09298626 203.48166538]
 [200.9204084  200.9204084 ]
 [200.29890206 200.29890206]
 [199.90970472 205.07649646]
 [         nan          nan]
 [200.79020962 202.36734434]
 [200.83113478 202.23694231]
 [201.99355625 210.184     ]
 [201.0187375  201.0187375 ]
 [         nan          nan]
 [200.9581898  203.90197733]
 [200.33739231 204.29420192]
 [         nan          nan]
 [         nan          nan]]
  T: 22577
  nneurons: 753
  max_spike_rate_range: (np.float32(22691.822), np.float32(22691.822))
  neural_time_bin_size: 64.48362720403023
  unique_reward_amounts: [0.004]
  nrewards: 63
  unique_autoreward: [0.]
  unique_vr_environment: [0.]
  unique_licks: [0. 1. 2. 3. 4. 5. 6.]
  position_range: (np.float64(-50.000000000000014), np.float64(450.4164))
  unique_reward_zone: [0. 1. 2. 3. 4. 5. 6.]
  unique_scanning: [1.]
  speed_range: (np.float64(-2.613498979908264), np.float64(86.0275820506991))
  unique_teleport: [0. 1.]
  trial_length_range: (np.int64(152), np.int64(346))
  ntrials: 80
Subject m14, Session 4:
  reward_zone_positions: [[         nan          nan]
 [200.89847059 212.3443    ]
 [200.65399794 200.65399794]
 [200.22122268 206.13473846]
 [200.57568333 200.57568333]
 [200.76656875 204.27481463]
 [200.69630186 205.23868679]
 [         nan          nan]
 [201.90595361 221.12881272]
 [201.03281667 209.55495596]
 [         nan          nan]
 [200.14635769 200.14635769]
 [202.22248098 205.53843274]
 [201.2971537  202.98639459]
 [200.821287   203.54056484]
 [         nan          nan]
 [         nan          nan]
 [200.98776885 202.7452835 ]
 [200.6342175  207.01144615]
 [         nan          nan]
 [200.70154687 205.03003269]
 [200.15075577 200.15075577]
 [200.60278365 200.60278365]
 [200.33457609 201.7002967 ]
 [200.75361633 202.45726828]
 [200.50082449 205.47424545]
 [200.45917379 207.42673204]
 [201.38138252 207.67516923]
 [         nan          nan]
 [200.92343714 200.92343714]
 [201.33572812 205.07055146]
 [200.75020122 200.75020122]
 [200.47757113 202.079392  ]
 [200.13889612 200.13889612]
 [201.06141188 202.77516154]
 [200.22036186 208.0048319 ]
 [199.90661146 201.34931224]
 [200.07801188 200.86363697]
 [200.24868    206.37265641]
 [200.97358462 200.97358462]
 [         nan          nan]
 [201.62402842 203.33401154]
 [200.66580732 200.66580732]
 [200.8566     206.27501739]
 [202.12146264 203.59963269]
 [200.25758868 200.25758868]
 [         nan          nan]
 [201.31924783 204.11910156]
 [200.6048625  201.93782195]
 [200.70975758 200.70975758]
 [         nan          nan]
 [201.33924839 201.33924839]
 [200.24492136 200.24492136]
 [200.95603    203.56735217]
 [         nan          nan]
 [         nan          nan]
 [200.01549669 200.01549669]
 [200.77831646 206.19215366]
 [200.19418125 200.19418125]
 [200.94280625 204.23047692]
 [201.60954255 205.88952   ]
 [200.64233211 200.64233211]
 [200.31236829 204.84623548]
 [200.12038537 200.12038537]
 [200.09170957 279.46963404]
 [200.01192788 200.8546375 ]
 [200.01884808 203.02026452]
 [         nan          nan]
 [199.97373488 199.97373488]
 [200.60022791 200.60022791]
 [200.89713636 207.51403744]
 [201.84999082 201.84999082]
 [200.22807442 203.53502927]
 [202.45556667 204.64941429]
 [         nan          nan]
 [201.19230612 202.85203594]
 [201.08136489 208.6991542 ]
 [202.04095    202.04095   ]
 [199.89000725 199.89000725]
 [201.46208182 201.46208182]]
  T: 18715
  nneurons: 648
  max_spike_rate_range: (np.float32(16351.291), np.float32(16351.291))
  neural_time_bin_size: 64.48362720403023
  unique_reward_amounts: [0.004]
  nrewards: 65
  unique_autoreward: [0.]
  unique_vr_environment: [0.]
  unique_licks: [0. 1. 2. 3. 4. 5. 6.]
  position_range: (np.float64(-50.00000000000001), np.float64(452.1535057971001))
  unique_reward_zone: [0. 1. 2. 3. 4. 5. 6.]
  unique_scanning: [1.]
  speed_range: (np.float64(-0.7628784026747685), np.float64(94.13849355343298))
  unique_teleport: [0. 1.]
  trial_length_range: (np.int64(120), np.int64(353))
  ntrials: 80
Subject m14, Session 5:
  reward_zone_positions: [[         nan          nan]
 [199.9102268  205.17457788]
 [         nan          nan]
 [200.91680541 200.91680541]
 [200.91230693 202.200825  ]
 [201.06655556 201.06655556]
 [200.26182526 200.26182526]
 [         nan          nan]
 [201.22915684 206.99052515]
 [200.29979904 200.29979904]
 [200.080455   205.30082913]
 [200.15601346 200.15601346]
 [200.27783217 200.27783217]
 [         nan          nan]
 [200.19228571 200.19228571]
 [201.3907375  202.76423708]
 [200.30058051 200.30058051]
 [199.83643421 203.63046903]
 [199.81269184 201.05506311]
 [200.410888   200.410888  ]
 [         nan          nan]
 [200.88396735 202.85637541]
 [201.0142303  202.67600577]
 [         nan          nan]
 [         nan          nan]
 [         nan          nan]
 [200.52170097 202.10293333]
 [         nan          nan]
 [201.41646909 201.41646909]
 [         nan          nan]
 [322.64542283 370.84265   ]
 [320.22551818 327.13627885]
 [321.52910874 322.99153136]
 [321.020975   327.86265385]
 [         nan          nan]
 [320.64689362 330.08772092]
 [320.61143415 321.81011538]
 [         nan          nan]
 [320.54463301 322.51243929]
 [320.79989394 325.525     ]
 [320.63843125 325.83541951]
 [322.584481   327.2226424 ]
 [         nan          nan]
 [320.93432269 323.27356731]
 [322.29345773 322.29345773]
 [321.8616625  334.37689024]
 [322.12464737 322.12464737]
 [320.022624   321.68531043]
 [320.3544544  323.58808065]
 [321.27516154 322.78372239]
 [322.7701625  330.82784545]
 [322.02627541 327.964575  ]
 [320.123152   320.123152  ]
 [         nan          nan]
 [321.53113437 323.67802126]
 [321.69982439 321.69982439]
 [320.865172   320.865172  ]
 [         nan          nan]
 [322.5485285  330.72712857]
 [321.7248     321.7248    ]
 [321.4220542  323.43587344]
 [322.42394545 324.69948182]
 [321.2680812  324.57122475]
 [321.01443588 323.08350323]
 [321.62766045 321.62766045]
 [321.56813521 321.56813521]
 [320.80996591 320.80996591]
 [320.37138058 320.37138058]
 [320.12514828 320.12514828]
 [320.80555464 320.80555464]
 [321.40048528 325.90201154]
 [320.82076531 320.82076531]
 [         nan          nan]
 [319.95905    331.56229655]
 [320.04144783 328.09800345]
 [322.44680833 324.34378846]
 [320.16428317 321.74068026]
 [322.56610515 326.5622427 ]
 [320.2052     329.80518447]
 [320.65371158 322.64355849]]
  T: 19238
  nneurons: 603
  max_spike_rate_range: (np.float32(15881.266), np.float32(15881.266))
  neural_time_bin_size: 64.48362720403023
  unique_reward_amounts: [0.004]
  nrewards: 64
  unique_autoreward: [0.]
  unique_vr_environment: [0.]
  unique_licks: [0. 1. 2. 3. 4. 5. 6.]
  position_range: (np.float64(-50.000000000000014), np.float64(451.1286199999988))
  unique_reward_zone: [0. 1. 2. 3. 4. 5. 6.]
  unique_scanning: [1.]
  speed_range: (np.float64(-2.2562781119116377), np.float64(95.6014734660528))
  unique_teleport: [0. 1.]
  trial_length_range: (np.int64(126), np.int64(383))
  ntrials: 80
Subject m14, Session 6:
  reward_zone_positions: [[         nan          nan]
 [320.24052268 326.63285122]
 [320.54191837 324.185388  ]
 [320.0875625  321.57357143]
 [320.59288031 321.82672791]
 [320.104725   322.11038731]
 [320.88134419 321.43578189]
 [320.71767328 320.71767328]
 [321.132925   322.02090769]
 [320.19164615 321.64343171]
 [320.14824573 320.14824573]
 [320.75644154 320.75644154]
 [320.51631939 321.57970923]
 [322.13914297 324.7488767 ]
 [320.37483968 321.66535349]
 [320.71171797 321.80596   ]
 [321.34344419 322.77321584]
 [320.83164105 320.83164105]
 [320.16469756 321.104764  ]
 [         nan          nan]
 [320.64226531 322.84305612]
 [         nan          nan]
 [320.53164706 320.53164706]
 [320.30347961 320.30347961]
 [320.74550426 324.45613474]
 [320.01430909 322.96333608]
 [319.84017576 323.85234063]
 [320.31523077 320.31523077]
 [320.04321782 322.0565036 ]
 [320.12551739 320.12551739]
 [320.24028936 325.00114706]
 [320.76930769 320.76930769]
 [320.07385319 321.94506154]
 [320.961324   333.62430294]
 [319.8978875  319.8978875 ]
 [         nan          nan]
 [320.34641863 329.48337027]
 [         nan          nan]
 [321.11341935 325.89461284]
 [         nan          nan]
 [320.730525   329.30860816]
 [321.51228913 323.06266154]
 [320.09673636 323.86610192]
 [         nan          nan]
 [320.15868077 321.1438    ]
 [321.32102775 328.5922375 ]
 [320.81969694 320.81969694]
 [         nan          nan]
 [321.07547368 322.00261064]
 [319.82962784 322.21755962]
 [320.4136     322.18025676]
 [322.18459091 324.58865604]
 [319.82962784 323.31953077]
 [         nan          nan]
 [320.18145357 323.7977    ]
 [321.87725192 322.71174206]
 [320.4345875  321.84642258]
 [         nan          nan]
 [         nan          nan]
 [         nan          nan]
 [         nan          nan]
 [321.48152371 340.77605638]
 [321.26469565 326.51184898]
 [321.21204124 324.69288962]
 [320.33356957 324.01664842]
 [319.97892234 321.23329558]
 [320.1660875  322.75562941]
 [320.48027692 322.14750096]
 [319.87134231 319.87134231]
 [319.91146364 320.64246667]
 [320.94705876 320.94705876]
 [         nan          nan]
 [320.2846872  322.71224898]
 [319.73351284 320.35631915]
 [320.58078    320.58078   ]
 [         nan          nan]
 [320.85365    320.85365   ]
 [321.6377433  327.32120891]
 [319.93600307 319.93600307]
 [320.91633902 322.28662885]]
  T: 17989
  nneurons: 619
  max_spike_rate_range: (np.float32(17597.37), np.float32(17597.37))
  neural_time_bin_size: 64.48362720403023
  unique_reward_amounts: [0.004]
  nrewards: 65
  unique_autoreward: [0.]
  unique_vr_environment: [0.]
  unique_licks: [0. 1. 2. 3. 4. 5.]
  position_range: (np.float64(-50.000000000000014), np.float64(451.8320040816324))
  unique_reward_zone: [0. 1. 2. 3. 4. 5. 6.]
  unique_scanning: [1.]
  speed_range: (np.float64(-2.4990457562641666), np.float64(97.17965035935022))
  unique_teleport: [0. 1.]
  trial_length_range: (np.int64(126), np.int64(415))
  ntrials: 80
Subject m14, Session 7:
  reward_zone_positions: [[321.18147813 340.75294634]
 [         nan          nan]
 [319.96708654 319.96708654]
 [320.24499627 320.24499627]
 [321.32656827 322.04242414]
 [320.0358403  320.0358403 ]
 [320.61811538 320.61811538]
 [320.76767895 320.76767895]
 [320.2702871  320.2702871 ]
 [320.39111864 320.39111864]
 [         nan          nan]
 [         nan          nan]
 [319.95300303 321.80353564]
 [319.7752625  321.27423636]
 [320.494856   321.61945833]
 [320.17726842 330.70951935]
 [320.00250316 320.3785125 ]
 [319.83089394 319.83089394]
 [         nan          nan]
 [320.76508125 321.95858558]
 [320.260428   332.17452653]
 [320.02207419 320.02207419]
 [320.06256    321.24907452]
 [320.11667647 320.11667647]
 [319.72143654 320.7567    ]
 [319.79728269 320.45477872]
 [320.10224615 320.10224615]
 [320.53315534 321.69808333]
 [320.28545634 320.28545634]
 [320.18395644 321.01654717]
 [ 85.78464125 157.91189091]
 [ 83.41533421 156.68367755]
 [ 85.61741737 158.72619388]
 [ 81.74884216 135.55761563]
 [         nan          nan]
 [ 81.87649871 132.65525484]
 [ 82.2226      88.2778178 ]
 [ 81.14342429  87.13962   ]
 [ 83.36321041  86.95609621]
 [ 80.61975571  90.88922231]
 [ 79.96830842  79.96830842]
 [         nan          nan]
 [ 82.70288723  98.90820442]
 [ 81.49558082  81.49558082]
 [ 83.37615039  93.72602308]
 [ 80.92181009  80.92181009]
 [ 79.85934043  83.10928327]
 [ 80.76332398  93.73876   ]
 [ 80.30675684 105.36705625]
 [ 81.11726091  89.3164839 ]
 [ 82.08342093  85.65503423]
 [ 80.229705    87.41808538]
 [ 79.74740609  79.74740609]
 [ 80.4464501   86.92766889]
 [ 81.30340051  84.78157979]
 [ 80.85772     85.42710487]
 [ 82.73357158  86.86841275]
 [ 82.20267645  82.20267645]
 [ 79.89232957  81.41107308]
 [ 81.1588203   82.72718423]
 [ 83.58459313  98.093822  ]
 [ 81.10778233  81.10778233]
 [ 80.3948706   81.93624063]
 [ 80.94978206  80.94978206]
 [ 82.49939957  98.34363223]
 [ 81.50327281  81.50327281]
 [ 83.51887    120.95515   ]
 [ 80.15060667  80.15060667]
 [ 81.09911072  81.09911072]
 [ 80.67519952  80.67519952]
 [ 81.16073297  83.03710915]
 [ 80.31915026  83.55027511]
 [ 80.45305701  83.11128128]
 [ 81.83085902  83.02533789]
 [ 80.69304857  82.68607041]
 [ 80.69036176 111.7413625 ]
 [ 79.891038    81.45414043]
 [ 80.67060227  81.97982865]
 [ 80.20837327  84.30237802]
 [ 80.828146    84.21336688]]
  T: 17179
  nneurons: 927
  max_spike_rate_range: (np.float32(6100.738), np.float32(6100.738))
  neural_time_bin_size: 64.48362720403023
  unique_reward_amounts: [0.004]
  nrewards: 71
  unique_autoreward: [0.]
  unique_vr_environment: [0.]
  unique_licks: [0. 1. 2. 3. 4. 5. 6.]
  position_range: (np.float64(-50.000000000000014), np.float64(450.6592209999986))
  unique_reward_zone: [0. 1. 2. 3. 4. 5. 6.]
  unique_scanning: [1.]
  speed_range: (np.float64(-1.7482277083278603), np.float64(102.50759208172931))
  unique_teleport: [0. 1.]
  trial_length_range: (np.int64(111), np.int64(345))
  ntrials: 80
Subject m14, Session 8:
  reward_zone_positions: [[ 80.92405913  88.81222792]
 [ 81.46699474  83.59700182]
 [         nan          nan]
 [ 80.57315     80.57315   ]
 [ 79.96693923  81.01477776]
 [ 81.21863846  82.20676983]
 [ 80.57996875  84.94155804]
 [ 80.54938765  82.79907467]
 [ 82.307013    85.09219149]
 [ 80.27945909  80.27945909]
 [ 80.28497697  80.28497697]
 [ 80.04611385  81.23880515]
 [ 79.94959737  79.94959737]
 [         nan          nan]
 [ 80.58021548  84.334655  ]
 [ 80.02278882  84.52670571]
 [ 81.33241426  85.88512765]
 [ 80.38607924  80.38607924]
 [ 81.47458918  94.02747225]
 [ 80.34521     81.45915432]
 [ 80.28018182  80.28018182]
 [ 79.67107537  83.87782519]
 [ 81.02550813  82.32667628]
 [ 79.88628732  82.14964194]
 [ 80.21487106  82.16011771]
 [ 80.686778    83.76443119]
 [ 80.32744868  82.69981824]
 [         nan          nan]
 [ 81.85481674  97.43091538]
 [ 80.12038058  81.63413213]
 [325.06029703 373.91219388]
 [321.53585306 333.582275  ]
 [321.67058462 323.63394615]
 [320.10608235 320.10608235]
 [320.24500658 322.3065    ]
 [321.57885263 321.57885263]
 [321.08131667 321.08131667]
 [320.97344667 326.74567241]
 [         nan          nan]
 [322.15771443 323.72962308]
 [321.64521443 329.15597027]
 [322.0418681  322.0418681 ]
 [321.56447216 325.56213187]
 [320.6822     323.26496311]
 [         nan          nan]
 [319.8925     319.8925    ]
 [322.58851636 324.83548846]
 [321.62292258 336.62415385]
 [321.1272375  321.1272375 ]
 [320.68113191 322.15005   ]
 [320.46233415 326.93084787]
 [320.2964433  329.60372062]
 [321.58594231 347.48573443]
 [320.1462     322.51125932]
 [321.01070394 321.01070394]
 [320.87253548 325.534534  ]
 [320.35865714 324.841684  ]
 [320.51734894 324.38196613]
 [         nan          nan]
 [         nan          nan]
 [320.59576538 322.58077805]
 [323.31142903 339.44308969]
 [321.19312727 327.22092115]
 [321.0755984  321.0755984 ]
 [320.8709939  324.05432788]
 [322.16220465 333.407     ]
 [         nan          nan]
 [320.63834611 323.24196154]
 [320.76556279 320.76556279]
 [320.12090625 324.75814663]
 [321.50989485 323.42642977]
 [321.34962    327.44939548]
 [322.06818654 323.98930698]
 [320.81742313 322.27442377]
 [320.57866562 324.32056378]
 [320.24245699 320.24245699]
 [         nan          nan]
 [321.39080305 330.97586327]
 [322.14520909 334.09876218]
 [321.33275512 322.77609036]]
  T: 17513
  nneurons: 990
  max_spike_rate_range: (np.float32(4687.2495), np.float32(4687.2495))
  neural_time_bin_size: 64.48362720403023
  unique_reward_amounts: [0.004]
  nrewards: 71
  unique_autoreward: [0.]
  unique_vr_environment: [0. 1.]
  unique_licks: [0. 1. 2. 3. 4. 5.]
  position_range: (np.float64(-50.00000000000001), np.float64(451.45367244444367))
  unique_reward_zone: [0. 1. 2. 3. 4. 5. 6.]
  unique_scanning: [1.]
  speed_range: (np.float64(-1.4593111677215496), np.float64(104.19659015965304))
  unique_teleport: [0. 1.]
  trial_length_range: (np.int64(113), np.int64(279))
  ntrials: 80
Subject m14, Session 9:
  reward_zone_positions: [[320.93608043 342.19529355]
 [320.95736935 322.66733846]
 [320.551725   324.88039412]
 [321.12346923 321.12346923]
 [         nan          nan]
 [322.10182128 324.88232584]
 [320.51155816 323.70133554]
 [321.62302857 325.72756923]
 [321.6670112  324.29056281]
 [320.40517784 321.98695854]
 [320.58435584 322.40832093]
 [321.45604038 322.82012081]
 [320.230332   322.51702813]
 [320.74506772 320.74506772]
 [320.49148    324.83879184]
 [321.62906346 321.62906346]
 [320.5820528  321.74968182]
 [322.37516923 322.37516923]
 [322.10799535 322.10799535]
 [320.35981608 320.35981608]
 [321.2647252  323.32030992]
 [320.58415082 320.58415082]
 [         nan          nan]
 [320.49914286 320.49914286]
 [321.4847459  321.4847459 ]
 [321.95676977 321.95676977]
 [320.11874975 320.11874975]
 [320.96903308 320.96903308]
 [         nan          nan]
 [321.10607692 322.76857308]
 [320.59951786 320.59951786]
 [321.62505714 323.17543793]
 [321.77914    321.77914   ]
 [321.85545484 321.85545484]
 [321.48629697 321.48629697]
 [         nan          nan]
 [321.18063973 321.18063973]
 [320.97751495 320.97751495]
 [321.14540108 323.04768846]
 [320.04267647 320.04267647]
 [320.19899029 320.19899029]
 [         nan          nan]
 [321.24892737 342.62610727]
 [320.88639327 320.88639327]
 [320.58181154 322.72701479]
 [320.58297234 322.15432   ]
 [321.54411667 323.18670957]
 [321.36062308 321.36062308]
 [         nan          nan]
 [320.91242903 327.68300421]
 [321.78281284 321.78281284]
 [320.9934375  322.08697333]
 [321.1520225  321.1520225 ]
 [321.36607551 333.18427732]
 [320.04372524 321.46167   ]
 [320.60841389 320.60841389]
 [320.20504162 320.20504162]
 [321.07695    321.07695   ]
 [320.0648184  322.02522258]
 [320.08656607 321.28504717]
 [320.86696    320.86696   ]
 [320.60039327 321.83248   ]
 [320.69234468 333.36741818]
 [320.97237692 322.28415   ]
 [320.77919327 320.77919327]
 [320.18623949 321.83647273]
 [320.37769029 322.11454953]
 [320.74697579 328.12552727]
 [         nan          nan]
 [         nan          nan]
 [321.36709364 321.36709364]
 [320.75589459 320.75589459]
 [321.10269802 323.41616598]
 [320.0661129  336.76196994]
 [         nan          nan]
 [323.39289043 327.4371871 ]
 [         nan          nan]
 [320.951396   325.838     ]
 [         nan          nan]
 [         nan          nan]]
  T: 15542
  nneurons: 500
  max_spike_rate_range: (np.float32(15470.743), np.float32(15470.743))
  neural_time_bin_size: 64.48362720403023
  unique_reward_amounts: [0.004]
  nrewards: 68
  unique_autoreward: [0.]
  unique_vr_environment: [1.]
  unique_licks: [0. 1. 2. 3. 4. 5.]
  position_range: (np.float64(-50.00000000000001), np.float64(451.775699386503))
  unique_reward_zone: [0. 1. 2. 3. 4. 5. 6.]
  unique_scanning: [1.]
  speed_range: (np.float64(-0.3988954232042601), np.float64(109.01064442431613))
  unique_teleport: [0. 1.]
  trial_length_range: (np.int64(112), np.int64(281))
  ntrials: 80
Subject m14, Session 10:
  reward_zone_positions: [[322.18871148 343.56263383]
 [         nan          nan]
 [320.9077521  325.24888407]
 [320.92105843 320.92105843]
 [319.77341439 319.77341439]
 [         nan          nan]
 [320.18523249 320.18523249]
 [320.28290923 320.59616146]
 [320.46215821 324.3623    ]
 [319.78806535 320.88277273]
 [         nan          nan]
 [         nan          nan]
 [         nan          nan]
 [319.96457059 319.96457059]
 [320.26344545 320.26344545]
 [         nan          nan]
 [319.95742727 320.9671625 ]
 [320.17670288 320.17670288]
 [320.19692039 320.19692039]
 [         nan          nan]
 [320.10485049 320.10485049]
 [321.00130385 322.35795789]
 [320.61385312 321.76742115]
 [321.09165    395.43773673]
 [319.85406335 326.3289    ]
 [320.1463     321.65344521]
 [320.19002692 320.95164615]
 [322.71637083 324.78288235]
 [319.90258558 319.90258558]
 [320.31021702 320.31021702]
 [200.82272211 251.94473636]
 [         nan          nan]
 [202.84108    254.85548247]
 [201.78315509 253.4684    ]
 [201.10629412 254.25394286]
 [203.14897143 239.8069625 ]
 [199.91643163 210.93003267]
 [200.70604545 223.60503579]
 [199.9178     200.93988269]
 [201.20626262 201.20626262]
 [201.45057742 201.45057742]
 [201.74729135 201.74729135]
 [         nan          nan]
 [200.82018125 200.82018125]
 [201.92064839 204.06114615]
 [200.9069875  200.9069875 ]
 [202.28551753 206.42346923]
 [201.07200105 201.07200105]
 [         nan          nan]
 [201.04351628 262.63869649]
 [200.68979091 202.50103784]
 [200.87541154 202.26455   ]
 [200.46279615 200.46279615]
 [200.05141935 208.25155625]
 [200.89370204 200.89370204]
 [202.350225   202.350225  ]
 [         nan          nan]
 [201.10917263 209.646308  ]
 [201.7283807  205.7289    ]
 [         nan          nan]
 [         nan          nan]
 [200.56148    200.56148   ]
 [200.95863936 205.2649375 ]
 [201.86159038 204.02476216]
 [202.35595849 241.25838763]
 [201.56285312 203.98039143]
 [         nan          nan]
 [201.11751341 203.9537375 ]
 [200.52904466 202.10529135]
 [         nan          nan]
 [200.13644375 202.68562642]
 [200.13840625 205.6249624 ]
 [199.72629579 203.72814951]
 [201.28702475 205.75802692]
 [200.03320568 200.03320568]
 [200.23767156 200.23767156]
 [201.35813333 205.0881    ]
 [200.61843404 205.33291915]
 [200.77053846 200.77053846]
 [199.84510336 199.84510336]]
  T: 16860
  nneurons: 727
  max_spike_rate_range: (np.float32(17074.22), np.float32(17074.22))
  neural_time_bin_size: 64.48362720403023
  unique_reward_amounts: [0.004]
  nrewards: 64
  unique_autoreward: [0.]
  unique_vr_environment: [1.]
  unique_licks: [0. 1. 2. 3. 4. 5.]
  position_range: (np.float64(-50.000000000000014), np.float64(451.1793554455361))
  unique_reward_zone: [0. 1. 2. 3. 4. 5. 6.]
  unique_scanning: [1.]
  speed_range: (np.float64(-1.803078043128426), np.float64(103.66487466363787))
  unique_teleport: [0. 1.]
  trial_length_range: (np.int64(112), np.int64(268))
  ntrials: 80
Subject m14, Session 11:
  reward_zone_positions: [[201.18873617 206.3463771 ]
 [201.29482687 202.71274427]
 [         nan          nan]
 [200.747332   200.747332  ]
 [         nan          nan]
 [201.72944688 277.64500746]
 [200.64369082 201.68021154]
 [200.23587579 204.86574615]
 [200.398225   202.41437079]
 [201.57982699 205.18728265]
 [199.94971456 200.6753301 ]
 [200.78925    208.5149    ]
 [201.07490412 201.07490412]
 [200.2752     200.2752    ]
 [200.87782426 200.87782426]
 [201.51248065 204.70954   ]
 [200.40509157 201.37465446]
 [200.56138    200.56138   ]
 [200.90646907 200.90646907]
 [200.41979355 202.05586346]
 [200.39720909 200.39720909]
 [         nan          nan]
 [         nan          nan]
 [199.93386809 199.93386809]
 [         nan          nan]
 [201.37334375 204.35992258]
 [199.82878065 199.82878065]
 [200.82099823 200.82099823]
 [201.14657744 212.73751141]
 [201.63839126 202.53380562]
 [200.17193125 203.51754   ]
 [         nan          nan]
 [202.38628387 203.66912642]
 [200.0352375  205.39193077]
 [202.00388654 203.316639  ]
 [         nan          nan]
 [201.75418696 201.75418696]
 [         nan          nan]
 [         nan          nan]
 [202.08884286 205.76876132]
 [201.12856364 215.47649286]
 [200.55479263 202.20937321]
 [200.0755766  216.56888824]
 [200.38962885 200.38962885]
 [200.45453398 203.92282   ]
 [200.19418125 204.48151101]
 [200.79116923 203.62628434]
 [         nan          nan]
 [203.69787419 219.79113939]
 [200.67242045 200.67242045]
 [199.99204444 199.99204444]
 [203.82156196 219.40392   ]
 [200.0885931  200.0885931 ]
 [200.38909904 200.38909904]
 [199.953113   200.78449756]
 [201.15574615 207.50674091]
 [201.31617742 203.69990769]
 [200.88465806 200.88465806]
 [         nan          nan]
 [201.76415385 201.76415385]
 [200.48631622 202.07666392]
 [         nan          nan]
 [200.32585347 206.64608683]
 [         nan          nan]
 [200.18093333 202.18956598]
 [201.317704   205.14239223]
 [200.50405882 203.14448125]
 [200.11164628 200.87371156]
 [201.45664167 205.0190959 ]
 [200.31294211 200.31294211]
 [200.25923571 204.11651613]
 [199.96549802 203.24827981]
 [204.11493    206.80723043]
 [200.22382308 201.0695383 ]
 [200.55316486 201.9109551 ]
 [         nan          nan]
 [200.97975306 200.97975306]
 [200.66593913 204.03763371]
 [200.09536647 202.39512128]
 [200.48866923 200.48866923]]
  T: 16991
  nneurons: 554
  max_spike_rate_range: (np.float32(20298.285), np.float32(20298.285))
  neural_time_bin_size: 64.48362720403023
  unique_reward_amounts: [0.004]
  nrewards: 65
  unique_autoreward: [0.]
  unique_vr_environment: [1.]
  unique_licks: [0. 1. 2. 3. 4. 5. 6.]
  position_range: (np.float64(-50.000000000000014), np.float64(451.8316174137928))
  unique_reward_zone: [0. 1. 2. 3. 4. 5. 6.]
  unique_scanning: [1.]
  speed_range: (np.float64(-2.0431841176038037), np.float64(106.64939266284344))
  unique_teleport: [0. 1.]
  trial_length_range: (np.int64(105), np.int64(210))
  ntrials: 80
Subject m14, Session 12:
  reward_zone_positions: [[201.61149528 205.32725385]
 [202.2438433  203.92254808]
 [200.35753113 200.35753113]
 [201.66549246 205.46307885]
 [202.08600612 206.05255979]
 [201.34639394 210.68663173]
 [201.52571058 202.36598462]
 [200.27392368 200.94774904]
 [         nan          nan]
 [199.87305    201.4773789 ]
 [201.48079806 201.48079806]
 [200.03669278 203.59007692]
 [201.71745918 201.71745918]
 [200.91138333 200.91138333]
 [201.73356494 201.73356494]
 [200.21072885 201.64940571]
 [200.17474021 202.70189423]
 [200.61114124 200.61114124]
 [199.80890189 201.48358247]
 [200.86525149 200.86525149]
 [200.87595625 200.87595625]
 [200.09553204 200.09553204]
 [200.6161375  203.7737883 ]
 [200.20299118 201.52094   ]
 [200.45330698 203.23105482]
 [201.74653012 201.74653012]
 [200.75294563 202.570098  ]
 [200.28434    203.68557742]
 [200.55283975 202.48491515]
 [200.559692   201.78824072]
 [ 83.88692086 137.6953    ]
 [ 83.74784347 130.88858469]
 [ 82.25832    105.26642174]
 [ 85.3239264  135.1399268 ]
 [ 82.09469552 115.3844125 ]
 [ 80.66184083  80.66184083]
 [ 81.70927124  81.70927124]
 [ 83.006648    83.006648  ]
 [ 81.42083375  91.58513886]
 [         nan          nan]
 [ 82.97390385  82.97390385]
 [ 81.03643711  86.25454   ]
 [ 81.78166684  81.78166684]
 [ 81.5129675   85.16953909]
 [ 80.63105474  80.63105474]
 [ 80.13784367  86.52113971]
 [ 81.27517839  83.33573192]
 [ 80.81182134  80.81182134]
 [         nan          nan]
 [ 81.00994043  87.82980115]
 [ 81.46845     81.46845   ]
 [ 80.00731471  80.00731471]
 [ 79.77656677  79.77656677]
 [ 80.31782102  91.33750304]
 [         nan          nan]
 [ 80.24740875  80.24740875]
 [ 81.24513     81.24513   ]
 [ 80.87602562  80.87602562]
 [ 80.48848649  85.62764824]
 [         nan          nan]
 [ 81.06951226  81.06951226]
 [ 79.796304    80.78894453]
 [ 81.55217     84.58005437]
 [ 80.92886885  81.69514   ]
 [ 81.27499     81.27499   ]
 [ 82.03944019  86.87816199]
 [ 80.429276    83.700432  ]
 [ 81.10841937  81.10841937]
 [ 80.58835259  80.58835259]
 [ 80.40187     80.40187   ]
 [ 80.09482067  83.28846308]
 [ 79.92222923  79.92222923]
 [ 80.31968367  80.31968367]
 [         nan          nan]
 [         nan          nan]
 [ 80.89985023  80.89985023]
 [         nan          nan]
 [ 81.74672647  81.74672647]
 [ 80.69107684  96.70890219]
 [ 81.11905697  81.11905697]]
  T: 15600
  nneurons: 611
  max_spike_rate_range: (np.float32(16242.7705), np.float32(16242.7705))
  neural_time_bin_size: 64.48362720403023
  unique_reward_amounts: [0.004]
  nrewards: 72
  unique_autoreward: [0.]
  unique_vr_environment: [1.]
  unique_licks: [0. 1. 2. 3. 4. 5.]
  position_range: (np.float64(-50.00000000000001), np.float64(451.675785858586))
  unique_reward_zone: [0. 1. 2. 3. 4. 5. 6.]
  unique_scanning: [1.]
  speed_range: (np.float64(-2.8053132157529777), np.float64(110.1576605088144))
  unique_teleport: [0. 1.]
  trial_length_range: (np.int64(101), np.int64(330))
  ntrials: 80
Subject m14, Session 13:
  reward_zone_positions: [[80.35617777 81.233472  ]
 [80.442279   82.74637716]
 [81.28468821 82.47360769]
 [80.46611745 83.44379204]
 [80.92986232 82.71382947]
 [80.19665152 83.18410612]
 [        nan         nan]
 [80.04564822 80.04564822]
 [81.92690385 81.92690385]
 [80.05609942 80.56624059]
 [80.5312649  86.45106283]
 [80.79545937 84.04536667]
 [79.8256325  82.55836981]
 [81.80737953 81.80737953]
 [80.40969404 81.80994869]
 [80.61998095 81.98651027]
 [        nan         nan]
 [81.10168891 82.86256365]
 [80.39906612 82.59964319]
 [80.92242655 82.60277333]
 [80.24549447 81.3639101 ]
 [80.21325904 81.51883128]
 [80.67363308 80.67363308]
 [80.06507538 80.06507538]
 [79.723116   80.39754027]
 [80.07846772 80.07846772]
 [80.06064276 81.95351871]
 [81.24093923 82.64858471]
 [81.12229231 81.12229231]
 [79.90145786 79.98735437]
 [80.08499214 80.74658875]
 [80.25328472 81.45751223]
 [80.92810449 80.92810449]
 [        nan         nan]
 [80.22579346 81.27281958]
 [79.96327629 79.96327629]
 [81.48075684 83.51571582]
 [80.16207426 80.99894208]
 [80.14565643 80.14565643]
 [80.42835429 80.42835429]
 [81.33887538 82.933283  ]
 [80.51810842 80.51810842]
 [80.846267   80.846267  ]
 [80.78882154 80.78882154]
 [80.09331269 81.21100957]
 [80.35474182 80.35474182]
 [80.11711175 80.11711175]
 [79.73580942 79.73580942]
 [80.28260808 80.28260808]
 [        nan         nan]
 [79.97023735 83.73915714]
 [80.4012575  81.48327947]
 [        nan         nan]
 [        nan         nan]
 [        nan         nan]
 [80.56190131 80.56190131]
 [81.66617098 84.0413536 ]
 [81.41537831 81.41537831]
 [80.22535238 81.94682719]
 [80.62672158 86.14286596]
 [80.35784544 80.35784544]
 [80.65425574 83.45735974]
 [80.12133019 80.12133019]
 [80.55084    80.55084   ]
 [        nan         nan]
 [79.87517903 80.37437184]
 [        nan         nan]
 [        nan         nan]
 [81.19794184 81.19794184]
 [81.79185455 90.27783069]
 [81.03982609 81.03982609]
 [80.70075143 80.70075143]
 [81.30926536 83.62208385]
 [        nan         nan]
 [        nan         nan]
 [80.43108781 80.43108781]
 [80.47654625 82.17522061]
 [80.07037484 80.07037484]
 [80.62586442 82.22504819]
 [79.86166635 80.761367  ]]
  T: 15223
  nneurons: 483
  max_spike_rate_range: (np.float32(13401.092), np.float32(13401.092))
  neural_time_bin_size: 64.48362720403023
  unique_reward_amounts: [0.004]
  nrewards: 68
  unique_autoreward: [0.]
  unique_vr_environment: [1.]
  unique_licks: [0. 1. 2. 3. 4. 5.]
  position_range: (np.float64(-50.000000000000014), np.float64(452.3917441941075))
  unique_reward_zone: [0. 1. 2. 3. 4. 5. 6.]
  unique_scanning: [1.]
  speed_range: (np.float64(-1.112590928344509), np.float64(110.1113678842961))
  unique_teleport: [0. 1.]
  trial_length_range: (np.int64(101), np.int64(294))
  ntrials: 80
Subject m14, Session 14:
  reward_zone_positions: [[ 80.75164835  84.37908403]
 [ 80.38992     80.38992   ]
 [ 80.37636565  86.16755788]
 [         nan          nan]
 [ 81.16311158  81.16311158]
 [ 80.63269949  81.95644514]
 [ 80.81145158  84.0329    ]
 [         nan          nan]
 [ 81.384465   100.37788119]
 [ 82.51093259  92.26223   ]
 [ 79.91049659  81.12171256]
 [ 80.18376     83.58956484]
 [         nan          nan]
 [         nan          nan]
 [ 79.98921545  79.98921545]
 [ 82.59885433  84.41508118]
 [ 81.53293016  81.9098    ]
 [ 80.58700606  81.90062031]
 [         nan          nan]
 [ 80.48328333  80.48328333]
 [ 80.64218586  82.57089594]
 [ 80.99624535  80.99624535]
 [ 80.32821093  86.696305  ]
 [ 80.34349016  80.34349016]
 [ 81.4236075   82.92028059]
 [ 80.26537855  83.82974692]
 [ 81.03193177  81.03193177]
 [ 80.3226512   83.1712728 ]
 [ 80.04515857  81.80513545]
 [ 81.06542677  81.06542677]
 [328.31845    378.73953023]
 [326.39077381 374.83464538]
 [321.09118372 378.6445375 ]
 [323.01059692 326.0282814 ]
 [320.1636186  325.82183778]
 [321.74002406 328.85236541]
 [320.63864615 323.00437612]
 [322.22251618 324.08484882]
 [322.49732589 322.49732589]
 [320.42644923 328.14537476]
 [321.94334653 321.94334653]
 [         nan          nan]
 [321.20102062 322.57391058]
 [321.17655773 323.68548039]
 [321.14955769 321.14955769]
 [         nan          nan]
 [321.1444     328.99569712]
 [321.55443654 323.49753571]
 [322.094275   326.65314719]
 [321.49176923 321.49176923]
 [320.18412174 325.133675  ]
 [321.23091613 323.20987736]
 [         nan          nan]
 [         nan          nan]
 [         nan          nan]
 [321.27576981 335.0178625 ]
 [         nan          nan]
 [320.40797097 330.34978889]
 [321.79879146 326.41369143]
 [322.58622062 327.43674771]
 [320.22385192 320.22385192]
 [322.00254    326.2401    ]
 [         nan          nan]
 [321.12983483 321.12983483]
 [         nan          nan]
 [320.33226702 325.1431907 ]
 [321.8808066  323.51105096]
 [321.56265455 325.7631    ]
 [320.51122308 322.3005125 ]
 [321.25005455 321.25005455]
 [320.19288333 322.14491134]
 [320.44043235 320.44043235]
 [322.27229897 326.24735   ]
 [320.58681215 320.58681215]
 [321.3343835  321.3343835 ]
 [         nan          nan]
 [         nan          nan]
 [321.08763684 321.08763684]
 [322.15203049 324.12841316]
 [320.65636364 324.67210714]]
  T: 18000
  nneurons: 876
  max_spike_rate_range: (np.float32(6805.708), np.float32(6805.708))
  neural_time_bin_size: 64.48362720403023
  unique_reward_amounts: [0.004]
  nrewards: 65
  unique_autoreward: [0.]
  unique_vr_environment: [1.]
  unique_licks: [0. 1. 2. 3. 4. 5. 6.]
  position_range: (np.float64(-50.000000000000014), np.float64(450.9921359999988))
  unique_reward_zone: [0. 1. 2. 3. 4. 5. 6.]
  unique_scanning: [1.]
  speed_range: (np.float64(-1.550939267711246), np.float64(113.71344511860528))
  unique_teleport: [0. 1.]
  trial_length_range: (np.int64(102), np.int64(261))
  ntrials: 80
Subject: m15, Sessions: [1, 2, 3, 4, 5, 6, 7, 8, 9, 10, 11, 12, 13, 14]
Subject m15, Session 1:
  reward_zone_positions: [[ 80.76989423 132.08860396]
 [ 80.88404622  85.05226545]
 [         nan          nan]
 [ 81.8831904  101.80985161]
 [ 82.19389789 103.49000857]
 [ 80.87322109  82.33904146]
 [ 81.46929861  85.2143716 ]
 [ 80.82167278  80.82167278]
 [ 81.91072024  81.91072024]
 [ 80.08600511  80.08600511]
 [ 81.84693939  93.28216273]
 [ 80.65809     83.3228296 ]
 [ 80.62242511  82.84932547]
 [ 80.46684804  87.41998091]
 [ 81.46171977  81.46171977]
 [ 80.81037937  88.3167    ]
 [ 81.41368192  81.41368192]
 [ 80.19191333  80.19191333]
 [ 81.58479307  82.98998376]
 [         nan          nan]
 [ 80.56571489  81.0604    ]
 [ 80.02694182  84.82315402]
 [ 80.49710338  85.39293083]
 [ 81.09417898  82.60143356]
 [ 80.16931115  80.16931115]
 [ 81.00882308  82.95588473]
 [ 81.28394143  81.28394143]
 [ 80.49747719  85.71023953]
 [ 80.19448774  87.47310654]
 [         nan          nan]
 [ 81.77088474  81.77088474]
 [ 83.21791702  95.99317   ]
 [ 80.68961907  84.26423408]
 [ 80.99258322  91.42117231]
 [ 81.43393055  86.16714694]
 [         nan          nan]
 [ 80.04882842  80.04882842]
 [ 80.47159346  83.03933625]
 [ 81.451535    84.02875937]
 [ 83.26289091 104.24599635]
 [ 80.9765475   82.99870545]
 [ 81.57882784  85.62997792]
 [ 80.75797717  87.927621  ]
 [         nan          nan]
 [ 80.47028404  80.47028404]
 [ 81.59983865  83.11756165]
 [ 80.06209     85.20061472]
 [ 81.6731225   88.3241    ]
 [ 80.20822478  83.97344842]
 [         nan          nan]
 [ 82.9548428   86.80181741]
 [         nan          nan]
 [         nan          nan]
 [ 81.72084645  81.72084645]
 [ 80.62294051  80.62294051]
 [ 81.33535717  81.33535717]
 [ 80.6790234   88.07012365]
 [         nan          nan]
 [ 81.46450194  81.46450194]
 [         nan          nan]
 [ 79.92098981  80.88969831]
 [ 79.85350429  79.85350429]
 [         nan          nan]
 [ 81.71877471  81.71877471]
 [ 82.47851743  82.47851743]
 [ 81.10963515  86.12435936]
 [ 79.48010265  79.48010265]
 [ 81.75244931  81.75244931]
 [         nan          nan]
 [ 80.26656111  84.18570215]
 [ 82.11570949  87.95700143]
 [ 81.88489667  85.10155162]
 [         nan          nan]
 [         nan          nan]
 [ 83.10164     85.10568   ]
 [ 79.85056843  83.12497125]
 [ 81.98831683  84.97784113]
 [ 80.19813053  82.62350848]
 [ 80.32121357  82.11067056]
 [         nan          nan]]
  T: 23961
  nneurons: 1133
  max_spike_rate_range: (np.float32(5553.4067), np.float32(5553.4067))
  neural_time_bin_size: 64.48362720403023
  unique_reward_amounts: [0.004]
  nrewards: 65
  unique_autoreward: [0.]
  unique_vr_environment: [0.]
  unique_licks: [0. 1. 2. 3. 4. 5. 6.]
  position_range: (np.float64(-50.000000000000014), np.float64(452.4721399656936))
  unique_reward_zone: [0. 1. 2. 3. 4. 5. 6.]
  unique_scanning: [1.]
  speed_range: (np.float64(-3.4505089848543067), np.float64(81.92340163705563))
  unique_teleport: [0. 1.]
  trial_length_range: (np.int64(147), np.int64(847))
  ntrials: 80
Subject m15, Session 2:
  reward_zone_positions: [[81.26172351 85.43255984]
 [80.49875765 80.49875765]
 [        nan         nan]
 [81.43286524 81.43286524]
 [80.65420875 81.54941091]
 [81.24881857 81.24881857]
 [81.51606879 84.87895101]
 [80.2921301  80.2921301 ]
 [81.78890436 83.07193   ]
 [79.86241447 81.83860636]
 [80.45218298 82.56071565]
 [        nan         nan]
 [80.86044632 84.06795118]
 [        nan         nan]
 [79.98865366 84.25686243]
 [        nan         nan]
 [80.07600871 84.692255  ]
 [82.10871807 82.10871807]
 [80.36753    84.50227   ]
 [80.25582    80.93178122]
 [81.32864    83.84706702]
 [80.25801913 81.46560924]
 [80.253982   80.253982  ]
 [80.95025923 82.79811   ]
 [        nan         nan]
 [80.59434872 80.59434872]
 [80.47149609 80.47149609]
 [        nan         nan]
 [81.43039208 83.00764295]
 [80.42344677 84.96989593]
 [        nan         nan]
 [        nan         nan]
 [81.473905   84.65377612]
 [79.94301    80.10763683]
 [80.44356176 83.1748555 ]
 [79.75957474 84.28912909]
 [80.27769447 84.59171   ]
 [79.69119842 79.69119842]
 [81.30992484 84.30541816]
 [80.42813129 81.79804696]
 [79.98983198 83.99703633]
 [        nan         nan]
 [80.32514571 81.91679789]
 [80.95152375 84.15853385]
 [80.28110536 82.08676981]
 [79.99242243 79.99242243]
 [80.68028871 80.68028871]
 [80.87365573 82.96569375]
 [82.0706868  82.70214326]
 [80.47698737 81.37474687]
 [81.42819355 81.42819355]
 [80.84725538 80.84725538]
 [80.43733673 82.09365288]
 [        nan         nan]
 [81.00084    81.00084   ]
 [80.07335607 80.07335607]
 [80.52183737 80.52183737]
 [80.53997244 85.81061144]
 [81.845272   81.845272  ]
 [81.69596306 83.59807098]
 [81.38758557 81.38758557]
 [80.10860256 81.79920427]
 [81.25950818 81.25950818]
 [82.56386731 82.56386731]
 [80.05636923 80.05636923]
 [80.88616625 83.0448481 ]
 [81.21901883 83.10494847]
 [80.69375404 81.92870532]
 [81.14087546 81.14087546]
 [81.06740176 81.06740176]
 [        nan         nan]
 [        nan         nan]
 [        nan         nan]
 [80.56173579 82.92285316]
 [80.70523412 80.70523412]
 [        nan         nan]
 [81.86669596 81.86669596]
 [79.99629615 80.63128229]
 [80.80117    80.80117   ]
 [        nan         nan]]
  T: 20859
  nneurons: 1045
  max_spike_rate_range: (np.float32(15764.408), np.float32(15764.408))
  neural_time_bin_size: 64.48362720403023
  unique_reward_amounts: [0.004]
  nrewards: 65
  unique_autoreward: [0.]
  unique_vr_environment: [0.]
  unique_licks: [0. 1. 2. 3. 4. 5. 6.]
  position_range: (np.float64(-50.000000000000014), np.float64(451.635785172414))
  unique_reward_zone: [0. 1. 2. 3. 4. 5. 6.]
  unique_scanning: [1.]
  speed_range: (np.float64(-1.4755583310268023), np.float64(87.3246814937262))
  unique_teleport: [0. 1.]
  trial_length_range: (np.int64(137), np.int64(323))
  ntrials: 80
Subject m15, Session 3:
  reward_zone_positions: [[ 82.13058538  82.13058538]
 [ 80.35957437  85.82089   ]
 [ 81.34757219  86.44026477]
 [ 79.70714653  79.70714653]
 [ 80.93399654  82.50957105]
 [ 81.172105    83.30117652]
 [ 82.11347941  83.93494198]
 [ 80.5004825   88.63576839]
 [ 80.39317206  85.17325588]
 [ 81.60527123  81.60527123]
 [ 80.62075235  80.62075235]
 [ 79.88383273  86.43348351]
 [ 80.90016812  80.90016812]
 [         nan          nan]
 [ 81.8301222   85.83734   ]
 [ 79.96362316  79.96362316]
 [ 80.24012196  82.05213455]
 [ 80.66844596  80.66844596]
 [ 82.30512308  84.52692061]
 [ 81.26324226  83.59678845]
 [ 80.94796717  80.94796717]
 [ 81.2169175   82.32521706]
 [         nan          nan]
 [ 80.85413577  81.6042332 ]
 [ 81.21333464  84.35663307]
 [ 80.82037874  84.80543261]
 [         nan          nan]
 [ 81.35564091  81.35564091]
 [ 80.03998853  84.95608273]
 [ 79.9573845   79.9573845 ]
 [325.295342   371.7001    ]
 [326.10632981 335.30792632]
 [321.60461    325.09941319]
 [321.8495871  321.8495871 ]
 [320.77682846 320.77682846]
 [         nan          nan]
 [         nan          nan]
 [321.02423871 340.25381294]
 [320.45542    325.57831649]
 [322.67677143 338.6218    ]
 [         nan          nan]
 [319.84644522 329.26229677]
 [320.9820625  330.5602099 ]
 [320.22904088 320.22904088]
 [321.46840693 321.46840693]
 [321.61688511 321.61688511]
 [         nan          nan]
 [321.086684   326.79812871]
 [320.88258482 322.76910552]
 [321.35566632 321.35566632]
 [321.47007742 325.96783636]
 [320.07435537 322.0313898 ]
 [320.73737978 320.73737978]
 [321.40746881 327.51389388]
 [320.98817263 329.90809375]
 [319.85754407 322.50465714]
 [320.57242623 326.4634    ]
 [320.19830204 326.79827098]
 [321.3960375  321.3960375 ]
 [         nan          nan]
 [322.340025   322.340025  ]
 [321.42037391 325.57074766]
 [321.67574375 328.32388647]
 [320.43182941 326.14584696]
 [322.5990168  322.5990168 ]
 [321.29359134 321.29359134]
 [         nan          nan]
 [321.80035361 325.66480154]
 [320.5064811  337.3650685 ]
 [322.22194677 324.34309535]
 [320.8014     320.8014    ]
 [322.0586907  323.35585156]
 [321.49016512 327.92046306]
 [320.7929874  320.7929874 ]
 [321.17293594 326.894508  ]
 [322.37915596 322.37915596]
 [321.61025714 321.61025714]
 [320.12254717 325.81530112]
 [321.91098438 332.11156429]
 [         nan          nan]]
  T: 21762
  nneurons: 1426
  max_spike_rate_range: (np.float32(6813.4937), np.float32(6813.4937))
  neural_time_bin_size: 64.48362720403023
  unique_reward_amounts: [0.004]
  nrewards: 70
  unique_autoreward: [0.]
  unique_vr_environment: [0.]
  unique_licks: [0. 1. 2. 3. 4. 5. 6.]
  position_range: (np.float64(-50.00000000000001), np.float64(450.87226211180126))
  unique_reward_zone: [0. 1. 2. 3. 4. 5. 6.]
  unique_scanning: [1.]
  speed_range: (np.float64(-0.988200477674524), np.float64(85.5911674123364))
  unique_teleport: [0. 1.]
  trial_length_range: (np.int64(136), np.int64(265))
  ntrials: 80
Subject m15, Session 4:
  reward_zone_positions: [[321.55092524 326.3467    ]
 [321.10495122 332.69945505]
 [320.03168621 320.03168621]
 [320.14946364 327.0504163 ]
 [320.59010625 320.59010625]
 [321.20159677 321.20159677]
 [320.57680435 331.66734574]
 [321.77740221 327.74569505]
 [320.42368148 320.42368148]
 [         nan          nan]
 [320.20788667 330.43627041]
 [320.60363636 328.71755714]
 [322.26048529 332.61859565]
 [320.717415   321.7298453 ]
 [320.28954653 326.30745   ]
 [320.13930962 320.89792019]
 [321.1943719  322.267412  ]
 [321.1444     321.1444    ]
 [319.82041944 321.29320986]
 [319.85444712 321.71859783]
 [319.98551212 323.76884382]
 [321.35775625 323.678064  ]
 [320.05374538 320.63895455]
 [320.13700361 327.89158713]
 [         nan          nan]
 [320.150072   323.85697647]
 [320.70377692 324.9409    ]
 [320.37268723 329.0129703 ]
 [         nan          nan]
 [321.641664   324.69542913]
 [320.19099505 320.19099505]
 [321.64653902 321.64653902]
 [321.10301354 324.4965    ]
 [320.776419   325.8639048 ]
 [321.31463053 323.90043659]
 [320.81123061 324.9801456 ]
 [320.4120928  322.6834375 ]
 [319.97507557 320.79837344]
 [322.8217766  322.8217766 ]
 [321.133125   321.133125  ]
 [320.98021346 322.843     ]
 [319.77127188 319.77127188]
 [320.05879326 326.26247576]
 [321.88756744 325.8378    ]
 [321.09113409 326.74138182]
 [320.49783386 324.39017442]
 [321.46943534 322.85912821]
 [320.26051538 320.26051538]
 [320.88889423 322.0954378 ]
 [321.01945581 322.23287477]
 [         nan          nan]
 [321.7462697  321.7462697 ]
 [321.08501224 323.1006351 ]
 [320.610335   320.610335  ]
 [321.05575763 321.05575763]
 [320.80176196 323.2452    ]
 [320.61773333 326.79968125]
 [321.48050982 325.35016364]
 [320.45135    321.7736866 ]
 [321.63327684 328.51321589]
 [320.10598462 321.58379149]
 [320.41075238 322.27836842]
 [         nan          nan]
 [319.82201048 319.82201048]
 [320.13187647 326.99801333]
 [320.59891895 320.59891895]
 [320.944544   320.944544  ]
 [         nan          nan]
 [320.06257755 324.1736383 ]
 [320.44291346 320.44291346]
 [321.02065158 322.40593333]
 [320.84044    328.1489252 ]
 [322.20156875 324.20589903]
 [321.79545165 327.60758788]
 [321.7122879  323.84680316]
 [320.39324    329.82867895]
 [         nan          nan]
 [320.97457546 326.49005426]
 [         nan          nan]
 [320.65901429 323.90416452]]
  T: 25903
  nneurons: 1167
  max_spike_rate_range: (np.float32(17784.162), np.float32(17784.162))
  neural_time_bin_size: 64.48362720403023
  unique_reward_amounts: [0.004]
  nrewards: 72
  unique_autoreward: [0.]
  unique_vr_environment: [0.]
  unique_licks: [0. 1. 2. 3. 4. 5. 6.]
  position_range: (np.float64(-50.00000000000001), np.float64(450.6067591836735))
  unique_reward_zone: [0. 1. 2. 3. 4. 5. 6.]
  unique_scanning: [1.]
  speed_range: (np.float64(-2.6268415306076136), np.float64(76.72718173600829))
  unique_teleport: [0. 1.]
  trial_length_range: (np.int64(160), np.int64(749))
  ntrials: 80
Subject m15, Session 5:
  reward_zone_positions: [[320.85517273 323.30933818]
 [320.28541442 323.00980909]
 [321.03694808 322.70610625]
 [         nan          nan]
 [320.22020495 325.5081375 ]
 [         nan          nan]
 [320.084216   325.85299167]
 [321.565625   325.05367234]
 [319.99177732 324.2552191 ]
 [322.28788846 324.10892931]
 [320.59278861 323.05470737]
 [320.71722187 320.71722187]
 [         nan          nan]
 [323.03630722 327.34668462]
 [321.52862283 326.17372727]
 [320.75641579 320.75641579]
 [319.90082069 319.90082069]
 [320.31444135 321.88533636]
 [321.17881845 331.59562903]
 [321.24509263 321.24509263]
 [320.27684063 323.1408    ]
 [321.53516452 331.36941212]
 [         nan          nan]
 [322.228075   324.10805385]
 [320.31075924 322.73304407]
 [319.6245     321.30201837]
 [321.06268824 324.3775    ]
 [319.8753     319.8753    ]
 [322.1062934  322.1062934 ]
 [320.18768916 320.18768916]
 [200.50625    212.30592121]
 [200.67370937 216.53791266]
 [202.65209032 212.72221818]
 [202.69792632 205.31856404]
 [201.08631356 201.08631356]
 [         nan          nan]
 [199.89982    199.89982   ]
 [200.50253846 202.68437753]
 [199.85085    203.96143784]
 [199.847125   205.79330645]
 [200.931349   204.45734149]
 [201.22258125 204.70344497]
 [201.37694272 203.27383846]
 [200.0238625  200.0238625 ]
 [201.45375455 201.45375455]
 [202.13471695 203.48924375]
 [201.58437187 206.09228017]
 [200.76990909 205.58860396]
 [200.96627629 200.96627629]
 [203.29732    213.5764575 ]
 [         nan          nan]
 [200.66690863 208.20336429]
 [199.94869024 200.78799239]
 [202.0188     206.39445323]
 [200.12162075 203.01171739]
 [199.72655951 204.80536563]
 [         nan          nan]
 [         nan          nan]
 [200.98166    201.49391458]
 [202.05511875 222.99706875]
 [200.33144692 200.84811875]
 [199.809975   199.809975  ]
 [201.274721   223.55233059]
 [199.95631983 199.95631983]
 [200.67343    200.67343   ]
 [         nan          nan]
 [         nan          nan]
 [         nan          nan]
 [201.49223333 201.49223333]
 [201.72311558 252.066508  ]
 [202.20734884 206.69835115]
 [200.73549394 204.23719538]
 [200.34356108 205.20449091]
 [201.11317578 206.90343534]
 [202.2612063  202.2612063 ]
 [200.31720305 200.31720305]
 [200.08636734 200.08636734]
 [200.78167609 200.78167609]
 [200.18458842 200.18458842]
 [200.15908    200.15908   ]]
  T: 22584
  nneurons: 1483
  max_spike_rate_range: (np.float32(6959.04), np.float32(6959.04))
  neural_time_bin_size: 64.48362720403023
  unique_reward_amounts: [0.004]
  nrewards: 69
  unique_autoreward: [0.]
  unique_vr_environment: [0.]
  unique_licks: [0. 1. 2. 3. 4. 5. 6. 7.]
  position_range: (np.float64(-50.00000000000001), np.float64(451.02497058823633))
  unique_reward_zone: [0. 1. 2. 3. 4. 5. 6.]
  unique_scanning: [1.]
  speed_range: (np.float64(-2.578240677447501), np.float64(85.1858579272466))
  unique_teleport: [0. 1.]
  trial_length_range: (np.int64(133), np.int64(665))
  ntrials: 80
Subject m15, Session 6:
  reward_zone_positions: [[201.53976931 206.28849317]
 [201.69188421 206.63145514]
 [200.17224615 200.17224615]
 [200.60482041 205.30551509]
 [201.434175   201.434175  ]
 [199.97671579 202.53567087]
 [202.0318375  214.15733333]
 [200.34363495 207.83983469]
 [         nan          nan]
 [200.21718511 200.21718511]
 [201.66536098 204.2238    ]
 [202.5084567  207.907825  ]
 [         nan          nan]
 [         nan          nan]
 [200.22965806 211.13470714]
 [         nan          nan]
 [201.41862073 201.41862073]
 [         nan          nan]
 [203.14248571 208.55548053]
 [200.49023367 200.49023367]
 [201.18440722 205.44456875]
 [201.67607952 204.1642    ]
 [201.09396875 205.46085398]
 [         nan          nan]
 [202.63098364 205.37879796]
 [         nan          nan]
 [200.74914062 201.78618351]
 [200.21493871 200.21493871]
 [201.55554545 206.14594639]
 [201.03859368 201.03859368]
 [200.99270412 206.7585433 ]
 [         nan          nan]
 [         nan          nan]
 [         nan          nan]
 [         nan          nan]
 [         nan          nan]
 [201.63288969 225.59526667]
 [202.42965567 202.42965567]
 [201.84266495 205.1495625 ]
 [203.35900442 213.829928  ]
 [         nan          nan]
 [200.7720587  208.59073125]
 [201.23016809 201.23016809]
 [201.12843926 204.00139789]
 [         nan          nan]
 [202.40779    202.40779   ]
 [199.9483434  199.9483434 ]
 [201.45098936 201.45098936]
 [201.51184316 201.51184316]
 [202.86861224 208.61753158]
 [202.50123077 205.00971304]
 [203.045312   210.98397561]
 [201.11868269 204.18475593]
 [201.584016   207.27019587]
 [200.68889263 202.2189066 ]
 [201.24519    203.81382787]
 [200.07744286 202.80671031]
 [200.55554674 200.55554674]
 [200.24260625 200.24260625]
 [200.19921    207.73070924]
 [201.39961237 205.68999072]
 [         nan          nan]
 [200.46062222 212.89830909]
 [203.79711818 213.16926627]
 [201.44214699 201.44214699]
 [200.97735294 200.97735294]
 [202.0520144  204.60311176]
 [199.81997273 203.8566875 ]
 [200.56585    207.1088125 ]
 [200.89938077 200.89938077]
 [203.544658   203.544658  ]
 [200.0622617  202.10161429]
 [202.32759762 205.0731    ]
 [200.52818298 206.19400588]
 [         nan          nan]
 [202.13587476 202.13587476]
 [         nan          nan]
 [201.83483333 204.16485735]
 [         nan          nan]
 [202.42892727 228.68805448]]
  T: 19229
  nneurons: 1041
  max_spike_rate_range: (np.float32(14281.875), np.float32(14281.875))
  neural_time_bin_size: 64.48362720403023
  unique_reward_amounts: [0.004]
  nrewards: 62
  unique_autoreward: [0.]
  unique_vr_environment: [0.]
  unique_licks: [0. 1. 2. 3. 4. 5.]
  position_range: (np.float64(-50.000000000000014), np.float64(450.90754770017054))
  unique_reward_zone: [0. 1. 2. 3. 4. 5. 6.]
  unique_scanning: [1.]
  speed_range: (np.float64(-1.1462293226327998), np.float64(87.95034330601783))
  unique_teleport: [0. 1.]
  trial_length_range: (np.int64(124), np.int64(376))
  ntrials: 80
Subject m15, Session 7:
  reward_zone_positions: [[200.52574468 201.87844369]
 [203.388108   203.388108  ]
 [200.14258247 204.23417087]
 [203.34628511 203.34628511]
 [201.51168298 203.42149231]
 [200.60174545 200.60174545]
 [199.828      199.828     ]
 [199.64568344 200.2302    ]
 [199.78302947 199.78302947]
 [         nan          nan]
 [200.05875789 200.05875789]
 [200.77829412 205.08625638]
 [199.66023636 201.31574227]
 [201.21003636 217.496075  ]
 [         nan          nan]
 [201.25888534 201.25888534]
 [201.24545294 201.24545294]
 [201.87717391 207.55957455]
 [         nan          nan]
 [         nan          nan]
 [         nan          nan]
 [200.11855    205.03261154]
 [201.09796061 226.87271224]
 [199.92589485 199.92589485]
 [202.07379897 202.07379897]
 [200.82514634 200.82514634]
 [199.97265403 204.65950426]
 [200.18908387 201.41913814]
 [200.6326     202.05504492]
 [201.0342963  201.0342963 ]
 [ 81.1743629   93.00634343]
 [ 80.93583857 133.83093061]
 [ 82.02002163 114.43214286]
 [ 83.24102268 134.7730375 ]
 [ 81.14984    131.34039149]
 [ 81.42348347 105.99164762]
 [ 82.97151516  90.55720818]
 [ 80.77449703  88.14621962]
 [ 81.60044898  84.28222846]
 [ 80.03298938  80.98714131]
 [ 82.397675    82.397675  ]
 [ 80.29128224  80.29128224]
 [ 80.1597226   81.25726192]
 [         nan          nan]
 [ 82.67693796  89.30207824]
 [ 79.99766355  79.99766355]
 [         nan          nan]
 [ 82.63790742  88.94360429]
 [ 80.66456571  80.66456571]
 [ 82.33928874  82.33928874]
 [ 81.79785301  85.02537416]
 [         nan          nan]
 [ 79.94542154  79.94542154]
 [ 80.97786692  82.71602301]
 [ 80.27070667  82.31849321]
 [ 80.18654267  81.95720375]
 [ 80.4586192   80.89802366]
 [ 80.08393054  80.08393054]
 [ 80.6724113   80.6724113 ]
 [ 80.40683451  84.27320271]
 [ 80.20902045  80.20902045]
 [         nan          nan]
 [ 81.04160636  84.43011052]
 [ 81.0778706   84.05186364]
 [ 80.91674159  82.2080604 ]
 [ 79.93019857  79.93019857]
 [ 80.0502776   80.0502776 ]
 [ 81.83031155  85.07003   ]
 [ 80.90209479  80.90209479]
 [ 80.64468065  86.46587632]
 [ 80.91599462  80.91599462]
 [         nan          nan]
 [ 80.07532077  80.61137093]
 [         nan          nan]
 [ 80.52122625  84.98515851]
 [ 80.64893351  80.64893351]
 [ 80.98573495  80.98573495]
 [ 80.31614804  80.31614804]
 [ 80.50144301  81.36009245]
 [ 79.84867333  79.84867333]]
  T: 17964
  nneurons: 1308
  max_spike_rate_range: (np.float32(7771.9434), np.float32(7771.9434))
  neural_time_bin_size: 64.48362720403023
  unique_reward_amounts: [0.004]
  nrewards: 69
  unique_autoreward: [0.]
  unique_vr_environment: [0.]
  unique_licks: [0. 1. 2. 3. 4. 5. 6.]
  position_range: (np.float64(-50.000000000000014), np.float64(451.22854599999926))
  unique_reward_zone: [0. 1. 2. 3. 4. 5. 6.]
  unique_scanning: [1.]
  speed_range: (np.float64(-1.4689374435884286), np.float64(91.58153062534448))
  unique_teleport: [0. 1.]
  trial_length_range: (np.int64(112), np.int64(274))
  ntrials: 80
Subject m15, Session 8:
  reward_zone_positions: [[ 79.99227947  79.99227947]
 [         nan          nan]
 [ 81.54633226  85.82563378]
 [ 85.0409566  101.78467959]
 [ 79.56682011  79.56682011]
 [ 80.20984302  81.43169545]
 [ 80.09800312  80.09800312]
 [         nan          nan]
 [ 80.07250646  81.74263933]
 [ 80.25983364  83.12349621]
 [ 79.63021     80.15968379]
 [ 80.767645    80.767645  ]
 [ 79.95120727  80.47802634]
 [ 81.08067629  82.41692737]
 [ 79.78214     81.78946367]
 [ 80.2962451   81.25811781]
 [ 80.03830008  80.03830008]
 [ 80.77919058  82.49320605]
 [ 80.78853574  81.86149802]
 [ 80.75185098  81.84873545]
 [ 81.08535644  82.14022218]
 [ 80.12622     80.12622   ]
 [ 80.13937474  81.28211143]
 [ 80.09696533  80.09696533]
 [ 80.74744     88.84544796]
 [ 79.9241699   80.4355052 ]
 [         nan          nan]
 [ 80.63017545  82.38810556]
 [ 80.21206962  80.21206962]
 [ 80.19479313  83.62058397]
 [200.87574516 205.67587805]
 [202.633725   206.7244008 ]
 [         nan          nan]
 [         nan          nan]
 [200.68534331 216.0871505 ]
 [200.82153333 211.64459302]
 [200.93415725 204.1794    ]
 [200.86779263 200.86779263]
 [199.77848462 199.77848462]
 [199.78138819 200.37238864]
 [201.34468779 204.92691575]
 [200.11580703 200.11580703]
 [         nan          nan]
 [200.59657778 204.87746818]
 [200.47140323 202.25233253]
 [201.23645    205.42295789]
 [201.56753636 201.56753636]
 [200.554875   204.16560811]
 [201.13182094 205.65724351]
 [         nan          nan]
 [200.63995789 200.63995789]
 [201.2037119  201.2037119 ]
 [200.47966931 204.477     ]
 [         nan          nan]
 [         nan          nan]
 [         nan          nan]
 [200.0584816  200.0584816 ]
 [200.94637553 203.96406224]
 [200.44149579 204.38995422]
 [200.60936058 202.82659368]
 [201.1474717  202.19271071]
 [200.53428641 200.53428641]
 [201.08904045 201.08904045]
 [202.4865234  202.4865234 ]
 [201.01369184 201.01369184]
 [201.41954808 203.15031579]
 [199.88083654 200.316524  ]
 [200.27214909 202.87201798]
 [200.02445922 200.91467382]
 [200.7653375  200.7653375 ]
 [200.92516923 201.91307113]
 [200.09879387 201.80594519]
 [202.88715714 212.99503789]
 [200.67118476 201.99713448]
 [200.28158571 201.493275  ]
 [200.11910612 201.649625  ]
 [202.70083939 207.30166947]
 [200.67402816 201.8788125 ]
 [200.4542     200.4542    ]
 [199.86597097 203.02999114]]
  T: 18456
  nneurons: 1307
  max_spike_rate_range: (np.float32(5805.255), np.float32(5805.255))
  neural_time_bin_size: 64.48362720403023
  unique_reward_amounts: [0.004]
  nrewards: 70
  unique_autoreward: [0.]
  unique_vr_environment: [0. 1.]
  unique_licks: [0. 1. 2. 3. 4. 5.]
  position_range: (np.float64(-50.00000000000001), np.float64(451.4219682675815))
  unique_reward_zone: [0. 1. 2. 3. 4. 5. 6.]
  unique_scanning: [1.]
  speed_range: (np.float64(-0.94580920234483), np.float64(93.34773337643692))
  unique_teleport: [0. 1.]
  trial_length_range: (np.int64(111), np.int64(299))
  ntrials: 80
Subject m15, Session 9:
  reward_zone_positions: [[200.48566602 201.95375   ]
 [200.39662857 200.39662857]
 [202.12588387 202.12588387]
 [201.484535   203.74824615]
 [200.78877273 200.78877273]
 [         nan          nan]
 [200.76112609 204.54745109]
 [201.26986585 208.71738316]
 [200.35792727 200.35792727]
 [202.59890651 202.59890651]
 [         nan          nan]
 [202.678025   202.678025  ]
 [203.21964653 203.21964653]
 [201.11194906 201.11194906]
 [200.36868696 202.53566522]
 [203.26789192 203.26789192]
 [200.413225   204.08901579]
 [         nan          nan]
 [203.15865888 205.940578  ]
 [200.20660316 203.01057879]
 [200.76795763 203.5728562 ]
 [199.98037    206.25055042]
 [201.68300968 204.95404426]
 [200.83919053 202.20053115]
 [200.447495   200.447495  ]
 [200.33346392 200.33346392]
 [         nan          nan]
 [         nan          nan]
 [202.77540714 202.77540714]
 [204.12627273 204.12627273]
 [200.87391134 201.12920825]
 [200.4601792  200.4601792 ]
 [201.44408571 201.44408571]
 [201.23294891 201.23294891]
 [200.79290619 200.79290619]
 [200.58911224 205.74283802]
 [         nan          nan]
 [201.58720816 205.62998947]
 [         nan          nan]
 [         nan          nan]
 [200.06507474 200.06507474]
 [201.78871429 204.80893176]
 [         nan          nan]
 [201.40377425 203.96820769]
 [201.19900197 201.19900197]
 [204.01797209 204.01797209]
 [199.89061278 199.89061278]
 [202.53255    205.052736  ]
 [201.20331034 201.20331034]
 [         nan          nan]
 [200.8740093  201.49467188]
 [201.2657699  201.2657699 ]
 [         nan          nan]
 [202.86994733 202.86994733]
 [199.88355906 200.822875  ]
 [201.30263712 201.30263712]
 [200.94774733 205.13961176]
 [200.9793806  202.45902647]
 [202.31882857 202.31882857]
 [201.55352133 201.55352133]
 [199.8731     199.8731    ]
 [         nan          nan]
 [202.03198919 205.31129278]
 [200.62966087 202.55180714]
 [201.34159029 202.87948257]
 [202.74161165 205.7287    ]
 [200.01302959 200.01302959]
 [         nan          nan]
 [200.78919888 203.36517347]
 [200.96687368 200.96687368]
 [201.47678182 203.41106382]
 [201.04267767 203.29564536]
 [200.40985152 200.40985152]
 [201.40342178 202.15908571]
 [203.40981852 207.48477143]
 [199.79358105 200.57675497]
 [201.7505     202.63787778]
 [200.98921753 200.98921753]
 [199.75269043 199.75269043]
 [201.78173608 201.78173608]]
  T: 16734
  nneurons: 1070
  max_spike_rate_range: (np.float32(16650.54), np.float32(16650.54))
  neural_time_bin_size: 64.48362720403023
  unique_reward_amounts: [0.004]
  nrewards: 67
  unique_autoreward: [0.]
  unique_vr_environment: [1.]
  unique_licks: [0. 1. 2. 3. 4. 5.]
  position_range: (np.float64(-50.000000000000014), np.float64(450.8207049751245))
  unique_reward_zone: [0. 1. 2. 3. 4. 5.]
  unique_scanning: [1.]
  speed_range: (np.float64(-0.8979327949857008), np.float64(95.3467614034321))
  unique_teleport: [0. 1.]
  trial_length_range: (np.int64(108), np.int64(220))
  ntrials: 80
Subject m15, Session 10:
  reward_zone_positions: [[199.856624   200.93770526]
 [201.30474436 203.5078398 ]
 [         nan          nan]
 [200.86093588 206.23391   ]
 [201.694525   207.18354531]
 [200.97953285 203.59493462]
 [201.64912656 203.93285191]
 [         nan          nan]
 [         nan          nan]
 [203.49650909 220.46076111]
 [202.14611679 203.6128    ]
 [200.22020465 200.22020465]
 [200.88890909 200.88890909]
 [201.02446364 205.25322887]
 [200.79632692 202.83618896]
 [202.57415538 202.57415538]
 [201.37828065 201.37828065]
 [200.19829208 200.19829208]
 [200.45954419 210.48351985]
 [200.040225   200.91063469]
 [200.45911735 204.09049255]
 [200.870357   200.870357  ]
 [200.28679412 202.5072354 ]
 [200.32047053 200.32047053]
 [200.14727573 202.08992979]
 [202.15522935 202.15522935]
 [200.29712019 201.28763196]
 [201.11246897 201.11246897]
 [         nan          nan]
 [201.5450449  204.22677216]
 [321.00787551 327.95093261]
 [320.17929515 320.17929515]
 [320.130845   325.48603312]
 [320.27448182 320.27448182]
 [319.86307308 319.86307308]
 [321.56019189 321.56019189]
 [         nan          nan]
 [319.94228554 328.90700408]
 [321.14511471 326.58931176]
 [320.66262075 320.66262075]
 [322.52412653 322.52412653]
 [         nan          nan]
 [321.4198102  329.43476413]
 [         nan          nan]
 [322.9315     328.34476122]
 [321.84880465 321.84880465]
 [320.47094737 323.27845306]
 [320.10693    322.82452784]
 [321.55317692 324.8541    ]
 [321.20666355 321.20666355]
 [319.8713766  326.47319355]
 [321.51109406 325.55127282]
 [         nan          nan]
 [320.97626168 320.97626168]
 [321.31194021 324.00056019]
 [322.72479687 322.72479687]
 [321.13088058 321.13088058]
 [319.97466702 326.31470408]
 [319.66024433 321.91626057]
 [320.77478469 325.12945155]
 [321.59832903 335.68283636]
 [321.02815192 323.62832073]
 [322.57995769 322.57995769]
 [         nan          nan]
 [322.48284737 322.48284737]
 [         nan          nan]
 [321.3532602  324.34609189]
 [321.70973196 321.70973196]
 [321.25243415 321.25243415]
 [321.00341013 323.92942474]
 [322.79166139 322.79166139]
 [322.18658557 326.56716238]
 [         nan          nan]
 [321.03874545 324.62106667]
 [320.5610567  322.75611522]
 [320.57916429 320.57916429]
 [321.19119375 325.46756538]
 [319.83535263 319.83535263]
 [320.14370769 322.34840625]
 [320.8400129  320.8400129 ]]
  T: 19042
  nneurons: 1283
  max_spike_rate_range: (np.float32(5129.7695), np.float32(5129.7695))
  neural_time_bin_size: 64.48362720403023
  unique_reward_amounts: [0.004]
  nrewards: 69
  unique_autoreward: [0.]
  unique_vr_environment: [1.]
  unique_licks: [0. 1. 2. 3. 4. 5. 6.]
  position_range: (np.float64(-50.000000000000014), np.float64(451.3816939086293))
  unique_reward_zone: [0. 1. 2. 3. 4. 5. 6.]
  unique_scanning: [1.]
  speed_range: (np.float64(-2.3397881637150326), np.float64(94.18273648577308))
  unique_teleport: [0. 1.]
  trial_length_range: (np.int64(110), np.int64(365))
  ntrials: 80
Subject m15, Session 11:
  reward_zone_positions: [[321.40913333 329.05243211]
 [320.60309474 326.34143462]
 [321.15383814 332.89188835]
 [321.39278913 328.1500117 ]
 [321.48889691 325.07678776]
 [320.91730625 332.56912   ]
 [321.24212919 322.92686195]
 [322.04050412 322.04050412]
 [         nan          nan]
 [         nan          nan]
 [321.00589574 329.42515918]
 [320.96269135 322.86485664]
 [320.4114087  324.12330811]
 [321.08581939 323.45243191]
 [320.65589609 328.30925455]
 [         nan          nan]
 [323.15464038 326.06994   ]
 [320.52585    320.52585   ]
 [319.95685625 322.11851429]
 [320.28180606 323.7037129 ]
 [321.70275    326.55689063]
 [321.59261923 323.61836129]
 [         nan          nan]
 [         nan          nan]
 [321.19145319 329.408135  ]
 [320.42372421 326.58799158]
 [320.03946383 329.41363918]
 [321.95401827 321.95401827]
 [321.81930526 321.81930526]
 [321.40078354 328.96830213]
 [320.51991158 329.95162357]
 [321.02582887 323.84017719]
 [         nan          nan]
 [321.69948795 321.69948795]
 [320.80030435 320.80030435]
 [319.85161379 325.276868  ]
 [322.19007021 324.954575  ]
 [322.03112308 324.76566129]
 [319.95021321 323.41356531]
 [320.59726531 330.91436585]
 [         nan          nan]
 [323.38827732 329.423381  ]
 [321.40580396 321.40580396]
 [320.94520305 322.82899687]
 [320.9111994  320.9111994 ]
 [320.48789592 323.49764311]
 [         nan          nan]
 [321.17723913 325.80905728]
 [320.12495149 320.12495149]
 [322.12889687 328.589295  ]
 [         nan          nan]
 [         nan          nan]
 [320.17417228 320.17417228]
 [322.63381139 328.2850144 ]
 [320.52237    322.47685789]
 [321.32859786 321.32859786]
 [         nan          nan]
 [321.86971633 329.73456279]
 [320.75353939 320.75353939]
 [322.28885825 322.28885825]
 [320.4897625  323.30015979]
 [321.333628   326.65366441]
 [         nan          nan]
 [321.67226797 321.67226797]
 [322.26219844 325.41604286]
 [320.94265    323.26728526]
 [321.23795532 321.23795532]
 [322.18678268 324.17265049]
 [         nan          nan]
 [320.21876392 320.21876392]
 [321.79550244 321.79550244]
 [         nan          nan]
 [320.83570825 320.83570825]
 [321.02061538 322.60053636]
 [323.4477093  323.4477093 ]
 [320.33905349 320.33905349]
 [320.97187692 322.79426154]
 [321.17079703 326.38240455]
 [320.32890933 320.32890933]
 [         nan          nan]]
  T: 18494
  nneurons: 754
  max_spike_rate_range: (np.float32(14835.398), np.float32(14835.398))
  neural_time_bin_size: 64.48362720403023
  unique_reward_amounts: [0.004]
  nrewards: 65
  unique_autoreward: [0.]
  unique_vr_environment: [1.]
  unique_licks: [0. 1. 2. 3. 4. 5. 6.]
  position_range: (np.float64(-50.00000000000001), np.float64(450.9878650519026))
  unique_reward_zone: [0. 1. 2. 3. 4. 5. 6.]
  unique_scanning: [1.]
  speed_range: (np.float64(-2.5881678233312093), np.float64(106.23957357530948))
  unique_teleport: [0. 1.]
  trial_length_range: (np.int64(102), np.int64(568))
  ntrials: 80
Subject m15, Session 12:
  reward_zone_positions: [[         nan          nan]
 [319.9372     332.22331429]
 [322.53700851 322.53700851]
 [321.7712433  321.7712433 ]
 [320.14976364 320.14976364]
 [322.7348254  326.0627703 ]
 [321.38812551 323.66449231]
 [321.00915895 321.00915895]
 [322.86802449 328.94794947]
 [321.12235096 322.39448776]
 [320.89658785 320.89658785]
 [322.77165472 325.9942717 ]
 [323.61297419 323.61297419]
 [321.43531386 321.43531386]
 [321.106552   324.46002727]
 [         nan          nan]
 [320.35639231 320.35639231]
 [320.45047407 320.45047407]
 [319.7884027  319.7884027 ]
 [         nan          nan]
 [         nan          nan]
 [324.48291042 328.24706526]
 [321.36981606 321.36981606]
 [319.99362    319.99362   ]
 [322.39233939 325.57945158]
 [322.02218627 326.85993125]
 [320.06690938 323.85032371]
 [322.20194426 322.20194426]
 [321.87712718 324.39378058]
 [         nan          nan]
 [ 86.01795258 133.15049592]
 [ 81.18983992  81.18983992]
 [ 84.63596602  94.17209346]
 [ 84.52038061 137.77374021]
 [ 82.11113526  82.11113526]
 [ 84.59715347  88.86954606]
 [ 82.17788     86.48367592]
 [ 81.53367412  89.93685112]
 [ 83.84245897  83.84245897]
 [ 81.49172602  85.93650426]
 [         nan          nan]
 [ 81.31015701  83.98652077]
 [ 81.23269125  81.23269125]
 [ 81.44346515  81.44346515]
 [ 81.40011     81.40011   ]
 [         nan          nan]
 [ 80.99302615  87.69344655]
 [ 80.71655677  85.1016676 ]
 [ 80.01303223  81.587842  ]
 [ 82.84842     82.84842   ]
 [ 83.33973489  83.33973489]
 [ 80.54599524  80.54599524]
 [ 81.04042854  83.77245281]
 [ 84.85022268 109.01853077]
 [ 79.9764125   79.9764125 ]
 [ 80.46361382  81.62214173]
 [ 82.30565207  82.30565207]
 [ 81.69032814  81.69032814]
 [ 80.14901373  81.28725487]
 [ 80.60924937  80.60924937]
 [ 84.70322474  87.80313219]
 [ 80.16672864  81.33192582]
 [ 81.719735    83.69941611]
 [ 80.803405    81.7586019 ]
 [ 80.30061     80.30061   ]
 [ 80.99759527  83.88055364]
 [ 80.65169726  80.65169726]
 [ 82.81826349  84.6846828 ]
 [ 79.97695062  81.10334301]
 [ 80.23982272  81.81400306]
 [ 80.22921021  84.4855875 ]
 [ 80.80037471  81.3118475 ]
 [         nan          nan]
 [ 81.28267058  85.30013806]
 [ 84.51470361  84.51470361]
 [ 80.28049323  81.23020798]
 [ 80.70113     82.67201263]
 [ 80.6120319   82.47114366]
 [ 82.18743757  83.30136189]
 [ 80.86437735  82.4514871 ]]
  T: 15419
  nneurons: 1127
  max_spike_rate_range: (np.float32(4899.5386), np.float32(4899.5386))
  neural_time_bin_size: 64.48362720403023
  unique_reward_amounts: [0.004]
  nrewards: 72
  unique_autoreward: [0.]
  unique_vr_environment: [1.]
  unique_licks: [0. 1. 2. 3. 4. 5.]
  position_range: (np.float64(-50.000000000000014), np.float64(451.3013599999976))
  unique_reward_zone: [0. 1. 2. 3. 4. 5. 6.]
  unique_scanning: [1.]
  speed_range: (np.float64(-2.242203811675821), np.float64(107.87469643856342))
  unique_teleport: [0. 1.]
  trial_length_range: (np.int64(101), np.int64(276))
  ntrials: 80
Subject m15, Session 13:
  reward_zone_positions: [[81.99582486 84.79487897]
 [81.91140625 83.16045485]
 [80.03152038 80.55343294]
 [80.56935485 81.94085615]
 [80.13395091 80.13395091]
 [81.15976404 81.15976404]
 [79.91478684 81.28403   ]
 [80.15362058 81.58550452]
 [83.55438351 83.55438351]
 [        nan         nan]
 [80.62672723 80.62672723]
 [81.19454    81.19454   ]
 [        nan         nan]
 [80.12000378 82.25945105]
 [79.93648647 79.93648647]
 [        nan         nan]
 [80.44369    80.44369   ]
 [79.81873333 79.81873333]
 [80.50693085 80.50693085]
 [80.10103643 80.10103643]
 [80.535135   83.95111361]
 [79.65036096 80.5395188 ]
 [81.697345   81.697345  ]
 [        nan         nan]
 [79.68101819 84.11758947]
 [80.07126183 80.07126183]
 [79.86165214 80.65357474]
 [81.4347525  84.10777645]
 [        nan         nan]
 [80.50982404 82.82469349]
 [79.72456827 80.39038082]
 [80.80012408 80.80012408]
 [        nan         nan]
 [80.01694692 81.12641368]
 [82.10889709 82.10889709]
 [79.957394   80.81606471]
 [80.59017952 81.58691895]
 [80.49719132 80.49719132]
 [79.61629801 79.61629801]
 [80.28584466 80.28584466]
 [79.87603    80.71682474]
 [80.39506667 80.39506667]
 [80.03571368 80.03571368]
 [79.82931962 80.37199939]
 [80.535385   81.41945028]
 [79.8477814  80.24088684]
 [81.1331375  82.1570093 ]
 [80.06792641 80.8544413 ]
 [80.13551712 81.28533455]
 [80.44446813 80.44446813]
 [79.99236791 80.94987879]
 [80.70988789 80.70988789]
 [80.24524765 81.51923918]
 [        nan         nan]
 [81.91511871 81.91511871]
 [79.96471692 81.21336105]
 [79.65228964 80.70671311]
 [81.8916324  81.8916324 ]
 [79.88560857 79.88560857]
 [80.298385   80.298385  ]
 [80.24843    80.24843   ]
 [79.95166957 79.95166957]
 [81.52499689 81.52499689]
 [81.04327038 81.04327038]
 [79.87459163 80.92717432]
 [80.207624   80.207624  ]
 [80.772145   80.772145  ]
 [80.54450438 80.54450438]
 [80.70484554 80.70484554]
 [80.03416584 80.03416584]
 [80.2111     81.79176809]
 [        nan         nan]
 [80.64654519 81.5493219 ]
 [80.54211192 80.54211192]
 [        nan         nan]
 [80.43677904 80.97775658]
 [81.16673517 81.16673517]
 [80.43911088 80.43911088]
 [79.89366878 79.89366878]
 [81.60460032 81.60460032]]
  T: 16394
  nneurons: 875
  max_spike_rate_range: (np.float32(15936.762), np.float32(15936.762))
  neural_time_bin_size: 64.48362720403023
  unique_reward_amounts: [0.004]
  nrewards: 71
  unique_autoreward: [0.]
  unique_vr_environment: [1.]
  unique_licks: [0. 1. 2. 3. 4. 5. 6.]
  position_range: (np.float64(-50.00000000000001), np.float64(451.1044296875002))
  unique_reward_zone: [0. 1. 2. 3. 4. 5. 6.]
  unique_scanning: [1.]
  speed_range: (np.float64(-2.253161275937416), np.float64(92.04395452387186))
  unique_teleport: [0. 1.]
  trial_length_range: (np.int64(111), np.int64(606))
  ntrials: 80
Subject m15, Session 14:
  reward_zone_positions: [[ 80.18002947  81.19628811]
 [ 79.89247226  79.89247226]
 [ 81.898972    85.49180053]
 [ 79.75195469  80.69989538]
 [ 79.71018615  80.02703269]
 [ 80.76891875  82.05147576]
 [ 80.1904055   80.1904055 ]
 [ 81.11511884  82.01695733]
 [ 79.7515223   80.09780175]
 [ 79.72933558  80.1078136 ]
 [ 80.19066449  80.19066449]
 [ 80.02482538  80.02482538]
 [         nan          nan]
 [ 82.58057122  82.58057122]
 [ 79.78772279  80.53501694]
 [ 81.62496748  85.41256455]
 [ 80.19594437  80.19594437]
 [ 80.47998769  80.47998769]
 [ 79.98373701  79.98373701]
 [         nan          nan]
 [         nan          nan]
 [ 79.9206325   80.95815053]
 [ 80.59638893  80.59638893]
 [ 80.26682659  80.26682659]
 [ 80.37320178  81.44784   ]
 [ 80.20123531  81.93292727]
 [ 79.70258347  80.50566412]
 [ 80.75495     80.75495   ]
 [ 80.16787455  80.16787455]
 [ 83.10440909  83.10440909]
 [200.85980865 202.85233571]
 [         nan          nan]
 [202.4527466  205.3419    ]
 [201.89345978 203.53191049]
 [202.0776534  208.555981  ]
 [199.9784175  202.61572453]
 [200.214308   203.29376456]
 [200.8173875  202.7548234 ]
 [200.16120645 202.81066535]
 [         nan          nan]
 [201.92656327 201.92656327]
 [201.24521633 201.24521633]
 [200.79852258 201.97284038]
 [201.78616    201.78616   ]
 [200.02340946 201.96933878]
 [200.70359596 201.8149844 ]
 [201.20970192 202.88979388]
 [202.41653    205.16218611]
 [200.74593495 202.432275  ]
 [200.33471346 203.057975  ]
 [200.18129474 200.18129474]
 [200.88034687 200.88034687]
 [201.13986562 203.18432432]
 [         nan          nan]
 [200.56275714 206.94040526]
 [200.56261154 201.81249231]
 [         nan          nan]
 [         nan          nan]
 [200.62565    200.62565   ]
 [200.14730964 203.27270412]
 [202.4824625  206.31242941]
 [201.15843585 201.15843585]
 [202.35739898 207.86749783]
 [         nan          nan]
 [202.48037761 202.48037761]
 [199.6495     199.6495    ]
 [201.45672581 201.45672581]
 [200.39506273 202.167998  ]
 [         nan          nan]
 [202.29763636 211.841425  ]
 [200.97770577 200.97770577]
 [         nan          nan]
 [201.31919157 201.31919157]
 [199.74697097 200.82191538]
 [200.31262308 202.66507368]
 [200.32403474 200.32403474]
 [201.41806522 207.58252198]
 [         nan          nan]
 [199.77480385 199.77480385]
 [202.02443043 209.77522632]]
  T: 20663
  nneurons: 1195
  max_spike_rate_range: (np.float32(4139.502), np.float32(4139.502))
  neural_time_bin_size: 64.48362720403023
  unique_reward_amounts: [0.004]
  nrewards: 68
  unique_autoreward: [0.]
  unique_vr_environment: [1.]
  unique_licks: [0. 1. 2. 3. 4. 5. 6.]
  position_range: (np.float64(-50.00000000000001), np.float64(450.906835251798))
  unique_reward_zone: [0. 1. 2. 3. 4. 5. 6.]
  unique_scanning: [1.]
  speed_range: (np.float64(-2.992578785206092), np.float64(97.68599993083784))
  unique_teleport: [0. 1.]
  trial_length_range: (np.int64(107), np.int64(1062))
  ntrials: 80
Subject: m17, Sessions: [1, 2, 3, 4, 5, 6, 7, 8, 9, 10, 11, 12, 13, 14]
Subject m17, Session 1:
  reward_zone_positions: [[200.69078846 202.1084375 ]
 [202.22889    206.53138402]
 [         nan          nan]
 [201.06052865 214.31622661]
 [200.38960263 200.38960263]
 [199.92708493 208.91510366]
 [200.57194328 204.53024343]
 [201.6974961  201.6974961 ]
 [200.01619319 200.01619319]
 [200.22579444 208.52323508]
 [         nan          nan]
 [201.99891851 201.99891851]
 [200.40716667 201.444058  ]
 [201.39313041 204.83361746]
 [         nan          nan]
 [202.05779362 202.05779362]
 [201.01712527 201.01712527]
 [201.32324061 212.847275  ]
 [200.38968416 207.30276126]
 [200.14788571 202.49677526]
 [         nan          nan]
 [200.68223807 206.31327644]
 [200.926432   209.89180342]
 [         nan          nan]
 [202.63504854 202.63504854]
 [200.98584796 203.12301707]
 [201.65417083 203.58039091]
 [200.16039381 200.62587213]
 [         nan          nan]
 [200.12352    200.12352   ]
 [203.09794925 207.87349239]
 [200.95799098 202.5551    ]
 [199.98922979 203.55679802]
 [201.63530781 203.6819125 ]
 [200.621925   205.29823481]
 [201.82131152 205.97200824]
 [         nan          nan]
 [         nan          nan]
 [201.55374444 201.55374444]
 [         nan          nan]
 [201.24414466 208.15391882]
 [200.64172458 200.64172458]
 [200.47906338 200.47906338]
 [         nan          nan]
 [201.60770079 203.83572353]
 [201.70620636 205.58021225]
 [200.30847578 207.07849639]
 [202.56132869 205.35172116]
 [200.51164767 202.56148945]
 [202.08556502 204.20061583]
 [200.264225   207.38294162]
 [201.44208063 226.04709613]
 [200.362565   208.98767955]
 [201.28976193 203.7425555 ]
 [202.57219118 210.22889226]
 [201.35028177 201.35028177]
 [201.4209375  203.24932383]
 [         nan          nan]
 [201.17854    213.53980923]
 [200.751555   206.91764062]
 [201.4293898  207.03165288]
 [200.67273333 204.46445942]
 [200.73389263 205.04493036]
 [200.42980096 210.4225    ]
 [200.0014976  201.20493077]
 [         nan          nan]
 [201.80228438 201.80228438]
 [202.6867087  207.23268313]
 [200.22801939 230.08144324]
 [202.51307435 207.21385273]
 [199.89807941 204.36974808]
 [200.87376071 207.43487391]
 [         nan          nan]
 [         nan          nan]
 [200.58579133 202.69726443]
 [201.47434293 207.45374477]
 [201.71532995 201.71532995]
 [200.67489275 201.77755526]
 [201.95774545 208.51111268]
 [201.69570933 207.50828491]]
  T: 22634
  nneurons: 591
  max_spike_rate_range: (np.float32(8223.946), np.float32(8223.946))
  neural_time_bin_size: 64.48362720403023
  unique_reward_amounts: [0.004]
  nrewards: 66
  unique_autoreward: [0.]
  unique_vr_environment: [1.]
  unique_licks: [0. 1. 2. 3. 4. 5. 6. 7.]
  position_range: (np.float64(-50.000000000000014), np.float64(451.0913915038233))
  unique_reward_zone: [0. 1. 2. 3. 4. 5. 6.]
  unique_scanning: [1.]
  speed_range: (np.float64(-2.645206482171369), np.float64(87.32276837192883))
  unique_teleport: [0. 1.]
  trial_length_range: (np.int64(142), np.int64(471))
  ntrials: 80
Subject m17, Session 2:
  reward_zone_positions: [[201.51841298 202.47609789]
 [201.99330227 204.70993891]
 [200.4737169  200.4737169 ]
 [199.93505942 201.50103415]
 [200.53307035 204.33207847]
 [         nan          nan]
 [200.4281634  206.72659122]
 [201.19932048 201.19932048]
 [201.13328125 201.13328125]
 [200.0196797  205.13215217]
 [200.22513969 206.65850935]
 [200.44781503 200.44781503]
 [201.58829749 206.46587273]
 [200.61944615 204.35719637]
 [         nan          nan]
 [199.87305899 205.10813662]
 [201.36618    201.36618   ]
 [200.4542     206.22203325]
 [         nan          nan]
 [201.08658571 203.00253777]
 [200.36388776 206.13364767]
 [200.55613096 200.55613096]
 [200.41243673 206.08617019]
 [201.50959275 203.19776396]
 [201.77249848 214.06526829]
 [         nan          nan]
 [201.38612308 201.38612308]
 [202.55906364 205.45290534]
 [201.13507861 201.13507861]
 [200.90914985 200.90914985]
 [202.05894781 202.05894781]
 [200.92843929 206.6805335 ]
 [201.27488051 214.53340268]
 [200.55339683 209.79833405]
 [201.24084772 201.24084772]
 [200.0877127  206.96981087]
 [199.84052589 199.84052589]
 [202.58065224 210.06972289]
 [         nan          nan]
 [201.3934576  201.3934576 ]
 [201.17904071 203.23445731]
 [         nan          nan]
 [200.77568063 208.54237059]
 [200.70183386 209.2082245 ]
 [202.02168276 208.08460286]
 [200.47727664 207.93722042]
 [202.73304038 205.52027233]
 [201.58601107 201.58601107]
 [201.4469165  211.69483529]
 [200.0657656  208.50003258]
 [201.50862081 201.50862081]
 [202.946672   202.946672  ]
 [203.18483308 203.18483308]
 [200.29207969 208.14697   ]
 [202.06916795 207.0995    ]
 [201.81103267 209.04814599]
 [         nan          nan]
 [202.95698712 202.95698712]
 [204.33043182 207.11333511]
 [         nan          nan]
 [200.06082629 211.82544467]
 [201.48321692 201.48321692]
 [202.20933112 204.427     ]
 [201.06266627 205.3114266 ]
 [201.12195828 210.83347879]
 [200.14947461 205.70964235]
 [200.70486576 200.70486576]
 [201.14578995 208.56118364]
 [200.53792861 200.53792861]
 [202.47393065 211.42893508]
 [199.96799786 199.96799786]
 [202.17392687 207.30617173]
 [202.48561546 211.23637258]
 [202.20459183 203.72386147]
 [201.15095426 212.90113713]
 [202.19192381 205.75307449]
 [         nan          nan]
 [202.66682919 211.14847589]
 [         nan          nan]
 [203.04518077 204.92382193]]
  T: 19498
  nneurons: 442
  max_spike_rate_range: (np.float32(10608.981), np.float32(10608.981))
  neural_time_bin_size: 64.48362720403023
  unique_reward_amounts: [0.004]
  nrewards: 70
  unique_autoreward: [0.]
  unique_vr_environment: [1.]
  unique_licks: [0. 1. 2. 3. 4. 5. 6.]
  position_range: (np.float64(-50.000000000000014), np.float64(450.9283813471496))
  unique_reward_zone: [0. 1. 2. 3. 4. 5. 6.]
  unique_scanning: [1.]
  speed_range: (np.float64(-1.677754186940159), np.float64(91.43860174459095))
  unique_teleport: [0. 1.]
  trial_length_range: (np.int64(129), np.int64(570))
  ntrials: 80
Subject m17, Session 3:
  reward_zone_positions: [[200.7211475  214.64027549]
 [200.40677023 204.84360193]
 [202.97850372 214.45767846]
 [200.10084208 207.66557252]
 [         nan          nan]
 [202.45576667 214.0624445 ]
 [200.53708687 210.25179615]
 [201.78148605 201.78148605]
 [201.11159206 201.11159206]
 [203.44238136 208.98117062]
 [202.10120476 209.58295685]
 [201.07116    206.13314348]
 [         nan          nan]
 [200.00078125 207.58081884]
 [202.89311538 219.53743351]
 [200.63549464 203.31092243]
 [201.52823613 201.52823613]
 [199.92257    200.49488743]
 [200.60826667 210.44152299]
 [200.41280813 200.41280813]
 [200.92954328 205.6942575 ]
 [200.25613878 201.86639412]
 [201.6338913  201.6338913 ]
 [200.93279    205.10394471]
 [200.21666716 208.77237746]
 [199.63697025 199.63697025]
 [201.07491196 204.06367882]
 [199.9459209  203.37699231]
 [200.14304138 200.14304138]
 [200.75816    206.44806364]
 [         nan          nan]
 [319.93828324 327.11544754]
 [321.39107778 321.39107778]
 [321.80702609 334.57666345]
 [321.23294134 325.35984706]
 [321.23876667 333.83889849]
 [         nan          nan]
 [320.93156545 338.05092364]
 [320.336771   330.97996557]
 [         nan          nan]
 [322.59653486 337.37880891]
 [321.1558194  325.78509373]
 [322.53196158 326.85549322]
 [320.41042123 322.53762373]
 [322.2733194  326.82859524]
 [322.99689659 328.0722    ]
 [321.10781106 339.62673938]
 [321.06568059 328.66250265]
 [         nan          nan]
 [         nan          nan]
 [320.97876477 323.3656737 ]
 [323.16964234 326.41221429]
 [         nan          nan]
 [321.41909815 333.8834    ]
 [323.80116939 323.80116939]
 [322.61073251 326.04693708]
 [320.82837059 331.29373115]
 [321.2785     321.2785    ]
 [321.84162    324.04680904]
 [         nan          nan]
 [321.39992857 321.39992857]
 [321.10935831 335.21400622]
 [         nan          nan]
 [320.92338387 324.70203939]
 [320.399792   330.74349341]
 [321.27985942 323.87075846]
 [319.92460909 322.55514885]
 [319.79779846 323.57263437]
 [321.48261004 335.39909908]
 [320.2951     332.74238209]
 [320.65053674 320.65053674]
 [322.49069855 324.65573333]
 [319.96361604 321.50512316]
 [320.90242395 326.00249067]
 [321.60825922 328.87506688]
 [321.57082054 326.48262105]
 [         nan          nan]
 [321.52029388 336.84465389]
 [321.14836122 323.84857981]
 [320.93089046 335.68192348]]
  T: 21933
  nneurons: 676
  max_spike_rate_range: (np.float32(7964.414), np.float32(7964.414))
  neural_time_bin_size: 64.48362720403023
  unique_reward_amounts: [0.004]
  nrewards: 69
  unique_autoreward: [0.]
  unique_vr_environment: [1.]
  unique_licks: [0. 1. 2. 3. 4. 5. 6.]
  position_range: (np.float64(-50.000000000000014), np.float64(450.69739090908735))
  unique_reward_zone: [0. 1. 2. 3. 4. 5. 6.]
  unique_scanning: [1.]
  speed_range: (np.float64(-3.774094493526975), np.float64(80.70871031504414))
  unique_teleport: [0. 1.]
  trial_length_range: (np.int64(144), np.int64(699))
  ntrials: 80
Subject m17, Session 4:
  reward_zone_positions: [[322.14590567 327.18980374]
 [320.91804811 322.84889892]
 [321.30806782 322.69487971]
 [321.55805025 327.39089694]
 [320.73099843 326.81673367]
 [321.84672258 323.4002855 ]
 [322.01658281 326.67991696]
 [321.18025088 321.18025088]
 [320.55338368 320.55338368]
 [320.79216667 325.37387846]
 [320.51483109 322.31993947]
 [321.28546202 321.28546202]
 [320.999425   327.29686973]
 [320.65601656 323.00791635]
 [320.42859697 325.68256273]
 [321.24669677 327.99494353]
 [         nan          nan]
 [         nan          nan]
 [         nan          nan]
 [         nan          nan]
 [321.44251852 323.30825192]
 [322.29517938 324.3530578 ]
 [         nan          nan]
 [320.91239526 320.91239526]
 [322.79471587 330.2514954 ]
 [         nan          nan]
 [321.24593462 323.18356114]
 [320.939425   322.50583784]
 [321.38186875 327.60674286]
 [320.69480406 320.69480406]
 [320.78980838 325.10860872]
 [         nan          nan]
 [322.65044615 324.79361135]
 [322.41880106 324.94873119]
 [321.09121176 326.69911667]
 [321.55927031 324.61771102]
 [320.3607288  320.3607288 ]
 [320.87715876 328.54747959]
 [321.88592    326.60323672]
 [320.62660609 325.74341739]
 [320.72430769 327.51437778]
 [321.03976535 321.03976535]
 [320.68717254 326.74269761]
 [319.90537742 328.10047742]
 [320.10347592 322.19186987]
 [320.2133114  326.80096923]
 [321.28783469 329.09472741]
 [         nan          nan]
 [         nan          nan]
 [321.99973672 321.99973672]
 [         nan          nan]
 [322.4257     329.81664182]
 [321.6749403  328.46287164]
 [321.29956965 323.24263258]
 [320.50988571 324.99255814]
 [         nan          nan]
 [322.42512768 326.81044189]
 [320.97916238 320.97916238]
 [321.61412069 326.10223488]
 [         nan          nan]
 [319.92500471 324.05502889]
 [321.9732427  321.9732427 ]
 [321.41290579 328.77036126]
 [319.86484467 326.38274   ]
 [320.46142774 324.18872951]
 [321.82128571 323.4817    ]
 [         nan          nan]
 [319.7733973  320.49924375]
 [320.99954162 327.77738   ]
 [322.93262642 327.59618798]
 [         nan          nan]
 [         nan          nan]
 [320.477725   324.06477761]
 [321.64762477 325.91430577]
 [320.61625303 324.73002932]
 [321.3016058  321.3016058 ]
 [322.17053692 327.3999087 ]
 [320.75580435 322.97506989]
 [         nan          nan]
 [         nan          nan]]
  T: 22791
  nneurons: 506
  max_spike_rate_range: (np.float32(8359.994), np.float32(8359.994))
  neural_time_bin_size: 64.48362720403023
  unique_reward_amounts: [0.004]
  nrewards: 63
  unique_autoreward: [0.]
  unique_vr_environment: [1.]
  unique_licks: [0. 1. 2. 3. 4. 5. 6. 7.]
  position_range: (np.float64(-50.000000000000014), np.float64(450.8649082706767))
  unique_reward_zone: [0. 1. 2. 3. 4. 5. 6. 7.]
  unique_scanning: [1.]
  speed_range: (np.float64(-4.286352685466314), np.float64(80.44565171126467))
  unique_teleport: [0. 1.]
  trial_length_range: (np.int64(144), np.int64(514))
  ntrials: 80
Subject m17, Session 5:
  reward_zone_positions: [[322.13544638 322.13544638]
 [321.81171613 323.76089541]
 [320.63012609 322.0969198 ]
 [319.87550152 323.48551905]
 [320.474247   327.77304706]
 [320.56036023 325.63622919]
 [321.2269988  324.83020096]
 [320.07017551 321.68364932]
 [320.07503913 320.07503913]
 [320.09647935 320.09647935]
 [320.15550214 322.79077837]
 [319.88688269 319.88688269]
 [321.13418889 322.97616721]
 [         nan          nan]
 [         nan          nan]
 [         nan          nan]
 [322.02388065 326.15175396]
 [320.9752105  326.59836562]
 [321.64539439 325.27284922]
 [320.8381533  324.49397644]
 [320.49041623 320.49041623]
 [         nan          nan]
 [320.46708824 321.29275515]
 [321.10257435 321.10257435]
 [         nan          nan]
 [321.98858534 324.26242615]
 [320.96663279 320.96663279]
 [321.22607848 322.95268261]
 [         nan          nan]
 [320.98883853 320.98883853]
 [ 80.80817551 107.41291865]
 [ 82.12992077  96.53728519]
 [ 80.01502187  95.48936043]
 [ 81.21636918  88.10354485]
 [ 82.10432502  84.95685825]
 [ 82.14951898  91.44044496]
 [ 81.53928064  93.71162024]
 [ 82.45292169  87.56005197]
 [ 82.26709088  82.26709088]
 [ 82.26128743  91.21334054]
 [ 81.74301965  94.2980168 ]
 [ 81.11709268  81.11709268]
 [ 80.82574917  80.82574917]
 [ 80.74501406  85.15566114]
 [ 81.60368125  81.60368125]
 [ 80.78434176  83.20794323]
 [ 81.64829845  89.8616645 ]
 [ 80.91355857  86.84962383]
 [ 81.43643762  86.30735107]
 [ 81.22975412  90.96711272]
 [ 81.9182803   87.90554054]
 [ 81.89232719  95.37604889]
 [ 82.08402     82.08402   ]
 [ 81.67973195  85.21172924]
 [ 81.01634956  81.01634956]
 [         nan          nan]
 [ 81.73600038  83.47702231]
 [ 82.1506713   83.9565575 ]
 [ 80.62493425  80.62493425]
 [         nan          nan]
 [ 80.15449799  86.3765114 ]
 [ 80.55834462  87.90983618]
 [ 81.15540011  81.15540011]
 [         nan          nan]
 [ 81.42358234  81.42358234]
 [ 80.51364462  87.28536077]
 [         nan          nan]
 [ 82.16251599  83.64444346]
 [ 80.16150094  87.28144261]
 [ 80.85658625 138.63946667]
 [ 81.10104636  81.10104636]
 [ 80.30779363  80.30779363]
 [ 81.05208767  82.39354789]
 [ 81.39994784  81.39994784]
 [         nan          nan]
 [ 80.38226528  81.99211881]
 [         nan          nan]
 [ 80.70415312  81.12930957]
 [ 81.39731923  88.40540098]
 [ 81.13772538  82.83192959]]
  T: 28071
  nneurons: 838
  max_spike_rate_range: (np.float32(7235.379), np.float32(7235.379))
  neural_time_bin_size: 64.48362720403023
  unique_reward_amounts: [0.004]
  nrewards: 68
  unique_autoreward: [0.]
  unique_vr_environment: [1.]
  unique_licks: [0. 1. 2. 3. 4. 5. 6.]
  position_range: (np.float64(-50.000000000000014), np.float64(450.4774767772469))
  unique_reward_zone: [0. 1. 2. 3. 4. 5. 6. 7.]
  unique_scanning: [1.]
  speed_range: (np.float64(-5.02414299270683), np.float64(65.51783109223815))
  unique_teleport: [0. 1.]
  trial_length_range: (np.int64(211), np.int64(445))
  ntrials: 80
Subject m17, Session 6:
  reward_zone_positions: [[         nan          nan]
 [ 80.34150012  86.38761211]
 [ 80.2032785   84.13849774]
 [ 79.96500806  79.96500806]
 [ 79.95223723  82.68458037]
 [         nan          nan]
 [ 80.36159286  85.79883   ]
 [ 80.24396497  84.07153809]
 [ 80.52169846  80.52169846]
 [ 80.28817773  85.91539053]
 [ 80.63085185  81.8496585 ]
 [ 81.24413344  83.70082   ]
 [ 81.3315381   81.9841556 ]
 [ 81.34660991  81.67572611]
 [ 80.52868196  84.03611419]
 [ 79.63349652  84.6928774 ]
 [ 80.56362664  81.40844133]
 [ 81.84097077  82.64263565]
 [ 81.19065299  84.06543141]
 [ 80.62371463  82.97302143]
 [ 81.18427724  83.09457928]
 [ 79.85102059  82.83535359]
 [ 80.68400846  81.65071342]
 [         nan          nan]
 [ 80.60878184  82.86028898]
 [ 80.89632406  82.0347352 ]
 [         nan          nan]
 [ 79.90587301  85.26224   ]
 [ 81.59255286  88.97231   ]
 [ 80.42975094  84.42537236]
 [ 80.07917016  83.35756229]
 [         nan          nan]
 [         nan          nan]
 [ 79.79319959  80.88862237]
 [ 80.71878885  86.41096185]
 [ 81.1751648   81.73314939]
 [ 80.12381308  84.98891231]
 [ 80.45441009  80.72521   ]
 [ 81.60560471  82.1276485 ]
 [ 81.13975091  83.90788015]
 [ 80.05750164  81.67970263]
 [ 80.00390269  85.48960412]
 [ 79.89075634  81.37328   ]
 [ 79.99807538  84.01288446]
 [ 79.87842703  79.87842703]
 [ 80.31024157  81.08751923]
 [         nan          nan]
 [ 80.16604812  81.17329104]
 [ 81.12403649  83.94873492]
 [         nan          nan]
 [         nan          nan]
 [ 79.86689755 101.27409593]
 [         nan          nan]
 [ 80.3102641   81.29848129]
 [ 80.51973883  83.87656   ]
 [ 82.90373286  85.62684789]
 [ 80.42635769  80.42635769]
 [ 81.2075775   82.79335197]
 [         nan          nan]
 [ 79.80901     79.80901   ]
 [ 79.88245875  81.03098932]
 [         nan          nan]
 [ 79.89738385  80.42642819]
 [         nan          nan]
 [ 81.17959036  84.60798817]
 [         nan          nan]
 [ 80.86099901  85.62595959]
 [ 80.49711878  82.64857648]
 [         nan          nan]
 [ 79.89342567  81.6032192 ]
 [ 81.86658822  85.6760502 ]
 [ 79.86582841  82.81168707]
 [ 82.66582665  84.36900509]
 [ 79.5893637   79.809     ]
 [ 81.49364947  82.80608378]
 [ 81.15624571  82.6652347 ]
 [ 81.52413     82.70979604]
 [ 81.40752918  82.48889652]
 [ 80.30443827  80.30443827]
 [ 80.73720462  81.82033   ]]
  T: 32673
  nneurons: 491
  max_spike_rate_range: (np.float32(8486.325), np.float32(8486.325))
  neural_time_bin_size: 64.48362720403023
  unique_reward_amounts: [0.004]
  nrewards: 65
  unique_autoreward: [0.]
  unique_vr_environment: [1.]
  unique_licks: [0. 1. 2. 3. 4. 5. 6.]
  position_range: (np.float64(-50.000000000000014), np.float64(450.2247162436542))
  unique_reward_zone: [0. 1. 2. 3. 4. 5. 6.]
  unique_scanning: [1.]
  speed_range: (np.float64(-4.524253035925563), np.float64(60.23241048524726))
  unique_teleport: [0. 1.]
  trial_length_range: (np.int64(243), np.int64(1160))
  ntrials: 80
Subject m17, Session 7:
  reward_zone_positions: [[ 80.19107135  80.19107135]
 [ 80.49951737  80.49951737]
 [ 80.12380822  85.86150629]
 [ 81.76126783  84.00850856]
 [ 79.86784786  87.8141651 ]
 [ 81.07805375  87.82570804]
 [         nan          nan]
 [ 80.79681462  84.34889852]
 [ 80.35671889  80.35671889]
 [         nan          nan]
 [ 80.10260282  83.1405303 ]
 [         nan          nan]
 [ 81.34630841  86.23461756]
 [ 81.88997169  81.88997169]
 [ 80.84210769  82.77757212]
 [ 80.19922696  85.10351939]
 [ 79.79902971  83.70580597]
 [ 80.1321117   80.1321117 ]
 [ 81.5356778   83.59430513]
 [ 80.73615015  83.35998308]
 [ 80.50704966  90.324465  ]
 [ 80.77793118  80.77793118]
 [ 80.21878547  80.21878547]
 [ 81.3212068   84.93816173]
 [ 81.0549001   82.3511376 ]
 [ 80.22849356  82.65789102]
 [         nan          nan]
 [ 81.74864853  85.07484043]
 [         nan          nan]
 [ 81.04760857  83.51713561]
 [200.74929793 212.33160595]
 [200.17994653 203.58477225]
 [201.19220612 205.643125  ]
 [200.75512656 202.6325487 ]
 [         nan          nan]
 [         nan          nan]
 [201.52494578 201.52494578]
 [200.22908077 201.80501739]
 [201.18527647 202.89859302]
 [200.95996892 200.95996892]
 [         nan          nan]
 [201.67133664 203.98167807]
 [         nan          nan]
 [201.28592791 207.00526338]
 [200.99170811 200.99170811]
 [200.01604565 203.41690366]
 [202.904554   211.78421468]
 [         nan          nan]
 [200.96494167 200.96494167]
 [201.18092177 205.4355    ]
 [200.07934948 200.07934948]
 [200.41604712 203.09607   ]
 [200.92183043 202.33265206]
 [202.99024974 209.48246548]
 [202.32859077 202.32859077]
 [199.85853824 199.85853824]
 [         nan          nan]
 [201.70929083 201.70929083]
 [201.07073789 204.72742   ]
 [200.48293571 203.18885144]
 [200.02221594 200.02221594]
 [202.07085797 203.22608052]
 [200.14393673 204.44821692]
 [201.50185625 202.99357474]
 [200.02447555 206.5709988 ]
 [201.26857049 205.36313365]
 [200.47212319 202.08034597]
 [200.04379403 201.63733529]
 [199.77408947 202.09386377]
 [200.45118524 203.16322955]
 [         nan          nan]
 [202.66112332 214.31585689]
 [200.64876804 206.67742932]
 [201.05524133 201.05524133]
 [200.4313942  202.2161161 ]
 [201.23898454 206.94984388]
 [200.71301852 204.36185056]
 [201.27123906 202.66736009]
 [201.2682125  202.69614766]
 [201.17111923 202.55487761]]
  T: 28726
  nneurons: 690
  max_spike_rate_range: (np.float32(5076.0767), np.float32(5076.0767))
  neural_time_bin_size: 64.48362720403023
  unique_reward_amounts: [0.004]
  nrewards: 68
  unique_autoreward: [0.]
  unique_vr_environment: [1.]
  unique_licks: [0. 1. 2. 3. 4. 5.]
  position_range: (np.float64(-50.000000000000014), np.float64(450.43201264367855))
  unique_reward_zone: [0. 1. 2. 3. 4. 5. 6.]
  unique_scanning: [1.]
  speed_range: (np.float64(-4.811578012800684), np.float64(55.44619104011463))
  unique_teleport: [0. 1.]
  trial_length_range: (np.int64(164), np.int64(344))
  ntrials: 80
Subject m17, Session 8:
  reward_zone_positions: [[199.81130534 201.37337445]
 [         nan          nan]
 [201.26955389 201.26955389]
 [199.71896737 199.71896737]
 [200.36912615 203.66094082]
 [         nan          nan]
 [201.36535052 204.83398072]
 [201.45729254 209.4121809 ]
 [         nan          nan]
 [         nan          nan]
 [201.31511496 202.77260575]
 [200.52673893 204.46181992]
 [202.74828621 206.44312353]
 [201.5122     203.49950875]
 [200.7841406  202.40955482]
 [200.93235474 204.78493323]
 [200.34864545 200.34864545]
 [201.55882857 201.55882857]
 [200.16802    201.7206    ]
 [199.65771514 199.65771514]
 [202.53680814 227.1591599 ]
 [199.61758716 203.82275928]
 [200.53069206 203.99705578]
 [200.88852067 201.82588595]
 [200.63924839 202.17093913]
 [201.9622644  203.46252113]
 [203.23273401 203.23273401]
 [200.33154179 203.96789091]
 [         nan          nan]
 [         nan          nan]
 [ 79.95072368  81.96750234]
 [ 80.55240545  82.64351625]
 [ 82.5453422   93.87010668]
 [ 81.52775181  81.52775181]
 [ 80.10082374  80.10082374]
 [ 80.21282124  84.25778909]
 [ 81.44121853  83.06463327]
 [ 81.83436677  85.72742473]
 [ 81.79597182  84.50191075]
 [ 81.82883526  81.82883526]
 [ 80.99234571  80.99234571]
 [ 80.4443794   83.23024846]
 [ 80.79493542  82.78646533]
 [ 81.43382129  84.72782854]
 [ 81.0054024   82.68586455]
 [ 80.58349873  80.58349873]
 [ 81.3683813   81.3683813 ]
 [ 80.27133816  80.27133816]
 [ 81.29183461  83.81930814]
 [ 80.42782616  83.3904197 ]
 [ 81.36599797  82.15661591]
 [ 80.80940231  83.42951   ]
 [ 80.08946064  80.71858153]
 [ 80.41751634  85.03287   ]
 [ 80.26399635  81.5241123 ]
 [ 79.79439476  81.18032683]
 [ 81.36810053  81.36810053]
 [ 81.40934872  83.48323822]
 [ 81.00000745  83.61593851]
 [ 80.50552585  80.50552585]
 [ 82.44805788  87.84415475]
 [ 81.17189259  81.17189259]
 [ 80.82193199  82.67733654]
 [         nan          nan]
 [ 80.02891154  80.02891154]
 [ 79.75662611  82.86887132]
 [         nan          nan]
 [ 81.40797551  86.2270715 ]
 [ 82.32545493  83.94557182]
 [         nan          nan]
 [ 80.55451097  86.20969104]
 [ 81.49985203  83.92351973]
 [ 80.89155325  82.28682024]
 [ 81.01332792  81.01332792]
 [ 80.02712587  85.62673266]
 [         nan          nan]
 [ 80.05522127  81.82997021]
 [ 80.4514225   83.17550684]
 [ 80.81977883  83.73413022]
 [ 80.52922828  80.52922828]]
  T: 21897
  nneurons: 593
  max_spike_rate_range: (np.float32(5206.9937), np.float32(5206.9937))
  neural_time_bin_size: 64.48362720403023
  unique_reward_amounts: [0.004]
  nrewards: 70
  unique_autoreward: [0.]
  unique_vr_environment: [0. 1.]
  unique_licks: [0. 1. 2. 3. 4. 5.]
  position_range: (np.float64(-50.000000000000014), np.float64(451.1052927272722))
  unique_reward_zone: [0. 1. 2. 3. 4. 5. 6.]
  unique_scanning: [1.]
  speed_range: (np.float64(-0.8413438352723314), np.float64(84.09530324473019))
  unique_teleport: [0. 1.]
  trial_length_range: (np.int64(141), np.int64(338))
  ntrials: 80
Subject m17, Session 9:
  reward_zone_positions: [[81.53450779 83.04116   ]
 [80.72310855 80.72310855]
 [        nan         nan]
 [81.21699081 87.20967536]
 [82.13401739 82.13401739]
 [80.94179562 80.94179562]
 [80.61546696 80.61546696]
 [80.59739907 82.27158911]
 [81.24955266 82.77225113]
 [80.14271638 80.14271638]
 [        nan         nan]
 [80.77124362 80.77124362]
 [80.43072264 84.69738676]
 [81.62098064 82.78735731]
 [81.13347841 81.13347841]
 [80.01205158 80.01205158]
 [81.10222    82.06096942]
 [80.52091335 83.26070756]
 [        nan         nan]
 [80.46142    80.46142   ]
 [81.2413332  82.36428462]
 [82.26241137 84.16506073]
 [81.07813523 82.51106261]
 [        nan         nan]
 [79.85825606 79.85825606]
 [80.47649681 80.47649681]
 [80.58482551 84.07187404]
 [79.98329344 79.98329344]
 [80.25746157 80.25746157]
 [80.11166933 80.64566273]
 [79.8640117  83.29496935]
 [82.33261706 83.67062275]
 [80.2432523  80.98740687]
 [81.87702515 92.769625  ]
 [81.07676651 82.8261301 ]
 [79.90317385 85.37762289]
 [79.72980538 79.72980538]
 [80.26636275 84.28560918]
 [80.81438541 80.81438541]
 [        nan         nan]
 [        nan         nan]
 [81.93728601 81.93728601]
 [        nan         nan]
 [80.22919021 80.22919021]
 [81.423394   84.86592731]
 [79.87598902 79.87598902]
 [83.98876612 83.98876612]
 [80.84845364 80.84845364]
 [80.20932299 82.72039   ]
 [80.59960888 80.59960888]
 [80.57065693 83.6328676 ]
 [81.29881    81.29881   ]
 [80.30623632 82.89787015]
 [81.51514576 83.12551267]
 [80.28025779 80.28025779]
 [79.36186    79.56734555]
 [80.22858333 83.83104038]
 [80.20496195 81.29250943]
 [81.29496623 81.29496623]
 [80.093192   82.93887779]
 [81.95127357 83.40545963]
 [80.0361045  80.0361045 ]
 [        nan         nan]
 [80.82924281 81.93554588]
 [80.28948857 83.26585465]
 [80.62207279 82.54300899]
 [80.96539625 84.1330995 ]
 [80.3842631  82.89828441]
 [80.54750593 81.46985146]
 [        nan         nan]
 [80.02134142 80.02134142]
 [        nan         nan]
 [81.83622159 82.66820395]
 [81.37779903 81.37779903]
 [79.9295581  81.30693241]
 [80.18092349 83.95349154]
 [79.97835264 79.97835264]
 [        nan         nan]
 [80.26927229 80.26927229]
 [79.99869611 79.99869611]]
  T: 30482
  nneurons: 539
  max_spike_rate_range: (np.float32(9340.793), np.float32(9340.793))
  neural_time_bin_size: 64.48362720403023
  unique_reward_amounts: [0.004]
  nrewards: 69
  unique_autoreward: [0.]
  unique_vr_environment: [0.]
  unique_licks: [0. 1. 2. 3. 4. 5. 6.]
  position_range: (np.float64(-50.000000000000014), np.float64(450.6580799999996))
  unique_reward_zone: [0. 1. 2. 3. 4. 5. 6.]
  unique_scanning: [1.]
  speed_range: (np.float64(-3.164430910068783), np.float64(59.83362732889915))
  unique_teleport: [0. 1.]
  trial_length_range: (np.int64(218), np.int64(603))
  ntrials: 80
Subject m17, Session 10:
  reward_zone_positions: [[         nan          nan]
 [ 80.45281339  80.45281339]
 [ 80.73441294  82.7963686 ]
 [ 80.38624579  80.38624579]
 [ 80.06227     80.06227   ]
 [ 81.04758857  82.290344  ]
 [ 79.8709158   79.8709158 ]
 [         nan          nan]
 [ 79.85362     79.85362   ]
 [ 80.41416705  81.60455462]
 [ 81.31830589  81.31830589]
 [ 80.12171     80.86206375]
 [ 80.75666681  81.71271364]
 [ 80.27216565  80.27216565]
 [ 80.10013386  82.4452332 ]
 [ 80.33729403  80.33729403]
 [ 80.65689751  80.65689751]
 [ 80.33544442  80.33544442]
 [ 80.16244636  80.16244636]
 [ 80.15362577  81.43090143]
 [ 80.88687686  80.88687686]
 [ 80.16995409  80.16995409]
 [ 80.23451     80.23451   ]
 [ 80.57448289  81.61158346]
 [ 79.71864397  79.71864397]
 [ 80.81501616  80.81501616]
 [ 81.29448178  82.65614408]
 [ 80.14649758  82.1998054 ]
 [ 80.55095613  80.55095613]
 [ 80.54051326  81.14173817]
 [         nan          nan]
 [321.04698894 374.82608912]
 [320.621116   371.23932408]
 [324.04690896 338.82132551]
 [321.1363942  323.22693231]
 [321.57304019 328.74774171]
 [320.65145468 320.65145468]
 [321.47357525 323.77257404]
 [321.08367056 321.08367056]
 [321.3148661  335.51132162]
 [         nan          nan]
 [320.30400455 334.68506154]
 [320.55099326 338.71769545]
 [321.51251538 324.06798   ]
 [321.32132629 324.85656784]
 [320.46610818 320.46610818]
 [         nan          nan]
 [320.72290337 323.28474468]
 [322.95071526 325.36907981]
 [321.88287778 326.80976779]
 [321.33936178 327.11830055]
 [321.53690505 325.358222  ]
 [321.48274895 323.38991538]
 [320.32538947 320.32538947]
 [321.04476859 325.42440571]
 [321.46793135 321.46793135]
 [320.91287692 320.91287692]
 [320.24500108 322.18261739]
 [320.17015231 322.72620367]
 [         nan          nan]
 [320.80986422 330.23845625]
 [322.14371414 326.89739318]
 [321.29413819 334.81190103]
 [321.08635455 324.94098657]
 [320.85708846 322.79536327]
 [321.63208997 323.57445455]
 [         nan          nan]
 [320.39087826 322.93958652]
 [322.4922802  338.48631789]
 [320.24118917 327.1677144 ]
 [321.42217732 326.34367317]
 [322.05186477 324.30774416]
 [         nan          nan]
 [321.40151451 323.86980082]
 [321.92290588 324.2438    ]
 [321.915475   324.0606971 ]
 [321.34986632 324.35145373]
 [320.97266389 322.62665288]
 [322.10608125 328.65024903]
 [322.68269663 324.43466045]]
  T: 24520
  nneurons: 683
  max_spike_rate_range: (np.float32(6643.3755), np.float32(6643.3755))
  neural_time_bin_size: 64.48362720403023
  unique_reward_amounts: [0.004]
  nrewards: 72
  unique_autoreward: [0.]
  unique_vr_environment: [0.]
  unique_licks: [0. 1. 2. 3. 4. 5. 6.]
  position_range: (np.float64(-50.000000000000014), np.float64(450.57542146341393))
  unique_reward_zone: [0. 1. 2. 3. 4. 5. 6.]
  unique_scanning: [1.]
  speed_range: (np.float64(-3.670197044666419), np.float64(86.8517821916421))
  unique_teleport: [0. 1.]
  trial_length_range: (np.int64(167), np.int64(529))
  ntrials: 80
Subject m17, Session 11:
  reward_zone_positions: [[321.59983678 321.59983678]
 [320.8318     329.12784808]
 [321.18575896 322.99438   ]
 [320.43275833 324.88779167]
 [320.57212995 320.57212995]
 [322.79405941 322.79405941]
 [320.31933333 324.69876471]
 [321.89868895 321.89868895]
 [320.68480909 325.0050625 ]
 [324.05903029 327.96038207]
 [320.9204     320.9204    ]
 [321.42679492 327.69152228]
 [319.75471587 320.4677759 ]
 [         nan          nan]
 [321.70046667 324.22039378]
 [322.63963077 325.94366287]
 [320.94482766 322.54998209]
 [323.99623251 331.9940992 ]
 [321.07588229 326.22370337]
 [320.92115185 326.72288257]
 [324.22944105 324.22944105]
 [322.46038947 328.28962069]
 [321.64994154 329.6983625 ]
 [321.79998654 324.46897047]
 [322.28566289 322.28566289]
 [         nan          nan]
 [321.80380491 328.28192046]
 [323.35512664 331.64451769]
 [322.80132895 325.99438857]
 [         nan          nan]
 [322.45945714 328.95337186]
 [323.53874536 331.35449663]
 [         nan          nan]
 [322.23406729 328.24980312]
 [322.30306087 324.78621521]
 [322.90537216 326.76025847]
 [322.17148409 322.17148409]
 [320.50719961 322.93195385]
 [         nan          nan]
 [322.08397109 333.48576336]
 [322.75146818 322.75146818]
 [321.26632656 326.14122889]
 [320.57891849 323.70018358]
 [322.05321374 322.05321374]
 [320.6403249  324.3518063 ]
 [321.23910632 327.26410603]
 [323.28545584 326.04665498]
 [320.81716377 322.2134214 ]
 [321.30621083 321.30621083]
 [321.78831154 324.73352295]
 [320.72638238 331.12799421]
 [320.96419189 320.96419189]
 [323.29306681 325.38298774]
 [320.58846329 320.58846329]
 [321.44075183 321.44075183]
 [320.68987837 320.68987837]
 [320.00943386 324.7818604 ]
 [322.23295455 324.70406875]
 [321.51226545 326.35489701]
 [322.209795   322.209795  ]
 [320.00653855 322.39978058]
 [         nan          nan]
 [321.2827     321.2827    ]
 [322.24726226 329.0262734 ]
 [322.84296082 322.84296082]
 [321.05943243 327.87702435]
 [320.328325   324.79567526]
 [322.16603798 324.39462287]
 [322.21332    324.50191731]
 [320.68725882 320.68725882]
 [320.26442273 321.88658866]
 [320.17600489 320.17600489]
 [320.58514364 320.58514364]
 [322.79353333 325.01625533]
 [321.90754412 321.90754412]
 [321.09084921 321.09084921]
 [320.93104462 325.57676345]
 [321.64917739 324.46173333]
 [321.55598376 321.55598376]
 [322.18712508 325.69788182]]
  T: 19142
  nneurons: 629
  max_spike_rate_range: (np.float32(22147.19), np.float32(22147.19))
  neural_time_bin_size: 64.48362720403023
  unique_reward_amounts: [0.004]
  nrewards: 74
  unique_autoreward: [0.]
  unique_vr_environment: [0.]
  unique_licks: [0. 1. 2. 3. 4. 5. 6.]
  position_range: (np.float64(-50.000000000000014), np.float64(450.9078653943993))
  unique_reward_zone: [0. 1. 2. 3. 4. 5. 6.]
  unique_scanning: [1.]
  speed_range: (np.float64(-5.146732694104807), np.float64(82.54257520921428))
  unique_teleport: [0. 1.]
  trial_length_range: (np.int64(135), np.int64(557))
  ntrials: 80
Subject m17, Session 12:
  reward_zone_positions: [[320.22565509 325.97334109]
 [322.77853249 322.77853249]
 [321.09814444 328.54445352]
 [321.1098617  321.1098617 ]
 [320.47901675 322.63232671]
 [         nan          nan]
 [320.92197016 320.92197016]
 [321.48516413 323.16047377]
 [321.53198654 325.230625  ]
 [320.5181     323.71545618]
 [321.04636    322.87245217]
 [320.54905888 326.83434545]
 [322.32341567 322.32341567]
 [321.80462268 321.80462268]
 [321.18347941 322.39691923]
 [319.86976952 319.86976952]
 [320.45632733 321.99303777]
 [320.96611224 323.157735  ]
 [321.55489167 321.55489167]
 [320.9651     327.14254   ]
 [320.27578846 320.27578846]
 [321.73424087 321.73424087]
 [320.32008615 320.32008615]
 [320.02181528 321.32373125]
 [321.5944525  321.5944525 ]
 [321.0556298  321.0556298 ]
 [321.8142     323.00253231]
 [320.04936231 320.04936231]
 [320.46305538 320.46305538]
 [321.17292353 328.65814416]
 [202.4357     237.49011727]
 [200.69426842 209.91178846]
 [200.27314866 228.02767879]
 [201.24456226 203.64110576]
 [200.5638407  207.75421579]
 [200.23546667 207.96972697]
 [199.98636957 199.98636957]
 [         nan          nan]
 [         nan          nan]
 [203.17809162 209.0235625 ]
 [200.83324356 200.83324356]
 [201.52450769 204.63678966]
 [201.86212077 201.86212077]
 [201.69712121 205.59512383]
 [         nan          nan]
 [200.89068235 200.89068235]
 [200.07401518 204.38843214]
 [200.89060103 205.66059842]
 [203.01251765 209.41037863]
 [200.36571591 200.36571591]
 [         nan          nan]
 [200.24751351 200.24751351]
 [         nan          nan]
 [201.34886716 204.56616284]
 [         nan          nan]
 [201.27595412 201.27595412]
 [         nan          nan]
 [         nan          nan]
 [200.54775714 207.29200115]
 [         nan          nan]
 [201.21244672 201.21244672]
 [203.03998508 203.03998508]
 [205.76862985 219.01698226]
 [         nan          nan]
 [         nan          nan]
 [201.08064039 203.8634507 ]
 [201.75546907 201.75546907]
 [203.19202667 206.08707553]
 [200.83326147 203.97196697]
 [201.45603913 203.94493926]
 [201.43427105 207.84130958]
 [201.37917181 201.37917181]
 [200.8088799  200.8088799 ]
 [200.78020913 200.78020913]
 [200.29583077 200.29583077]
 [201.78777391 204.25458254]
 [200.4231198  204.90476522]
 [201.61105368 206.48419355]
 [202.2651058  204.72598241]
 [         nan          nan]]
  T: 19605
  nneurons: 747
  max_spike_rate_range: (np.float32(15601.13), np.float32(15601.13))
  neural_time_bin_size: 64.48362720403023
  unique_reward_amounts: [0.004]
  nrewards: 67
  unique_autoreward: [0.]
  unique_vr_environment: [0.]
  unique_licks: [0. 1. 2. 3. 4. 5. 6.]
  position_range: (np.float64(-50.000000000000014), np.float64(451.12521428569926))
  unique_reward_zone: [0. 1. 2. 3. 4. 5. 6.]
  unique_scanning: [1.]
  speed_range: (np.float64(-3.601373302468494), np.float64(87.94574566620429))
  unique_teleport: [0. 1.]
  trial_length_range: (np.int64(133), np.int64(605))
  ntrials: 80
Subject m17, Session 13:
  reward_zone_positions: [[201.83335155 207.69262124]
 [201.36516308 204.99125   ]
 [201.83166432 201.83166432]
 [200.82221538 202.17386753]
 [201.38857419 201.38857419]
 [200.62231087 204.80775077]
 [200.41001009 200.41001009]
 [         nan          nan]
 [         nan          nan]
 [         nan          nan]
 [201.89359544 201.89359544]
 [200.54396562 206.68336429]
 [200.73560309 208.19663264]
 [201.51324874 203.81206667]
 [         nan          nan]
 [201.00531346 203.31772941]
 [         nan          nan]
 [199.89202105 201.91081685]
 [201.51839896 206.85065814]
 [         nan          nan]
 [         nan          nan]
 [         nan          nan]
 [202.92460896 209.64696812]
 [201.25340532 210.07297371]
 [         nan          nan]
 [200.81597596 203.19347143]
 [201.42947273 206.17282   ]
 [200.79297895 205.81572565]
 [200.48740923 200.48740923]
 [200.71453557 200.71453557]
 [200.86836316 202.75394308]
 [200.35083125 200.35083125]
 [200.57865421 203.702996  ]
 [201.41572902 201.41572902]
 [200.98695102 200.98695102]
 [         nan          nan]
 [         nan          nan]
 [200.92035183 207.69767029]
 [201.9346875  204.52730984]
 [200.85978073 202.32851724]
 [200.08534793 207.60799698]
 [200.674024   203.06498636]
 [200.83459385 202.8736875 ]
 [200.4806313  200.4806313 ]
 [         nan          nan]
 [200.38058769 202.04296923]
 [200.60387553 200.60387553]
 [201.58363235 205.17653571]
 [         nan          nan]
 [199.75262404 199.75262404]
 [200.56268396 200.56268396]
 [200.73595385 200.73595385]
 [201.23623814 206.23522909]
 [         nan          nan]
 [201.01979184 201.01979184]
 [201.41215625 209.05552537]
 [         nan          nan]
 [202.27770415 205.2985496 ]
 [201.4891599  204.96393333]
 [200.69914925 200.69914925]
 [200.38657273 201.97084909]
 [199.84821559 201.90750243]
 [200.91429851 205.79141393]
 [199.9512418  201.41744531]
 [202.9154746  202.9154746 ]
 [         nan          nan]
 [201.85623498 211.06328769]
 [200.66338893 200.66338893]
 [200.43474508 202.96445789]
 [200.84048756 206.56851895]
 [201.09853299 203.0811383 ]
 [199.79088438 202.60658737]
 [199.99662253 199.99662253]
 [200.29678372 204.67415534]
 [201.95904862 209.72434646]
 [200.82329073 204.51195506]
 [200.18173216 201.74779091]
 [200.34484884 203.56450345]
 [200.66991176 202.03934419]
 [200.64279176 206.38617186]]
  T: 21948
  nneurons: 468
  max_spike_rate_range: (np.float32(20459.756), np.float32(20459.756))
  neural_time_bin_size: 64.48362720403023
  unique_reward_amounts: [0.004]
  nrewards: 64
  unique_autoreward: [0.]
  unique_vr_environment: [0.]
  unique_licks: [0. 1. 2. 3. 4. 5. 6.]
  position_range: (np.float64(-50.000000000000014), np.float64(450.9727519930674))
  unique_reward_zone: [0. 1. 2. 3. 4. 5. 6.]
  unique_scanning: [1.]
  speed_range: (np.float64(-5.288899426706751), np.float64(82.60311266695297))
  unique_teleport: [0. 1.]
  trial_length_range: (np.int64(150), np.int64(337))
  ntrials: 80
Subject m17, Session 14:
  reward_zone_positions: [[200.78918692 207.67033617]
 [201.55185989 204.130775  ]
 [200.43494754 200.43494754]
 [200.16281356 202.84711406]
 [200.197375   202.71839459]
 [201.80229746 201.80229746]
 [201.27437308 202.39909022]
 [201.50759136 201.50759136]
 [200.70853125 202.8384042 ]
 [199.88027273 199.88027273]
 [201.82938462 204.85563529]
 [201.01960745 201.01960745]
 [201.16316738 201.16316738]
 [199.93315254 199.93315254]
 [200.87786106 200.87786106]
 [200.9325915  202.13131429]
 [200.98190385 203.05216862]
 [200.40620331 200.40620331]
 [         nan          nan]
 [200.83156308 203.77822879]
 [         nan          nan]
 [203.066815   210.43251538]
 [204.26721395 207.10260614]
 [200.16247368 202.06454615]
 [200.34887241 200.34887241]
 [201.30557907 204.01687202]
 [201.90538505 206.4672675 ]
 [200.72680052 205.58253314]
 [201.20711378 205.0198533 ]
 [200.92870769 200.92870769]
 [ 83.25428556  83.25428556]
 [ 83.03111736  88.56778316]
 [ 83.21777316  83.21777316]
 [ 80.50000463  80.50000463]
 [ 81.23849858  82.54705208]
 [ 83.96934846  97.690588  ]
 [ 81.35452304  81.35452304]
 [ 80.88375904  82.84471579]
 [ 81.03376872  85.18954146]
 [ 80.12957586  83.76020645]
 [ 80.26842545  82.118052  ]
 [ 80.01064292  80.01064292]
 [ 82.12703448  90.10446252]
 [ 81.52868571  81.52868571]
 [ 82.83656765  82.83656765]
 [ 81.9052      81.9052    ]
 [ 80.36579937  80.36579937]
 [ 80.90614118  80.90614118]
 [ 81.23163554  85.03852741]
 [ 80.42886653  83.04552051]
 [ 80.10120059  83.74636869]
 [ 81.89267143  81.89267143]
 [ 82.84497471  82.84497471]
 [ 81.36839669  85.54574562]
 [ 84.79160491  84.79160491]
 [ 82.20677237  82.20677237]
 [ 80.07962884  82.13254271]
 [ 81.62768586  81.62768586]
 [ 80.72094528  83.878368  ]
 [ 80.45968054  84.5048788 ]
 [ 80.20946714  82.82533217]
 [ 80.45284602  82.10181328]
 [ 81.78754249  84.35043393]
 [ 80.20359175  82.0039271 ]
 [ 79.88348732  82.16405759]
 [ 82.06766433  85.08273674]
 [ 81.06405101  83.21536846]
 [ 80.8371349   81.35644862]
 [ 80.85495286  84.68614511]
 [ 80.54770467  80.54770467]
 [ 81.63461308  81.63461308]
 [ 79.90650762  82.8863038 ]
 [ 80.62900081  80.62900081]
 [ 80.73720462  80.73720462]
 [ 81.87275654  84.30230879]
 [ 81.07683027  85.56133615]
 [         nan          nan]
 [ 82.76038433  89.23458102]
 [ 80.46387148  80.46387148]
 [ 80.50619632  80.50619632]]
  T: 18834
  nneurons: 770
  max_spike_rate_range: (np.float32(6150.937), np.float32(6150.937))
  neural_time_bin_size: 64.48362720403023
  unique_reward_amounts: [0.004]
  nrewards: 77
  unique_autoreward: [0.]
  unique_vr_environment: [0.]
  unique_licks: [0. 1. 2. 3. 4. 5. 6.]
  position_range: (np.float64(-50.000000000000014), np.float64(450.7273229219123))
  unique_reward_zone: [0. 1. 2. 3. 4. 5. 6.]
  unique_scanning: [1.]
  speed_range: (np.float64(-3.9270248646430974), np.float64(86.8452396688438))
  unique_teleport: [0. 1.]
  trial_length_range: (np.int64(124), np.int64(387))
  ntrials: 80
Subject: m18, Sessions: [1, 2, 3, 4, 5, 6, 7, 8, 9, 10, 11, 12, 13, 14]
Subject m18, Session 1:
  reward_zone_positions: [[ 82.7735793   87.95124308]
 [ 81.38772935  84.24229289]
 [ 81.04203154 107.24518947]
 [ 81.66385    114.44103478]
 [ 81.15013715  81.15013715]
 [         nan          nan]
 [ 80.39917987  86.29569095]
 [ 81.83386545  93.92713308]
 [ 80.3057792   88.55674601]
 [ 80.75349082  82.43258088]
 [ 80.93932942  86.44090335]
 [         nan          nan]
 [ 80.59310182  87.1650786 ]
 [         nan          nan]
 [ 80.34526     84.3305712 ]
 [ 81.19259787  81.19259787]
 [         nan          nan]
 [ 82.92208516  98.88833765]
 [ 84.70250339  90.9940016 ]
 [         nan          nan]
 [ 80.56955086  82.89743808]
 [ 80.14635992  80.14635992]
 [ 81.05461129  84.37889027]
 [ 81.78970579  81.78970579]
 [ 79.84694712  81.41798   ]
 [ 81.63177261  83.54525967]
 [ 81.19151569  87.85539783]
 [         nan          nan]
 [ 81.67796589  81.67796589]
 [ 80.20543381  84.48314286]
 [ 80.33098952  87.03072522]
 [ 81.30465357  81.30465357]
 [         nan          nan]
 [ 80.90957502  82.60684808]
 [         nan          nan]
 [ 80.80276765  87.58666   ]
 [ 81.44154632  83.32543213]
 [ 81.63133952  83.74703526]
 [ 80.46475651  90.12844362]
 [ 80.20080462  80.20080462]
 [ 81.44435892  81.44435892]
 [ 80.54316714  83.74263185]
 [ 81.62776254  81.62776254]
 [ 81.37673184  83.94007154]
 [ 82.01974286  85.92501699]
 [ 81.29701041  84.97802712]
 [         nan          nan]
 [ 80.74885142  86.86358609]
 [ 81.42290667  86.02808054]
 [ 82.16298     82.16298   ]
 [ 81.40253237  83.18189077]
 [ 81.67066692  81.67066692]
 [ 80.81967769  87.7098529 ]
 [ 81.35762196  93.78783538]
 [ 81.42251899  81.42251899]
 [ 80.96326719  80.96326719]
 [ 80.63941514  80.63941514]
 [ 80.83167761  85.70080854]
 [ 81.14287918  82.87896421]
 [ 80.69845116  82.41688653]
 [         nan          nan]
 [ 81.67193508  96.22521073]
 [ 80.57074737  82.23799308]
 [ 81.51775522  81.51775522]
 [ 80.07702     85.55883384]
 [         nan          nan]
 [ 81.84156082  89.0615048 ]
 [ 80.69132938  80.69132938]
 [ 80.77047916  83.13239125]
 [ 82.07606154  84.2974034 ]
 [ 80.22778985  80.79011872]
 [ 81.4705087   81.4705087 ]
 [ 80.62816233  80.62816233]
 [ 80.45120668  80.45120668]
 [ 80.50136609  80.50136609]
 [         nan          nan]
 [ 80.79456464  82.62356763]
 [ 81.44032643  87.28267596]
 [ 83.89905777 155.78988742]
 [ 80.67383541  87.37766181]]
  T: 22795
  nneurons: 2281
  max_spike_rate_range: (np.float32(12149.572), np.float32(12149.572))
  neural_time_bin_size: 64.48362720403023
  unique_reward_amounts: [0.004]
  nrewards: 67
  unique_autoreward: [0.]
  unique_vr_environment: [1.]
  unique_licks: [0. 1. 2. 3. 4. 5. 6.]
  position_range: (np.float64(-50.000000000000014), np.float64(450.590079041916))
  unique_reward_zone: [0. 1. 2. 3. 4. 5. 6.]
  unique_scanning: [1.]
  speed_range: (np.float64(-1.8181564411578288), np.float64(77.69768043329394))
  unique_teleport: [0. 1.]
  trial_length_range: (np.int64(158), np.int64(348))
  ntrials: 80
Subject m18, Session 2:
  reward_zone_positions: [[79.94707832 93.33664154]
 [81.88129269 83.23174092]
 [80.68566571 87.52112148]
 [80.79778175 80.79778175]
 [81.29476864 86.23319706]
 [82.0939126  83.70849668]
 [82.05149305 86.76051355]
 [80.03925492 83.50860462]
 [80.81906    80.81906   ]
 [80.93472628 80.93472628]
 [81.03096804 84.20112087]
 [        nan         nan]
 [        nan         nan]
 [81.51288218 81.51288218]
 [        nan         nan]
 [81.3726195  81.3726195 ]
 [        nan         nan]
 [81.26278909 90.99529597]
 [80.48826    85.91037   ]
 [80.29643678 83.83542718]
 [80.37143979 87.12900271]
 [        nan         nan]
 [81.3614205  82.87385519]
 [80.13455143 80.13455143]
 [79.7196149  79.7196149 ]
 [79.90664125 86.37973   ]
 [80.39874106 80.39874106]
 [80.845887   80.845887  ]
 [        nan         nan]
 [        nan         nan]
 [80.81590671 86.09927225]
 [80.97106    81.68716849]
 [80.38321131 87.33069101]
 [80.38514615 87.01436697]
 [79.8412039  79.8412039 ]
 [80.1665     83.11989286]
 [81.35036595 92.55520237]
 [80.38699478 80.38699478]
 [81.48324397 84.38463059]
 [80.3645768  80.3645768 ]
 [79.91153404 79.91153404]
 [81.41633316 91.17407613]
 [79.92966545 90.03044032]
 [80.47749482 89.56008483]
 [80.34626303 85.07378187]
 [82.10010513 85.46553194]
 [80.75996667 84.07211873]
 [80.19042684 87.76400581]
 [81.36603032 82.6230811 ]
 [80.98791673 80.98791673]
 [81.08580377 84.021765  ]
 [81.35073981 89.70427206]
 [80.1805698  80.1805698 ]
 [80.954144   82.36179667]
 [81.63577132 85.61191175]
 [80.4330176  80.4330176 ]
 [80.89715455 83.83322144]
 [80.23644797 84.55607277]
 [        nan         nan]
 [80.85530732 82.13756281]
 [82.1145648  83.88814077]
 [        nan         nan]
 [81.71055965 88.46513692]
 [        nan         nan]
 [81.20076594 89.44568579]
 [79.87294016 86.771242  ]
 [80.56778138 89.11873805]
 [81.07624527 86.17849166]
 [        nan         nan]
 [81.21802632 88.25020308]
 [80.16401557 90.70303497]
 [80.96887613 80.96887613]
 [80.34001256 85.95488203]
 [81.13976433 82.71654942]
 [80.73826713 82.19456754]
 [80.27078381 80.27078381]
 [81.25984154 82.64808192]
 [80.31371706 80.31371706]
 [80.06826027 81.52664286]
 [80.29528739 81.54702692]]
  T: 22990
  nneurons: 1639
  max_spike_rate_range: (np.float32(17476.889), np.float32(17476.889))
  neural_time_bin_size: 64.48362720403023
  unique_reward_amounts: [0.004]
  nrewards: 69
  unique_autoreward: [0.]
  unique_vr_environment: [1.]
  unique_licks: [0. 1. 2. 3. 4. 5. 6.]
  position_range: (np.float64(-50.000000000000014), np.float64(451.2253234536077))
  unique_reward_zone: [0. 1. 2. 3. 4. 5. 6. 7.]
  unique_scanning: [1.]
  speed_range: (np.float64(-1.1603511379301017), np.float64(77.6526876532156))
  unique_teleport: [0. 1.]
  trial_length_range: (np.int64(159), np.int64(360))
  ntrials: 80
Subject m18, Session 3:
  reward_zone_positions: [[ 81.35993075  86.49353213]
 [ 80.99239265  80.99239265]
 [         nan          nan]
 [ 80.21113     80.21113   ]
 [ 80.9896206   83.02118778]
 [         nan          nan]
 [ 80.95602221  85.93273   ]
 [         nan          nan]
 [ 80.27051398  80.27051398]
 [ 79.61034071  79.61034071]
 [ 81.8033238   82.91742148]
 [         nan          nan]
 [ 81.28433671  83.008585  ]
 [         nan          nan]
 [ 80.15704778  80.15704778]
 [ 80.99455377  81.40917361]
 [ 80.78684045  83.07196   ]
 [ 81.785424    81.99864411]
 [ 81.5829056   83.83182   ]
 [ 80.95915266  83.75921458]
 [ 80.94866     82.35420677]
 [         nan          nan]
 [ 80.48432279  80.86807565]
 [ 80.92195122  81.80112116]
 [ 81.40737714  85.71313351]
 [ 82.3798801   83.6098623 ]
 [ 80.66431687  83.5189    ]
 [ 80.92803684  85.53619259]
 [         nan          nan]
 [ 81.10347317  81.70595072]
 [203.46703596 254.85653033]
 [201.88536082 216.05993378]
 [201.2994949  250.14510101]
 [201.0951     204.09549234]
 [201.3312301  226.3412875 ]
 [202.33588263 207.08885246]
 [200.51099091 209.30719488]
 [200.7864868  202.91580865]
 [200.12752986 200.12752986]
 [199.68365625 205.5943    ]
 [199.87001613 200.85241304]
 [199.90103158 205.3046058 ]
 [200.27640811 204.36367235]
 [200.79226522 201.02244906]
 [200.44163558 201.75717273]
 [         nan          nan]
 [201.40943027 204.61458252]
 [200.56305625 200.56305625]
 [200.44122857 202.22991892]
 [202.39479526 206.68905879]
 [199.90210789 204.23997716]
 [200.7656825  200.7656825 ]
 [201.21766078 203.48467404]
 [         nan          nan]
 [         nan          nan]
 [202.65776567 205.67399737]
 [         nan          nan]
 [         nan          nan]
 [201.38367619 202.20644643]
 [201.27157143 201.27157143]
 [200.62801094 203.21926779]
 [201.46288116 201.46288116]
 [         nan          nan]
 [200.82860973 200.82860973]
 [200.25840769 205.79130909]
 [201.3091697  203.38819116]
 [         nan          nan]
 [200.08090745 201.10034334]
 [201.09437588 204.50477196]
 [201.00675455 201.00675455]
 [200.07417236 276.12212143]
 [201.3667285  203.00149024]
 [201.37411649 234.70720243]
 [201.22800667 202.03199917]
 [200.29303555 200.29303555]
 [201.94182464 203.66760332]
 [200.90195126 200.90195126]
 [201.63162923 201.63162923]
 [200.05050357 206.98517992]
 [201.64298372 203.57681429]]
  T: 28074
  nneurons: 2341
  max_spike_rate_range: (np.float32(6467.4985), np.float32(6467.4985))
  neural_time_bin_size: 64.48362720403023
  unique_reward_amounts: [0.004]
  nrewards: 65
  unique_autoreward: [0.]
  unique_vr_environment: [1.]
  unique_licks: [0. 1. 2. 3. 4. 5. 6.]
  position_range: (np.float64(-50.000000000000014), np.float64(450.3261153488365))
  unique_reward_zone: [0. 1. 2. 3. 4. 5. 6.]
  unique_scanning: [1.]
  speed_range: (np.float64(-2.4304599995599534), np.float64(81.95892540580442))
  unique_teleport: [0. 1.]
  trial_length_range: (np.int64(179), np.int64(479))
  ntrials: 80
Subject m18, Session 4:
  reward_zone_positions: [[200.26948437 201.89440476]
 [         nan          nan]
 [200.37891579 202.56671246]
 [201.028148   203.1322664 ]
 [200.84807487 200.84807487]
 [200.67089783 206.171628  ]
 [200.94737538 200.94737538]
 [         nan          nan]
 [         nan          nan]
 [200.68784928 202.46847209]
 [         nan          nan]
 [         nan          nan]
 [200.6190536  212.85422162]
 [200.08054409 272.7571743 ]
 [         nan          nan]
 [201.28388441 202.66331163]
 [202.40202976 211.23403401]
 [200.3189825  204.8927683 ]
 [         nan          nan]
 [200.06541489 207.01799327]
 [201.587345   201.587345  ]
 [200.12132235 200.12132235]
 [200.23111699 202.09741451]
 [200.38695    200.38695   ]
 [200.08703874 204.43646891]
 [200.12393906 206.3521087 ]
 [200.52815217 204.49386396]
 [         nan          nan]
 [201.18021304 201.86364643]
 [201.10462769 207.45207813]
 [200.10599585 202.46312915]
 [201.0426732  202.49528406]
 [         nan          nan]
 [200.76861923 202.06132635]
 [200.69222183 209.09205668]
 [200.83147115 202.01951224]
 [201.17839319 207.97047353]
 [200.4123381  203.95545574]
 [200.95490304 202.12073834]
 [200.09369058 203.81464972]
 [200.70500769 206.37122511]
 [200.72824638 201.849851  ]
 [200.7373     204.30951587]
 [200.8447196  200.8447196 ]
 [200.20407021 200.20407021]
 [201.12892581 201.12892581]
 [199.86012857 199.86012857]
 [200.30486075 202.12625053]
 [201.66938125 202.74708919]
 [199.72011304 200.52757921]
 [         nan          nan]
 [200.86739583 209.9753    ]
 [200.39335933 200.39335933]
 [         nan          nan]
 [200.22736418 202.15159388]
 [200.36132333 206.09663253]
 [         nan          nan]
 [200.56562424 200.56562424]
 [         nan          nan]
 [         nan          nan]
 [201.19195    202.20343077]
 [201.48459282 209.10798879]
 [200.81591884 202.07749492]
 [201.35781899 201.80941231]
 [200.95369895 205.756314  ]
 [201.34183448 201.34183448]
 [200.3111697  200.3111697 ]
 [199.78005238 205.20136359]
 [200.59067536 201.53036935]
 [         nan          nan]
 [200.21977179 200.21977179]
 [200.19708415 203.0707145 ]
 [201.83143367 205.21495   ]
 [200.08546393 209.68862899]
 [200.95368824 200.95368824]
 [200.64939688 204.04761832]
 [201.03509548 202.54180085]
 [201.35568843 201.35568843]
 [200.33300309 205.5053    ]
 [200.56764643 200.56764643]]
  T: 26506
  nneurons: 1634
  max_spike_rate_range: (np.float32(16904.01), np.float32(16904.01))
  neural_time_bin_size: 64.48362720403023
  unique_reward_amounts: [0.004]
  nrewards: 65
  unique_autoreward: [0.]
  unique_vr_environment: [1.]
  unique_licks: [0. 1. 2. 3. 4. 5. 6.]
  position_range: (np.float64(-50.000000000000014), np.float64(451.2814383033423))
  unique_reward_zone: [0. 1. 2. 3. 4. 5. 6.]
  unique_scanning: [1.]
  speed_range: (np.float64(-1.4679466751443595), np.float64(86.46328189281927))
  unique_teleport: [0. 1.]
  trial_length_range: (np.int64(171), np.int64(459))
  ntrials: 80
Subject m18, Session 5:
  reward_zone_positions: [[201.3259875  205.86362513]
 [202.52170693 208.64305946]
 [200.1454313  200.1454313 ]
 [200.1452806  205.95076408]
 [201.73334483 202.1973    ]
 [201.75854628 204.73394831]
 [         nan          nan]
 [200.56718543 204.2611114 ]
 [201.4468403  210.67762857]
 [199.86618342 209.10950542]
 [         nan          nan]
 [201.6079898  208.11129213]
 [200.74153299 211.91898571]
 [         nan          nan]
 [201.32211154 202.59060681]
 [200.94260714 205.34209951]
 [200.90916635 202.18112714]
 [200.1842197  205.45375041]
 [200.1085011  200.1085011 ]
 [200.33855413 204.31439789]
 [200.19555685 203.35388148]
 [201.27919563 205.68915769]
 [199.96266859 199.96266859]
 [200.26936957 200.26936957]
 [201.0163918  205.53562083]
 [200.03899691 205.55448726]
 [200.4729634  203.4044    ]
 [200.74532553 205.97119034]
 [200.6267198  206.68897368]
 [200.11394474 201.29178431]
 [319.81218376 371.5794    ]
 [320.05878    321.10085991]
 [319.81755936 325.33259757]
 [321.11313436 323.68925652]
 [319.643068   319.643068  ]
 [320.70170547 321.58858819]
 [321.38836117 322.61440328]
 [         nan          nan]
 [         nan          nan]
 [320.44751154 371.06097481]
 [         nan          nan]
 [320.21246039 326.84075625]
 [320.59392759 327.15070969]
 [320.62389055 320.62389055]
 [320.58944794 327.40139205]
 [320.2230749  326.5972    ]
 [319.96753125 322.19645595]
 [320.77939818 321.6214203 ]
 [320.61781538 321.90873442]
 [320.39657179 325.45583409]
 [320.80380947 324.85784516]
 [         nan          nan]
 [         nan          nan]
 [321.38975    325.29106667]
 [321.03275    322.62197277]
 [320.28868857 321.22402874]
 [321.02990061 324.20371773]
 [320.64564255 325.33036237]
 [         nan          nan]
 [319.78924615 320.76522632]
 [320.2753     320.2753    ]
 [320.10196716 327.84482321]
 [320.60814478 323.154408  ]
 [321.99992222 327.05467861]
 [320.17739565 321.22893093]
 [321.68767692 321.68767692]
 [321.3061177  322.73600769]
 [323.2175172  380.80479563]
 [320.56689063 324.02222212]
 [320.31140288 321.40216657]
 [         nan          nan]
 [321.02621159 322.1846263 ]
 [320.48225161 323.50632727]
 [321.61075714 343.31117586]
 [320.43134904 321.69141152]
 [320.92570526 334.41588485]
 [320.021636   321.50446394]
 [321.07804127 321.07804127]
 [320.06892115 320.06892115]
 [322.23489468 322.23489468]]
  T: 30161
  nneurons: 2115
  max_spike_rate_range: (np.float32(12517.83), np.float32(12517.83))
  neural_time_bin_size: 64.48362720403023
  unique_reward_amounts: [0.004]
  nrewards: 70
  unique_autoreward: [0.]
  unique_vr_environment: [1.]
  unique_licks: [0. 1. 2. 3. 4. 5. 6.]
  position_range: (np.float64(-50.000000000000014), np.float64(451.2309850746303))
  unique_reward_zone: [0. 1. 2. 3. 4. 5. 6.]
  unique_scanning: [1.]
  speed_range: (np.float64(-2.4257840202683627), np.float64(85.97595265587393))
  unique_teleport: [0. 1.]
  trial_length_range: (np.int64(200), np.int64(820))
  ntrials: 80
Subject m18, Session 6:
  reward_zone_positions: [[319.74885815 326.59240851]
 [320.39633368 325.87145481]
 [         nan          nan]
 [320.52275814 325.89205577]
 [321.26931333 331.06363636]
 [         nan          nan]
 [320.42907077 320.42907077]
 [319.74376267 319.74376267]
 [320.51049292 320.51049292]
 [320.06908434 326.16487563]
 [320.8925625  341.47188235]
 [320.57461695 324.68494531]
 [319.90652029 320.76283107]
 [320.81679505 324.07822538]
 [         nan          nan]
 [321.41116972 326.4315377 ]
 [321.37700377 321.37700377]
 [320.60449516 320.60449516]
 [319.92855862 320.81252546]
 [         nan          nan]
 [322.04257853 323.49538889]
 [321.07803894 323.697364  ]
 [320.67706794 321.71917079]
 [320.04010867 322.99986777]
 [320.00020923 320.95261351]
 [320.51111218 321.29186392]
 [320.81108996 320.81108996]
 [         nan          nan]
 [320.25972202 321.62657803]
 [320.97056667 323.94681633]
 [320.1011     326.91613043]
 [320.2651     325.23098678]
 [         nan          nan]
 [         nan          nan]
 [320.23778058 326.4238466 ]
 [         nan          nan]
 [321.545512   324.63620526]
 [322.0719875  345.3970399 ]
 [321.18598912 321.18598912]
 [321.22239694 322.76937647]
 [320.97970201 320.97970201]
 [321.13782836 333.09606983]
 [320.33720625 329.0421377 ]
 [320.97279403 334.81841851]
 [321.20083112 327.76645337]
 [320.72006345 324.80483367]
 [320.97253467 340.450775  ]
 [319.72058737 326.23126   ]
 [320.20133636 322.13956323]
 [321.40080158 321.40080158]
 [320.56498955 341.09008154]
 [319.8115102  319.8115102 ]
 [320.28517582 326.36656281]
 [320.60040204 327.92724762]
 [         nan          nan]
 [320.91792927 322.5006    ]
 [320.42753443 321.99729691]
 [321.36577612 324.27948482]
 [321.22270103 328.3555    ]
 [320.06684235 321.85402468]
 [320.11863217 327.71350482]
 [321.38120695 326.91155455]
 [320.6049087  323.76294555]
 [322.05377115 324.32375172]
 [320.97478487 324.2286    ]
 [320.49253551 323.7218255 ]
 [321.0463874  324.46114791]
 [320.34819167 322.18131529]
 [         nan          nan]
 [320.10555714 328.65697099]
 [320.83629336 323.02047117]
 [320.25034534 323.93249593]
 [321.72416708 344.01681508]
 [321.57762545 327.00107363]
 [320.47494348 322.1910107 ]
 [320.4851804  324.11547548]
 [321.96163947 321.96163947]
 [320.25153822 322.68904536]
 [321.19342344 324.64330366]
 [         nan          nan]]
  T: 25070
  nneurons: 1378
  max_spike_rate_range: (np.float32(8858.179), np.float32(8858.179))
  neural_time_bin_size: 64.48362720403023
  unique_reward_amounts: [0.004]
  nrewards: 69
  unique_autoreward: [0.]
  unique_vr_environment: [1.]
  unique_licks: [0. 1. 2. 3. 4. 5. 6.]
  position_range: (np.float64(-50.000000000000014), np.float64(451.317379691517))
  unique_reward_zone: [0. 1. 2. 3. 4. 5. 6.]
  unique_scanning: [1.]
  speed_range: (np.float64(-2.364394519542962), np.float64(86.22519966869369))
  unique_teleport: [0. 1.]
  trial_length_range: (np.int64(173), np.int64(491))
  ntrials: 80
Subject m18, Session 7:
  reward_zone_positions: [[321.72500366 329.97201729]
 [320.75034724 324.54408584]
 [322.29174253 327.2581878 ]
 [321.86618438 324.7966042 ]
 [321.45538819 328.56389239]
 [320.36215414 335.36878485]
 [321.37089096 321.37089096]
 [320.82882115 322.17973881]
 [         nan          nan]
 [320.05213797 320.05213797]
 [321.0546     324.27643846]
 [         nan          nan]
 [320.89912308 320.89912308]
 [321.55118929 329.64235882]
 [         nan          nan]
 [320.97643521 322.49418175]
 [321.73855385 324.89506154]
 [320.2300129  325.70418418]
 [321.29696769 329.71835885]
 [320.01445077 326.00981263]
 [321.10686119 322.40542932]
 [321.51986719 327.34725755]
 [320.60537774 332.99736462]
 [320.58843636 352.00926702]
 [319.69570625 325.93089472]
 [320.20127419 324.89783491]
 [         nan          nan]
 [320.17465385 321.22327   ]
 [         nan          nan]
 [320.98844124 327.33331449]
 [ 83.04451898 131.26706947]
 [ 82.64488065 102.76468507]
 [ 84.47269752 134.03930955]
 [ 83.56362    106.31766158]
 [ 81.97070366  81.97070366]
 [ 80.81046718  83.26036627]
 [ 81.34953513  84.19385235]
 [ 79.97688831  88.0716352 ]
 [ 81.28882906  84.39220289]
 [ 82.22060652  84.01173499]
 [         nan          nan]
 [ 80.6070567   87.37706545]
 [ 81.20403145  82.99060404]
 [ 81.4539397   91.14591706]
 [ 81.74676017  83.17830888]
 [ 80.58433808  82.07164208]
 [ 82.44638904 111.94483731]
 [ 81.05919391  81.05919391]
 [ 81.62016429  83.86255743]
 [ 80.71921237  86.07705538]
 [ 80.56743256  82.79633119]
 [         nan          nan]
 [ 81.25081024  81.25081024]
 [ 82.02889     85.49694106]
 [ 80.15384813  80.15384813]
 [ 80.83643441  82.22758931]
 [ 80.85186     82.3379768 ]
 [ 80.59441636  87.89582329]
 [ 80.88857395  80.88857395]
 [ 80.79916014  82.85084323]
 [ 81.66525572  83.50025837]
 [ 80.14617371  84.93027365]
 [ 80.55197222  82.60679219]
 [ 80.68317347  83.98764529]
 [ 80.82047774  83.27169862]
 [ 80.58203276  80.58203276]
 [ 80.68304885  80.68304885]
 [ 80.60150656  80.60150656]
 [ 81.84222388  84.44838575]
 [ 81.08412837  86.40258468]
 [ 79.98394944  86.91965556]
 [ 82.36265688  82.36265688]
 [ 82.28953538  90.05534723]
 [         nan          nan]
 [ 80.25005362  90.86790053]
 [ 80.20904692  86.98613139]
 [         nan          nan]
 [ 80.63328308  80.63328308]
 [ 81.18207832  86.05787561]
 [ 80.32115259  81.79326209]]
  T: 23446
  nneurons: 1726
  max_spike_rate_range: (np.float32(4313.8887), np.float32(4313.8887))
  neural_time_bin_size: 64.48362720403023
  unique_reward_amounts: [0.004]
  nrewards: 71
  unique_autoreward: [0.]
  unique_vr_environment: [1.]
  unique_licks: [0. 1. 2. 3. 4. 5. 6.]
  position_range: (np.float64(-50.000000000000014), np.float64(450.7818499999999))
  unique_reward_zone: [0. 1. 2. 3. 4. 5. 6.]
  unique_scanning: [1.]
  speed_range: (np.float64(-2.319715717400673), np.float64(86.6870747993401))
  unique_teleport: [0. 1.]
  trial_length_range: (np.int64(171), np.int64(419))
  ntrials: 80
Subject m18, Session 8:
  reward_zone_positions: [[ 80.48207255  82.0371579 ]
 [ 81.9139465   85.44529817]
 [         nan          nan]
 [ 81.49249259  87.34324394]
 [ 82.37675939  82.37675939]
 [ 81.77969982  81.77969982]
 [ 80.94362766  80.94362766]
 [ 80.99502684  84.43323182]
 [         nan          nan]
 [ 81.06475807  89.95574   ]
 [ 81.07238144  81.07238144]
 [ 81.33964415  81.33964415]
 [ 81.31961549  85.54985637]
 [         nan          nan]
 [ 79.91663271  85.14720209]
 [ 80.39947232  87.73032064]
 [ 79.65269642  79.65269642]
 [ 79.85689728  81.19509179]
 [ 82.31310884  85.61314617]
 [ 80.13057043  81.20985237]
 [         nan          nan]
 [ 80.74646047  82.27609894]
 [ 82.80853385  82.80853385]
 [ 79.74821742  79.74821742]
 [         nan          nan]
 [         nan          nan]
 [ 80.16696795  85.47093377]
 [ 82.44102647  82.44102647]
 [ 81.67993663  91.4937149 ]
 [ 81.86634247  81.86634247]
 [321.69193687 371.73811791]
 [320.69099349 333.81587826]
 [320.09345797 320.09345797]
 [319.82977783 319.82977783]
 [320.96989808 322.3306933 ]
 [320.47963043 321.94185369]
 [320.93806094 323.7094439 ]
 [321.22856366 321.22856366]
 [320.31671719 321.5365756 ]
 [320.99915481 322.48740898]
 [         nan          nan]
 [321.61841361 322.92340847]
 [320.98760476 321.85589135]
 [320.04324563 326.10718942]
 [319.9152114  325.73884423]
 [320.3302385  320.3302385 ]
 [320.97654519 322.23919388]
 [320.61511256 323.72383768]
 [320.37365327 322.67592459]
 [320.77329215 324.47713061]
 [320.09847681 320.09847681]
 [321.11110306 327.18491468]
 [321.27495751 321.27495751]
 [321.92537368 321.92537368]
 [320.40844687 327.87390169]
 [320.83780518 329.3989    ]
 [320.79944167 325.85934925]
 [320.60297753 320.60297753]
 [320.51826096 327.31935155]
 [         nan          nan]
 [321.35814315 323.1112    ]
 [320.15905652 324.77713462]
 [320.98395507 320.98395507]
 [321.84337959 333.43228615]
 [321.45398344 325.54362703]
 [321.82071885 321.82071885]
 [321.80143523 323.44590529]
 [         nan          nan]
 [322.00750435 323.71137625]
 [319.864245   323.25633029]
 [320.6312788  320.6312788 ]
 [320.33528021 325.24318421]
 [321.81569911 323.39930545]
 [319.86955911 325.14128812]
 [321.35460577 323.21125979]
 [320.1533775  324.79791892]
 [         nan          nan]
 [320.87212021 328.63292174]
 [320.69495969 326.63539385]
 [320.48923013 320.48923013]]
  T: 23345
  nneurons: 2314
  max_spike_rate_range: (np.float32(6188.0654), np.float32(6188.0654))
  neural_time_bin_size: 64.48362720403023
  unique_reward_amounts: [0.004]
  nrewards: 70
  unique_autoreward: [0.]
  unique_vr_environment: [0. 1.]
  unique_licks: [0. 1. 2. 3. 4. 5. 6.]
  position_range: (np.float64(-50.000000000000014), np.float64(451.8015424164521))
  unique_reward_zone: [0. 1. 2. 3. 4. 5. 6.]
  unique_scanning: [1.]
  speed_range: (np.float64(-2.461771836816096), np.float64(95.78704071744686))
  unique_teleport: [0. 1.]
  trial_length_range: (np.int64(157), np.int64(471))
  ntrials: 80
Subject m18, Session 9:
  reward_zone_positions: [[320.09218898 323.877568  ]
 [320.13486298 326.47897308]
 [322.24975784 324.22407419]
 [319.93524432 320.89986957]
 [321.04038654 321.8231976 ]
 [320.51869592 320.51869592]
 [320.314421   320.314421  ]
 [319.92418511 319.92418511]
 [320.49046842 324.57835838]
 [320.71759442 322.70695652]
 [321.69130195 323.27306946]
 [320.3674375  320.3674375 ]
 [321.18013367 324.0943    ]
 [320.45812273 321.1441    ]
 [320.6070445  320.6070445 ]
 [321.75163114 324.70038187]
 [320.03634636 320.03634636]
 [321.91476545 328.73832621]
 [         nan          nan]
 [320.86181511 322.69369916]
 [320.28361967 324.05606232]
 [320.60350192 321.90520099]
 [320.00353409 320.00353409]
 [321.31546825 321.31546825]
 [320.57814327 320.7419    ]
 [         nan          nan]
 [         nan          nan]
 [320.37149636 321.44997213]
 [320.81740567 320.81740567]
 [320.18508182 320.18508182]
 [         nan          nan]
 [321.723812   321.723812  ]
 [321.472      321.472     ]
 [320.41445846 321.96373545]
 [319.9218016  319.9218016 ]
 [319.98972469 322.65963579]
 [320.632332   325.80634112]
 [321.06777742 321.06777742]
 [320.804627   325.33464021]
 [320.86783147 320.86783147]
 [319.88617824 321.09538788]
 [320.21609137 320.21609137]
 [320.40936522 322.22492727]
 [320.6077     320.6077    ]
 [         nan          nan]
 [320.59502857 320.59502857]
 [321.18730435 321.18730435]
 [320.54194    322.5575375 ]
 [320.11779554 320.11779554]
 [320.72939231 323.84182097]
 [         nan          nan]
 [319.96065924 322.38310286]
 [320.2909     322.2614    ]
 [320.98837165 326.88726184]
 [320.17238108 322.66370986]
 [320.49871681 320.49871681]
 [320.60278615 321.99661111]
 [320.19516531 321.15551496]
 [320.32080337 320.9404915 ]
 [320.1186888  320.1186888 ]
 [320.10219215 320.10219215]
 [320.90514096 320.90514096]
 [319.87408534 322.3062    ]
 [320.10770714 320.10770714]
 [320.14424545 322.64097956]
 [         nan          nan]
 [321.15795611 321.43412137]
 [321.15488367 321.76124839]
 [319.67521731 320.67732766]
 [320.3839     320.3839    ]
 [319.91883235 319.91883235]
 [319.87655385 320.95737006]
 [         nan          nan]
 [         nan          nan]
 [321.4404375  325.20910492]
 [         nan          nan]
 [320.73841304 321.91103715]
 [320.84312105 320.84312105]
 [         nan          nan]
 [319.61350238 321.8595    ]]
  T: 22856
  nneurons: 1696
  max_spike_rate_range: (np.float32(8687.44), np.float32(8687.44))
  neural_time_bin_size: 64.48362720403023
  unique_reward_amounts: [0.004]
  nrewards: 69
  unique_autoreward: [0.]
  unique_vr_environment: [0.]
  unique_licks: [0. 1. 2. 3. 4. 5. 6.]
  position_range: (np.float64(-50.000000000000014), np.float64(451.49633353552827))
  unique_reward_zone: [0. 1. 2. 3. 4. 5. 6.]
  unique_scanning: [1.]
  speed_range: (np.float64(-3.5950774450183243), np.float64(95.61298927629454))
  unique_teleport: [0. 1.]
  trial_length_range: (np.int64(173), np.int64(414))
  ntrials: 80
Subject m18, Session 10:
  reward_zone_positions: [[322.02468776 329.99414359]
 [320.66731515 322.53962245]
 [         nan          nan]
 [321.08542958 322.29402812]
 [322.09882887 325.11263514]
 [320.6120051  320.6120051 ]
 [320.80086812 320.80086812]
 [322.24385421 336.71784764]
 [320.54170661 320.54170661]
 [         nan          nan]
 [320.41321202 321.31579651]
 [320.46067717 320.46067717]
 [320.7030315  320.7030315 ]
 [321.02021538 321.84573614]
 [         nan          nan]
 [319.8065846  319.8065846 ]
 [320.48363171 320.48363171]
 [         nan          nan]
 [322.55081047 326.34424122]
 [320.64356198 320.64356198]
 [319.87574706 321.52736111]
 [319.92313125 319.92313125]
 [319.67735075 319.67735075]
 [320.99567727 322.40517857]
 [319.86479598 322.77002857]
 [320.558683   322.62692326]
 [320.97145882 326.67512067]
 [319.95089434 321.18230695]
 [321.33145075 322.91761753]
 [         nan          nan]
 [202.13739278 254.18597766]
 [201.70702642 209.39390518]
 [201.48460628 203.62923023]
 [         nan          nan]
 [202.01690794 206.8813516 ]
 [200.97587163 203.15853769]
 [200.2299566  203.77319   ]
 [         nan          nan]
 [201.91974315 204.17229032]
 [         nan          nan]
 [200.68972    200.68972   ]
 [201.79297059 201.79297059]
 [201.24504734 218.13728657]
 [200.04123553 202.25079615]
 [         nan          nan]
 [200.81951639 200.81951639]
 [201.38067536 203.15618653]
 [201.18697047 201.18697047]
 [199.9776     204.35430653]
 [199.7753274  199.7753274 ]
 [200.64045789 206.45871281]
 [         nan          nan]
 [200.3821206  202.77908071]
 [         nan          nan]
 [200.30123636 201.67990598]
 [201.86414278 201.86414278]
 [200.66975437 200.66975437]
 [         nan          nan]
 [201.0355     203.90536957]
 [200.43282069 200.43282069]
 [         nan          nan]
 [200.81931659 202.03764215]
 [201.22851579 201.22851579]
 [200.96724638 202.01066173]
 [200.18213636 204.95188168]
 [200.28746316 200.75448879]
 [200.35142618 205.3565    ]
 [200.01012316 200.01012316]
 [200.25311474 206.72548896]
 [         nan          nan]
 [200.82274669 200.82274669]
 [         nan          nan]
 [200.58875962 201.66242952]
 [201.41487098 203.93585273]
 [200.06366034 200.06366034]
 [200.84499843 204.57776415]
 [200.81639672 202.82162884]
 [200.5273209  202.86225079]
 [199.96050469 202.8886797 ]
 [202.33317016 206.36245   ]]
  T: 21621
  nneurons: 1899
  max_spike_rate_range: (np.float32(4219.8228), np.float32(4219.8228))
  neural_time_bin_size: 64.48362720403023
  unique_reward_amounts: [0.004]
  nrewards: 65
  unique_autoreward: [0.]
  unique_vr_environment: [0.]
  unique_licks: [0. 1. 2. 3. 4. 5.]
  position_range: (np.float64(-50.000000000000014), np.float64(450.3788285000056))
  unique_reward_zone: [0. 1. 2. 3. 4. 5. 6.]
  unique_scanning: [1.]
  speed_range: (np.float64(-2.9917231117230183), np.float64(96.13471481054836))
  unique_teleport: [0. 1.]
  trial_length_range: (np.int64(151), np.int64(436))
  ntrials: 80
Subject m18, Session 11:
  reward_zone_positions: [[200.79629612 208.02076723]
 [         nan          nan]
 [200.39282435 200.39282435]
 [201.59253043 202.63566   ]
 [202.56389615 204.2354809 ]
 [200.9426475  201.67065577]
 [         nan          nan]
 [200.09244646 200.09244646]
 [199.88217614 201.92272647]
 [200.06722923 209.70420198]
 [199.90090769 199.90090769]
 [201.13648031 201.13648031]
 [         nan          nan]
 [201.26960536 202.60390113]
 [201.5580802  201.5580802 ]
 [199.56594114 200.12363906]
 [200.58134339 200.58134339]
 [         nan          nan]
 [200.25265    204.18423636]
 [200.52018571 201.11733976]
 [200.68179692 200.68179692]
 [201.94766061 201.94766061]
 [199.7392     200.20284847]
 [200.79083145 200.79083145]
 [200.25404506 200.25404506]
 [199.95526235 200.86553209]
 [         nan          nan]
 [         nan          nan]
 [200.51002939 203.04057131]
 [200.35026082 205.37777692]
 [         nan          nan]
 [200.09391784 201.04084569]
 [200.62123307 200.62123307]
 [200.09956495 200.09956495]
 [         nan          nan]
 [200.30412353 201.30079612]
 [199.84318922 199.84318922]
 [200.29333485 203.17670192]
 [         nan          nan]
 [200.576878   202.93491391]
 [202.0532954  207.07684106]
 [200.22798876 200.22798876]
 [201.00882385 201.00882385]
 [         nan          nan]
 [200.59156512 208.07535   ]
 [199.6098715  199.6098715 ]
 [         nan          nan]
 [200.14590526 200.14590526]
 [200.0503407  200.0503407 ]
 [199.92050725 200.2138375 ]
 [199.75235276 199.75235276]
 [199.92370448 199.92370448]
 [201.94591985 204.36171163]
 [199.77870467 202.01215989]
 [200.09512764 200.09512764]
 [         nan          nan]
 [         nan          nan]
 [200.45764898 200.45764898]
 [200.80575468 205.2176132 ]
 [199.99719337 199.99719337]
 [200.70638221 200.70638221]
 [200.24622944 202.19260559]
 [         nan          nan]
 [         nan          nan]
 [         nan          nan]
 [         nan          nan]
 [         nan          nan]
 [200.23530825 200.23530825]
 [200.01885578 201.13280047]
 [200.06636063 200.06636063]
 [202.00934121 208.01886335]
 [200.70645833 201.64130263]
 [199.94282266 199.94282266]
 [         nan          nan]
 [200.39845306 201.04631459]
 [200.66737772 200.66737772]
 [201.21382947 201.21382947]
 [199.91925455 199.91925455]
 [         nan          nan]
 [200.26608936 203.22313134]]
  T: 23540
  nneurons: 1382
  max_spike_rate_range: (np.float32(17390.225), np.float32(17390.225))
  neural_time_bin_size: 64.48362720403023
  unique_reward_amounts: [0.004]
  nrewards: 60
  unique_autoreward: [0.]
  unique_vr_environment: [0.]
  unique_licks: [0. 1. 2. 3. 4. 5. 6.]
  position_range: (np.float64(-50.000000000000014), np.float64(451.1876701873936))
  unique_reward_zone: [0. 1. 2. 3. 4. 5. 6.]
  unique_scanning: [1.]
  speed_range: (np.float64(-3.011301939811404), np.float64(100.7155755419472))
  unique_teleport: [0. 1.]
  trial_length_range: (np.int64(163), np.int64(402))
  ntrials: 80
Subject m18, Session 12:
  reward_zone_positions: [[201.16467708 204.57785159]
 [200.3798     201.67109542]
 [201.86741571 204.24603538]
 [         nan          nan]
 [200.35094615 201.61143168]
 [         nan          nan]
 [199.97820412 231.75277683]
 [202.17067216 243.93270881]
 [         nan          nan]
 [202.30089043 204.81903571]
 [199.78594213 201.6613    ]
 [200.46757246 201.13647411]
 [200.56295714 201.60209005]
 [         nan          nan]
 [199.72494615 199.72494615]
 [200.50838275 201.70257799]
 [199.82506154 201.658965  ]
 [199.63846649 199.63846649]
 [199.97815152 200.78555622]
 [200.610853   211.59861045]
 [199.92993462 199.92993462]
 [199.64922947 206.37426552]
 [199.81229689 199.81229689]
 [200.81379698 200.81379698]
 [200.9547689  200.9547689 ]
 [199.56684146 199.56684146]
 [200.00406087 201.23955224]
 [         nan          nan]
 [200.17891854 200.79913558]
 [200.19826963 201.7952    ]
 [         nan          nan]
 [ 81.44338224 131.8562011 ]
 [ 83.24224777 132.10537458]
 [ 82.02370507  88.49249842]
 [         nan          nan]
 [ 80.82945744  83.37041895]
 [ 80.31177516  87.31971076]
 [         nan          nan]
 [ 80.56331944  80.56331944]
 [ 81.52657058  81.52657058]
 [ 80.10437464  81.36862788]
 [ 80.52102025  80.52102025]
 [ 79.90292462  84.07590132]
 [ 80.85603714  84.22325364]
 [ 80.36252944  82.22518085]
 [ 81.62814021  83.98496718]
 [ 80.23229232  80.23229232]
 [ 80.34422192  80.34422192]
 [ 80.07491263  83.0063413 ]
 [ 81.51021156  85.58628476]
 [ 79.94147581  82.10447429]
 [ 80.36416154  80.73114114]
 [ 80.02095482  86.31877435]
 [ 79.94672426  80.58603968]
 [ 80.91710077  80.91710077]
 [         nan          nan]
 [ 80.52159502  80.52159502]
 [         nan          nan]
 [ 80.52398     81.80322948]
 [ 80.54124467  82.25998327]
 [ 80.57390085  91.12824485]
 [ 80.81356846  85.04725659]
 [ 80.48271498  80.48271498]
 [         nan          nan]
 [ 80.36056607  83.40122462]
 [ 80.996172    80.996172  ]
 [ 80.94416598  80.94416598]
 [ 79.9292702   82.65639596]
 [ 79.69325702  81.37338   ]
 [ 81.03277911  84.87170316]
 [ 79.79161216  79.79161216]
 [ 81.56919835  83.79220907]
 [ 80.20871406  81.70902385]
 [ 80.9374571   86.99184523]
 [         nan          nan]
 [         nan          nan]
 [ 80.44675443  80.44675443]
 [ 80.2969455   84.77635648]
 [ 80.29458402  80.29458402]
 [ 80.47095188  82.01095192]]
  T: 22059
  nneurons: 1927
  max_spike_rate_range: (np.float32(4620.0435), np.float32(4620.0435))
  neural_time_bin_size: 64.48362720403023
  unique_reward_amounts: [0.004]
  nrewards: 67
  unique_autoreward: [0.]
  unique_vr_environment: [0.]
  unique_licks: [0. 1. 2. 3. 4. 5. 6.]
  position_range: (np.float64(-50.000000000000014), np.float64(450.8743363636392))
  unique_reward_zone: [0. 1. 2. 3. 4. 5. 6.]
  unique_scanning: [1.]
  speed_range: (np.float64(-3.991589057742018), np.float64(89.20531050648005))
  unique_teleport: [0. 1.]
  trial_length_range: (np.int64(146), np.int64(354))
  ntrials: 80
Subject m18, Session 13:
  reward_zone_positions: [[82.48824521 86.82691405]
 [81.66039578 81.66039578]
 [81.09608288 82.31181258]
 [79.78673713 82.4137389 ]
 [80.45211094 80.45211094]
 [79.87871615 79.87871615]
 [        nan         nan]
 [80.01576031 80.01576031]
 [81.04651759 82.7861694 ]
 [        nan         nan]
 [80.13744648 84.11348877]
 [80.71617489 81.96314961]
 [80.84035846 80.84035846]
 [        nan         nan]
 [81.41691301 81.41691301]
 [80.24858032 80.24858032]
 [80.28982328 81.10918322]
 [        nan         nan]
 [81.0284171  81.0284171 ]
 [80.22432444 83.89551069]
 [80.54310714 85.46790868]
 [80.26455916 81.9098    ]
 [        nan         nan]
 [        nan         nan]
 [81.25415233 83.606482  ]
 [81.21987555 83.64397192]
 [80.54467148 80.54467148]
 [80.6320901  82.86681173]
 [79.90894439 79.90894439]
 [81.5540403  83.06098789]
 [79.74977214 79.80223409]
 [80.46450312 80.46450312]
 [80.26846094 82.12476053]
 [80.40286423 81.66839   ]
 [80.79278372 80.79278372]
 [82.3379894  82.3379894 ]
 [81.3212238  82.02813638]
 [80.11611896 80.11611896]
 [80.95087026 80.95087026]
 [        nan         nan]
 [80.02167714 80.02167714]
 [80.84285475 82.19563753]
 [81.39383128 81.39383128]
 [81.20355957 82.22509876]
 [81.873493   86.92289265]
 [        nan         nan]
 [80.29038849 82.68985263]
 [80.58870723 81.51657245]
 [        nan         nan]
 [80.862079   83.64415351]
 [80.89873231 80.89873231]
 [80.5037095  85.05049296]
 [80.71523895 82.85932832]
 [79.98956449 80.73843492]
 [80.67368804 80.67368804]
 [79.89942452 80.83846419]
 [        nan         nan]
 [80.28617918 82.0158125 ]
 [80.72482019 81.61494157]
 [81.49817195 81.49817195]
 [80.64187251 82.0796101 ]
 [80.36626617 84.17491824]
 [80.72356442 80.72356442]
 [79.71655214 79.71655214]
 [80.85785054 80.85785054]
 [80.24127654 80.79660267]
 [80.25080333 80.25080333]
 [80.47113273 80.47113273]
 [81.02345261 81.85145466]
 [        nan         nan]
 [81.23642716 84.95744551]
 [80.31989948 80.31989948]
 [80.43739445 82.48121377]
 [80.96360797 83.29843276]
 [80.37208194 81.66337388]
 [80.36412299 80.36412299]
 [81.40926833 81.40926833]
 [80.19580492 80.19580492]
 [80.10559529 80.96201719]
 [79.90638727 80.6525825 ]]
  T: 19821
  nneurons: 1433
  max_spike_rate_range: (np.float32(16485.209), np.float32(16485.209))
  neural_time_bin_size: 64.48362720403023
  unique_reward_amounts: [0.004]
  nrewards: 69
  unique_autoreward: [0.]
  unique_vr_environment: [0.]
  unique_licks: [0. 1. 2. 3. 4. 5.]
  position_range: (np.float64(-50.000000000000014), np.float64(451.6717824632953))
  unique_reward_zone: [0. 1. 2. 3. 4. 5. 6.]
  unique_scanning: [1.]
  speed_range: (np.float64(-5.050968930436642), np.float64(88.73587235656309))
  unique_teleport: [0. 1.]
  trial_length_range: (np.int64(146), np.int64(315))
  ntrials: 80
Subject m18, Session 14:
  reward_zone_positions: [[         nan          nan]
 [ 81.26947412 100.08454125]
 [ 80.49244246  80.49244246]
 [ 80.64643913  80.64643913]
 [ 81.19069843  81.19069843]
 [ 80.11271619  81.82193554]
 [ 80.04428555  80.04428555]
 [ 80.01849143  80.92739962]
 [ 80.31069335  80.31069335]
 [ 80.63264944  81.55849571]
 [ 82.01126091  83.54052582]
 [ 80.72205493  80.72205493]
 [ 80.4457301   80.70297   ]
 [ 80.84540568  82.35969051]
 [         nan          nan]
 [ 81.19404602  81.19404602]
 [         nan          nan]
 [ 80.46972628  83.78252788]
 [ 80.91090176  80.91090176]
 [ 80.19342275  80.83648388]
 [ 80.17997382  84.47036857]
 [ 80.68233923  82.5357    ]
 [ 80.71842392  82.33670061]
 [ 80.92588466  81.75110263]
 [ 79.96676     84.148435  ]
 [ 80.35981789  80.35981789]
 [ 80.06676713  81.07038617]
 [ 80.15873887  80.91924702]
 [ 81.22772307  81.22772307]
 [         nan          nan]
 [327.06118325 376.49370887]
 [321.91035288 372.17938   ]
 [319.95111421 337.16860488]
 [321.524275   321.524275  ]
 [321.1595544  321.1595544 ]
 [321.69484431 325.28723214]
 [321.19212612 322.6385601 ]
 [320.60278442 321.88659367]
 [321.3246493  322.8563448 ]
 [322.10651386 325.53968557]
 [319.95218054 319.95218054]
 [321.89846957 323.69310299]
 [320.31276071 326.04280337]
 [321.23775814 323.10672721]
 [322.08055652 324.11168468]
 [322.93892424 325.05250547]
 [320.70646126 326.70060435]
 [320.94355    323.53041566]
 [320.2580225  326.90247692]
 [321.16286593 321.16286593]
 [320.9020937  322.49009365]
 [320.77184183 320.77184183]
 [320.5656648  328.20306761]
 [319.65183419 322.57478195]
 [321.87920465 323.78757619]
 [321.40244121 330.70497423]
 [321.39741066 321.39741066]
 [320.31676529 321.76047045]
 [320.83357885 326.30734844]
 [320.66429077 320.66429077]
 [321.81507598 321.81507598]
 [320.5376581  323.02087923]
 [321.7135505  325.90989279]
 [320.56166178 323.24858676]
 [         nan          nan]
 [322.30086269 322.30086269]
 [322.75777    322.75777   ]
 [         nan          nan]
 [321.78132738 323.92761667]
 [321.19351385 323.93728976]
 [321.11239763 329.01217069]
 [322.31983436 324.48705396]
 [320.17203488 322.14109041]
 [320.98647138 322.89325954]
 [320.45097808 323.2566814 ]
 [319.8925     319.8925    ]
 [321.02449119 321.02449119]
 [321.38975    322.63776296]
 [320.44250435 321.54460302]
 [322.03918515 322.03918515]]
  T: 21672
  nneurons: 1955
  max_spike_rate_range: (np.float32(3512.354), np.float32(3512.354))
  neural_time_bin_size: 64.48362720403023
  unique_reward_amounts: [0.004]
  nrewards: 74
  unique_autoreward: [0.]
  unique_vr_environment: [0.]
  unique_licks: [0. 1. 2. 3. 4. 5. 6.]
  position_range: (np.float64(-50.000000000000014), np.float64(450.79069750931967))
  unique_reward_zone: [0. 1. 2. 3. 4. 5. 6.]
  unique_scanning: [1.]
  speed_range: (np.float64(-3.9228492436429816), np.float64(94.307482883224))
  unique_teleport: [0. 1.]
  trial_length_range: (np.int64(154), np.int64(385))
  ntrials: 80
Subject: m19, Sessions: [1, 2, 3, 4, 5, 6, 7, 8, 9, 10, 11, 12, 13, 14]
Subject m19, Session 1:
  reward_zone_positions: [[321.27025532 360.4086602 ]
 [320.74539219 321.40224091]
 [         nan          nan]
 [         nan          nan]
 [320.56241231 322.53750361]
 [320.55131276 325.04120476]
 [         nan          nan]
 [321.76138195 330.54610816]
 [320.90818743 320.90818743]
 [320.33630625 321.91642981]
 [320.99601633 320.99601633]
 [320.93498365 322.63254706]
 [320.1163     320.1163    ]
 [         nan          nan]
 [320.45757959 340.97963059]
 [321.5649795  332.08988182]
 [321.89248723 321.89248723]
 [319.74541456 322.19794323]
 [320.42936562 324.30465294]
 [         nan          nan]
 [321.04904409 343.27633529]
 [321.013525   322.86545405]
 [321.34492871 321.34492871]
 [320.10325773 321.16741837]
 [320.53195385 321.9362042 ]
 [320.29734773 320.29734773]
 [320.1460027  321.02595455]
 [320.50242523 322.92734468]
 [321.16979773 323.2995129 ]
 [320.95578936 324.21759756]
 [321.00915743 321.99147455]
 [320.86676    320.86676   ]
 [322.1384835  323.27847333]
 [         nan          nan]
 [320.87944898 321.7693973 ]
 [         nan          nan]
 [320.1125475  321.10436907]
 [320.184044   320.184044  ]
 [321.52566923 322.9450375 ]
 [320.73396598 322.53921053]
 [320.49863789 321.15024054]
 [320.31290588 321.6802    ]
 [320.96230625 322.09537143]
 [321.03162424 321.03162424]
 [319.965608   323.21729118]
 [320.0265     320.0265    ]
 [320.76095625 320.76095625]
 [         nan          nan]
 [319.84245741 387.87933158]
 [321.71247623 333.95684545]
 [320.202124   391.23468025]
 [320.83535714 324.71255   ]
 [320.93349155 322.26018077]
 [320.551425   326.51007257]
 [320.23413196 322.51345385]
 [320.373225   320.373225  ]
 [321.28419604 321.28419604]
 [319.79284091 319.79284091]
 [320.99668058 323.10330204]
 [321.38469231 322.48735263]
 [         nan          nan]
 [320.15354255 322.61344118]
 [321.26493756 323.37241563]
 [320.43921538 321.52737872]
 [320.51160204 321.47773514]
 [320.27019578 320.27019578]
 [         nan          nan]
 [319.78717547 323.6656687 ]
 [320.0123     321.32263204]
 [         nan          nan]
 [320.60697835 324.90406667]
 [320.08349091 324.78184033]
 [320.32310619 321.50745631]
 [         nan          nan]
 [320.22998454 323.80290488]
 [321.19569524 321.44440792]
 [321.18984105 324.02410565]
 [320.97411359 322.78152286]
 [320.54532784 320.54532784]
 [320.43623402 320.43623402]]
  T: 26252
  nneurons: 528
  max_spike_rate_range: (np.float32(6438.0977), np.float32(6438.0977))
  neural_time_bin_size: 64.48362720403023
  unique_reward_amounts: [0.004]
  nrewards: 68
  unique_autoreward: [0.]
  unique_vr_environment: [0.]
  unique_licks: [0. 1. 2. 3. 4. 5. 6.]
  position_range: (np.float64(-50.00000000000001), np.float64(450.4839156196939))
  unique_reward_zone: [0. 1. 2. 3. 4. 5. 6.]
  unique_scanning: [1.]
  speed_range: (np.float64(-1.8018996377510237), np.float64(66.63689975207294))
  unique_teleport: [0. 1.]
  trial_length_range: (np.int64(168), np.int64(490))
  ntrials: 80
Subject m19, Session 2:
  reward_zone_positions: [[320.33913462 320.33913462]
 [320.4935871  324.33500947]
 [         nan          nan]
 [         nan          nan]
 [         nan          nan]
 [320.52325769 321.33273469]
 [319.85409508 319.85409508]
 [321.58434845 329.29306875]
 [320.11804906 324.00214455]
 [320.194572   324.82665922]
 [         nan          nan]
 [320.34465882 320.34465882]
 [319.758      323.04959011]
 [         nan          nan]
 [319.99936994 326.11558558]
 [319.83756667 320.9922561 ]
 [320.87993981 323.85805773]
 [321.20786364 323.6027    ]
 [319.98877692 320.399     ]
 [320.2743378  320.2743378 ]
 [319.75333    320.4147112 ]
 [320.11103093 320.11103093]
 [319.81797252 319.81797252]
 [320.06502381 320.40910942]
 [320.38437053 320.98949904]
 [320.97338125 323.20369421]
 [320.460784   320.460784  ]
 [320.25377333 320.25377333]
 [319.73874375 319.9426875 ]
 [320.300064   321.46852927]
 [319.673817   319.673817  ]
 [320.29734453 320.88298437]
 [320.07958154 320.07958154]
 [320.90613824 320.90613824]
 [320.7027299  322.69113929]
 [320.211595   321.87177143]
 [319.92696667 321.66515673]
 [320.00202551 324.7665629 ]
 [         nan          nan]
 [320.891645   322.2282835 ]
 [320.46740928 321.72906364]
 [         nan          nan]
 [322.2979898  324.798225  ]
 [320.1641866  320.1641866 ]
 [320.36832692 320.36832692]
 [320.53080421 321.56799903]
 [320.40139231 320.40139231]
 [         nan          nan]
 [320.98677447 320.98677447]
 [321.49218947 321.49218947]
 [320.2501     320.2501    ]
 [320.14681402 321.33409412]
 [319.96293636 319.96293636]
 [320.36524286 320.97622211]
 [320.53433267 321.88857263]
 [320.06632421 320.73554845]
 [320.16471586 321.01015612]
 [319.78236923 319.9371    ]
 [320.21958365 320.21958365]
 [320.29271333 323.79214951]
 [320.45935143 320.45935143]
 [320.0139505  320.0139505 ]
 [         nan          nan]
 [         nan          nan]
 [320.0656701  320.76147115]
 [         nan          nan]
 [320.0713     321.2376135 ]
 [320.11474894 325.02119307]
 [320.42383333 320.42383333]
 [320.17561346 322.0998494 ]
 [         nan          nan]
 [320.0021697  325.16700795]
 [320.45887727 324.40197212]
 [320.15883416 323.30561279]
 [320.92391856 320.92391856]
 [319.83012784 321.267225  ]
 [320.21238438 322.03057158]
 [         nan          nan]
 [320.36114356 324.91444   ]
 [320.21918367 324.19530693]]
  T: 24669
  nneurons: 407
  max_spike_rate_range: (np.float32(15860.641), np.float32(15860.641))
  neural_time_bin_size: 64.48362720403023
  unique_reward_amounts: [0.004]
  nrewards: 67
  unique_autoreward: [0.]
  unique_vr_environment: [0.]
  unique_licks: [0. 1. 2. 3. 4. 5. 6.]
  position_range: (np.float64(-50.000000000000014), np.float64(450.9983679180887))
  unique_reward_zone: [0. 1. 2. 3. 4. 5. 6.]
  unique_scanning: [1.]
  speed_range: (np.float64(-1.8614393301413292), np.float64(77.79903252090436))
  unique_teleport: [0. 1.]
  trial_length_range: (np.int64(172), np.int64(450))
  ntrials: 80
Subject m19, Session 3:
  reward_zone_positions: [[320.54696214 320.54696214]
 [320.39535614 323.71427273]
 [         nan          nan]
 [320.79663469 320.79663469]
 [         nan          nan]
 [320.60597742 322.52708478]
 [320.28624043 327.969096  ]
 [320.40956111 321.4846375 ]
 [         nan          nan]
 [321.64188571 325.14704884]
 [319.96234286 319.96234286]
 [319.61748485 322.1347732 ]
 [320.79726436 325.37043789]
 [319.89164545 321.08484316]
 [319.90781379 319.90781379]
 [         nan          nan]
 [320.70619406 328.955225  ]
 [320.92994    322.78739709]
 [320.20213607 320.20213607]
 [319.91404421 322.49980687]
 [320.09563333 320.09563333]
 [         nan          nan]
 [319.92629694 323.36044462]
 [321.04987419 322.63260441]
 [319.85586286 321.50162447]
 [320.5485     322.75911818]
 [320.00448041 320.8714    ]
 [320.03472727 320.03472727]
 [320.02633918 322.74027037]
 [319.92248113 320.88034576]
 [200.70373883 251.5327802 ]
 [202.555      209.02915   ]
 [201.01514836 209.14124628]
 [200.11636211 207.45792683]
 [201.20050567 206.71639063]
 [200.56339084 204.0389603 ]
 [201.26136378 204.01969322]
 [200.83345156 203.53561613]
 [200.37727442 201.52633941]
 [200.86664375 203.46920096]
 [200.07115714 200.07115714]
 [199.77556346 200.06748364]
 [         nan          nan]
 [201.32924286 206.29290769]
 [200.02315249 200.02315249]
 [200.06766809 200.69234327]
 [200.193052   204.34608276]
 [200.79664316 203.50936804]
 [200.0481134  200.0481134 ]
 [200.22128947 203.21739817]
 [199.86348947 201.1747875 ]
 [199.89414146 201.33019091]
 [201.29300103 204.30670183]
 [         nan          nan]
 [200.27272115 201.60296842]
 [201.29244021 201.96926358]
 [200.64880288 201.11100702]
 [         nan          nan]
 [201.53446458 210.89646162]
 [200.22636019 206.276375  ]
 [200.33162062 203.16180485]
 [199.99770594 206.12834571]
 [199.96593846 201.0703871 ]
 [201.27763176 202.92504227]
 [200.78645625 202.60953333]
 [199.90798947 199.90798947]
 [200.37318125 202.69196495]
 [199.72688253 204.12937083]
 [199.63682857 200.13346598]
 [199.78842247 205.07241935]
 [200.82289263 200.82289263]
 [200.732181   200.732181  ]
 [200.002924   200.83025714]
 [200.48194444 200.48194444]
 [200.07472727 201.52444737]
 [200.16075625 200.16075625]
 [200.23077593 203.65237813]
 [200.42259394 200.42259394]
 [200.17164343 202.51383846]
 [200.8056125  203.12472703]]
  T: 29412
  nneurons: 465
  max_spike_rate_range: (np.float32(7593.6753), np.float32(7593.6753))
  neural_time_bin_size: 64.48362720403023
  unique_reward_amounts: [0.004]
  nrewards: 72
  unique_autoreward: [0.]
  unique_vr_environment: [0.]
  unique_licks: [0. 1. 2. 3. 4. 5.]
  position_range: (np.float64(-50.000000000000014), np.float64(450.1969474226804))
  unique_reward_zone: [0. 1. 2. 3. 4. 5. 6.]
  unique_scanning: [1.]
  speed_range: (np.float64(-1.8604135392633827), np.float64(67.0453591963415))
  unique_teleport: [0. 1.]
  trial_length_range: (np.int64(202), np.int64(477))
  ntrials: 80
Subject m19, Session 4:
  reward_zone_positions: [[200.03395352 201.53836923]
 [201.20913168 203.97410979]
 [200.22411429 203.9728203 ]
 [199.96878571 204.25747165]
 [         nan          nan]
 [200.99173953 203.62903953]
 [         nan          nan]
 [200.11947795 204.44170294]
 [         nan          nan]
 [200.04684231 205.32066328]
 [201.13225    202.76570606]
 [200.47741628 204.19793564]
 [200.93177727 210.84258   ]
 [202.53910211 203.801236  ]
 [200.22564375 200.61970577]
 [         nan          nan]
 [199.8226125  200.95924545]
 [201.11405714 203.9128625 ]
 [200.16728788 200.16728788]
 [201.46844615 201.46844615]
 [200.59257    204.256976  ]
 [200.97114286 204.36676289]
 [200.41193673 201.1095    ]
 [199.95364433 202.4048663 ]
 [200.68989091 201.67749882]
 [200.11236804 201.72790968]
 [200.25103077 201.03269588]
 [200.01678558 200.84274194]
 [         nan          nan]
 [201.00848    214.83113158]
 [201.01604286 202.71438454]
 [200.8566     204.102714  ]
 [         nan          nan]
 [201.15618152 202.19498378]
 [         nan          nan]
 [         nan          nan]
 [199.91948247 206.97382308]
 [201.43042233 201.43042233]
 [         nan          nan]
 [200.12000612 200.12000612]
 [         nan          nan]
 [         nan          nan]
 [201.37609394 226.59995102]
 [         nan          nan]
 [199.9420125  210.2044299 ]
 [199.94293333 201.72329231]
 [200.7948375  202.44482948]
 [199.66746061 199.95236667]
 [200.72732875 202.46311667]
 [200.09285102 204.76984624]
 [200.46097273 204.15882653]
 [200.069912   200.069912  ]
 [199.88283333 211.71406019]
 [200.53655    200.53655   ]
 [200.11577055 203.85335378]
 [200.76340714 207.58114872]
 [200.894148   203.42730612]
 [200.51911818 205.096195  ]
 [201.29466    205.337775  ]
 [         nan          nan]
 [200.845225   202.81839752]
 [200.37425849 204.3281    ]
 [202.89492    210.6751099 ]
 [199.76209512 204.1215703 ]
 [200.85022195 202.92269355]
 [201.03125258 204.47776942]
 [201.57939032 204.34835882]
 [200.38115455 206.93770213]
 [200.2865194  201.95525484]
 [200.37703368 202.44377981]
 [         nan          nan]
 [200.59251635 201.95278644]
 [201.2132359  201.2132359 ]
 [200.07161981 201.47669846]
 [199.88727317 199.88727317]
 [200.22630937 202.26778846]
 [200.27553041 202.81900937]
 [200.58095    203.34084242]
 [         nan          nan]
 [200.90918824 204.48410217]]
  T: 32556
  nneurons: 550
  max_spike_rate_range: (np.float32(21469.656), np.float32(21469.656))
  neural_time_bin_size: 64.48362720403023
  unique_reward_amounts: [0.004]
  nrewards: 65
  unique_autoreward: [0.]
  unique_vr_environment: [0.]
  unique_licks: [0. 1. 2. 3. 4. 5. 6.]
  position_range: (np.float64(-50.000000000000014), np.float64(450.5619096385541))
  unique_reward_zone: [0. 1. 2. 3. 4. 5. 6.]
  unique_scanning: [1.]
  speed_range: (np.float64(-3.818603366644013), np.float64(63.45907649625252))
  unique_teleport: [0. 1.]
  trial_length_range: (np.int64(196), np.int64(536))
  ntrials: 80
Subject m19, Session 5:
  reward_zone_positions: [[200.81672586 200.81672586]
 [200.21930679 201.15291031]
 [201.00217411 201.50496557]
 [         nan          nan]
 [200.90684632 204.19559   ]
 [         nan          nan]
 [200.55704545 207.46698265]
 [199.91510625 211.55045389]
 [201.77814948 203.56577458]
 [200.26469756 204.90471475]
 [200.959904   200.959904  ]
 [200.6120303  203.1150016 ]
 [         nan          nan]
 [200.52157795 201.22687742]
 [201.21366145 220.61813193]
 [200.63540412 206.18621538]
 [200.44061633 202.31319412]
 [201.23236528 202.22992558]
 [200.10763636 201.07949606]
 [         nan          nan]
 [200.61494062 203.04383228]
 [         nan          nan]
 [200.88582991 202.11129286]
 [199.80291682 200.68202581]
 [         nan          nan]
 [         nan          nan]
 [200.41560377 209.13151818]
 [200.52125    200.52125   ]
 [199.92605055 202.56277391]
 [200.34829714 205.81639787]
 [ 83.22860129 122.87115455]
 [ 81.54283594 132.4115426 ]
 [         nan          nan]
 [ 80.13419202  82.51972733]
 [         nan          nan]
 [         nan          nan]
 [ 80.59537406  91.78722806]
 [ 80.88658667  86.12976718]
 [ 81.59547753  94.52726146]
 [ 80.80214333  82.04572213]
 [ 80.18222303  85.98618299]
 [ 80.69887254  80.69887254]
 [ 81.31484231  82.44163   ]
 [ 81.08796769  81.34357   ]
 [ 80.79847839  82.67466247]
 [ 79.98025     81.67682818]
 [ 81.317595    82.62508   ]
 [ 80.35447649  83.93740809]
 [ 81.18852269  82.899845  ]
 [ 79.82714153  79.82714153]
 [ 80.78700118  85.34090481]
 [ 82.26188653  83.44015684]
 [         nan          nan]
 [ 80.06168492  80.06168492]
 [ 81.208387    82.50367713]
 [ 80.03522387  80.03522387]
 [ 80.06764005  82.90373   ]
 [ 79.93447828  84.32478609]
 [ 81.78247753  84.02115827]
 [ 79.9596325   80.713955  ]
 [ 81.63587362  83.63866427]
 [ 80.12943391  84.51701639]
 [ 80.89806366  81.65493489]
 [ 80.40927629  80.40927629]
 [ 80.65064     84.23409   ]
 [ 80.51458947  86.68435222]
 [ 80.42289678  81.25054263]
 [ 82.07561433  82.61194258]
 [ 80.24268256  84.26417373]
 [ 80.08354691  80.08354691]
 [ 79.71527526  82.1758401 ]
 [ 80.9374575   81.88151957]
 [ 80.04144316  83.28380705]
 [ 80.81960248  81.44065041]
 [ 79.82611651  83.62428262]
 [ 80.72975122  81.78201714]
 [ 79.819528    85.81013548]
 [ 80.58353534  81.6506203 ]
 [ 80.31406935  83.02209223]
 [ 80.19186842  80.19186842]]
  T: 31119
  nneurons: 472
  max_spike_rate_range: (np.float32(7802.6367), np.float32(7802.6367))
  neural_time_bin_size: 64.48362720403023
  unique_reward_amounts: [0.004]
  nrewards: 69
  unique_autoreward: [0.]
  unique_vr_environment: [0.]
  unique_licks: [0. 1. 2. 3. 4. 5. 6.]
  position_range: (np.float64(-50.000000000000014), np.float64(450.1686584158399))
  unique_reward_zone: [0. 1. 2. 3. 4. 5. 6.]
  unique_scanning: [1.]
  speed_range: (np.float64(-5.190216123344282), np.float64(75.89207665128816))
  unique_teleport: [0. 1.]
  trial_length_range: (np.int64(209), np.int64(574))
  ntrials: 80
Subject m19, Session 6:
  reward_zone_positions: [[ 81.60149212  82.33425811]
 [ 80.32762859  84.67025703]
 [         nan          nan]
 [ 81.24323364  89.92017649]
 [ 80.06439758  87.91148144]
 [ 81.46265     84.775824  ]
 [ 81.034315    89.27823631]
 [         nan          nan]
 [ 79.87389629  82.66975   ]
 [ 79.998071   156.61748589]
 [ 80.88402812  83.00787522]
 [ 80.51409845  82.98259667]
 [ 80.15033191  83.80656973]
 [ 80.45363419  83.7806726 ]
 [ 80.84469402  82.47898684]
 [ 80.00520598  83.05516208]
 [ 80.790592    80.790592  ]
 [ 80.76769311  81.43779625]
 [ 79.90114316  82.57821143]
 [ 79.92643158  84.5478234 ]
 [ 80.64623149  84.74531478]
 [         nan          nan]
 [         nan          nan]
 [ 79.58538     79.8753057 ]
 [ 80.22426394  80.22426394]
 [         nan          nan]
 [ 80.70148374  82.11420391]
 [ 80.34246327  86.15122333]
 [ 81.02793091  81.02793091]
 [ 80.36718438  81.48953784]
 [ 79.87042782  84.76426   ]
 [ 80.27212455  81.27448619]
 [ 80.56785894  82.8673054 ]
 [ 80.80805303  80.80805303]
 [ 80.64443615  80.64443615]
 [ 81.00894115  82.2379258 ]
 [ 79.84932938  81.38707385]
 [ 80.61588263  84.13798816]
 [ 81.02796596  82.44402483]
 [         nan          nan]
 [ 80.91353857  83.92712363]
 [ 80.66163964  80.66163964]
 [ 81.02582075  83.82257446]
 [ 81.89198106  83.3126549 ]
 [ 80.01891     84.55783636]
 [ 81.14139875  82.96392426]
 [ 79.9137401   84.00541915]
 [ 81.90502474  87.80372143]
 [ 80.31792455  84.92347381]
 [ 80.863698    80.863698  ]
 [ 80.18666578  80.18666578]
 [ 81.49740531  84.09915881]
 [ 80.50641091  80.50641091]
 [ 80.30055     81.734526  ]
 [ 81.02573469  85.8267637 ]
 [ 80.3577349   85.69059778]
 [ 81.10204481  84.5332502 ]
 [ 80.86786615  82.267315  ]
 [ 80.666136    82.72509452]
 [         nan          nan]
 [ 79.63839125  79.63839125]
 [ 81.68573388  87.94629857]
 [ 80.60369337  80.60369337]
 [         nan          nan]
 [ 81.65466474  81.65466474]
 [ 81.95478942  81.95478942]
 [         nan          nan]
 [ 81.75472893  83.39802703]
 [ 81.65731858  82.95870389]
 [ 81.03885305  82.87815   ]
 [ 80.5144171   80.5144171 ]
 [ 81.26606     83.15170882]
 [ 80.15380481  80.15380481]
 [ 81.34550449  84.48511769]
 [ 81.27642973  84.39057   ]
 [ 80.27957688  80.27957688]
 [ 79.83801184  82.1276425 ]
 [ 80.41775105  83.97492   ]
 [ 81.17740948  84.42950362]
 [ 80.33839308  80.994324  ]]
  T: 24703
  nneurons: 504
  max_spike_rate_range: (np.float32(11576.069), np.float32(11576.069))
  neural_time_bin_size: 64.48362720403023
  unique_reward_amounts: [0.004]
  nrewards: 70
  unique_autoreward: [0.]
  unique_vr_environment: [0.]
  unique_licks: [0. 1. 2. 3. 4. 5. 6.]
  position_range: (np.float64(-50.000000000000014), np.float64(450.9958422680412))
  unique_reward_zone: [0. 1. 2. 3. 4. 5. 6.]
  unique_scanning: [1.]
  speed_range: (np.float64(-3.4616767239156423), np.float64(80.35840186803115))
  unique_teleport: [0. 1.]
  trial_length_range: (np.int64(165), np.int64(485))
  ntrials: 80
Subject m19, Session 7:
  reward_zone_positions: [[ 81.44229621  86.0048972 ]
 [ 80.83739753  84.03341612]
 [ 81.05379139  81.05379139]
 [         nan          nan]
 [         nan          nan]
 [ 80.17871103  85.27343944]
 [ 81.50683145  83.30078818]
 [         nan          nan]
 [ 80.75671091  84.67973545]
 [ 80.30187573  80.30187573]
 [ 80.71307135  82.1719903 ]
 [ 81.2204566   83.436702  ]
 [ 80.81200546  96.51941032]
 [ 80.535195    82.971792  ]
 [ 80.06400636  80.06400636]
 [ 80.45366515  81.78810271]
 [ 80.066859    82.83391212]
 [ 79.92584242  79.92584242]
 [         nan          nan]
 [ 80.2246599   81.12463515]
 [ 79.98662124  84.79133018]
 [ 80.66034359  82.24914   ]
 [         nan          nan]
 [ 81.06307545  84.11177316]
 [ 81.76739365  81.76739365]
 [         nan          nan]
 [ 81.71348533  88.21702159]
 [         nan          nan]
 [ 80.56582613  84.37713   ]
 [ 80.05464     80.05464   ]
 [320.39848367 371.35859333]
 [320.10513684 320.10513684]
 [320.9752125  331.05077937]
 [321.43244647 328.58319381]
 [320.08076316 330.00330891]
 [320.6604102  324.21505294]
 [320.08081649 327.48003684]
 [321.47158632 330.262106  ]
 [320.82454211 320.82454211]
 [320.90893913 323.11691731]
 [         nan          nan]
 [320.74904369 331.59396747]
 [321.48705361 321.48705361]
 [322.68994528 324.71593636]
 [321.39160206 328.65528145]
 [320.08777803 320.08777803]
 [321.76763281 321.76763281]
 [         nan          nan]
 [         nan          nan]
 [         nan          nan]
 [322.08900448 329.41616378]
 [320.81086923 329.47238738]
 [320.65283609 323.18252   ]
 [321.84385522 321.84385522]
 [319.96420612 324.41618125]
 [         nan          nan]
 [320.96799375 324.37826129]
 [320.54031317 320.54031317]
 [320.82407158 322.32655556]
 [         nan          nan]
 [320.82356346 320.82356346]
 [323.79081649 396.54823333]
 [321.09942    321.09942   ]
 [320.80701818 329.0271973 ]
 [321.81901497 335.35806875]
 [320.53909667 320.53909667]
 [320.29126154 325.80311538]
 [320.4698949  324.87190323]
 [         nan          nan]
 [321.38489231 323.35441546]
 [         nan          nan]
 [321.12948298 326.00861875]
 [320.642225   325.454974  ]
 [321.82872474 326.80480874]
 [         nan          nan]
 [321.65535714 327.11589412]
 [         nan          nan]
 [         nan          nan]
 [320.98329375 325.90029375]
 [         nan          nan]]
  T: 29713
  nneurons: 596
  max_spike_rate_range: (np.float32(6511.5186), np.float32(6511.5186))
  neural_time_bin_size: 64.48362720403023
  unique_reward_amounts: [0.004]
  nrewards: 60
  unique_autoreward: [0.]
  unique_vr_environment: [0.]
  unique_licks: [0. 1. 2. 3. 4. 5. 6.]
  position_range: (np.float64(-50.000000000000014), np.float64(450.6085470588234))
  unique_reward_zone: [0. 1. 2. 3. 4. 5. 6.]
  unique_scanning: [1.]
  speed_range: (np.float64(-3.600546540968557), np.float64(75.41538107370633))
  unique_teleport: [0. 1.]
  trial_length_range: (np.int64(161), np.int64(529))
  ntrials: 80
Subject m19, Session 8:
  reward_zone_positions: [[         nan          nan]
 [         nan          nan]
 [320.87831216 320.87831216]
 [320.310345   330.15661333]
 [321.80142277 325.11256667]
 [320.26612737 321.6417875 ]
 [321.0993     321.0993    ]
 [320.2669625  327.8701234 ]
 [320.69881158 320.69881158]
 [320.676408   323.40807959]
 [320.49953636 324.04140182]
 [321.48984854 321.48984854]
 [320.54954615 324.13801058]
 [320.22148735 321.71522079]
 [321.59405319 324.74834894]
 [320.50685181 320.50685181]
 [         nan          nan]
 [320.43843211 325.94706939]
 [319.95917447 323.61423548]
 [321.97333061 321.97333061]
 [319.89515263 321.65259126]
 [320.526399   320.526399  ]
 [320.66047484 324.43109138]
 [         nan          nan]
 [321.60107857 323.29063855]
 [320.1906     323.10608534]
 [320.57488144 320.57488144]
 [319.97694231 319.97694231]
 [         nan          nan]
 [321.8066898  324.78600806]
 [ 80.48274484  81.54023538]
 [ 80.27575546  80.27575546]
 [ 81.70423216  89.68755   ]
 [ 80.84403119  80.84403119]
 [ 81.16105356  81.16105356]
 [ 81.45540204  89.93286388]
 [         nan          nan]
 [ 81.21704129  91.7988017 ]
 [ 80.68459063  82.52168615]
 [ 80.72515     91.7970063 ]
 [ 80.3863395   84.12802638]
 [ 81.67749079  81.67749079]
 [ 81.02251692  82.84094606]
 [ 79.13851     80.6696135 ]
 [ 80.5146875   80.5146875 ]
 [         nan          nan]
 [ 80.45808644  84.68391375]
 [ 81.30132126  92.78014125]
 [ 80.29307521  84.28243232]
 [ 80.82891171  88.52658471]
 [ 81.21629023  86.62467222]
 [ 81.32009266  83.11454523]
 [ 81.2662603   81.2662603 ]
 [ 81.17564837  84.46580708]
 [ 80.51585273  85.15008531]
 [ 80.17864645  82.68495734]
 [ 82.02742634  82.02742634]
 [ 81.02015     82.28896273]
 [ 80.19231304  80.19231304]
 [ 80.00895619  81.64500872]
 [ 80.12175     85.28389421]
 [ 80.05356356  84.74341212]
 [ 81.64761054  82.43593625]
 [ 81.02669436  91.9943087 ]
 [ 80.20801714  80.20801714]
 [         nan          nan]
 [ 81.65397826  81.65397826]
 [ 81.04123286  84.21761158]
 [ 80.77412808  82.482277  ]
 [ 81.128364    81.128364  ]
 [ 81.01421806  86.34224433]
 [ 80.31341936  80.31341936]
 [         nan          nan]
 [ 79.73129918  85.34758364]
 [         nan          nan]
 [ 81.35758353  90.65002532]
 [ 83.8299775  119.053612  ]
 [         nan          nan]
 [ 80.83703     86.50234831]
 [ 80.44921346  80.44921346]]
  T: 30526
  nneurons: 566
  max_spike_rate_range: (np.float32(5799.76), np.float32(5799.76))
  neural_time_bin_size: 64.48362720403023
  unique_reward_amounts: [0.004]
  nrewards: 69
  unique_autoreward: [0.]
  unique_vr_environment: [0. 1.]
  unique_licks: [0. 1. 2. 3. 4. 5. 6.]
  position_range: (np.float64(-50.00000000000001), np.float64(450.7698848484823))
  unique_reward_zone: [0. 1. 2. 3. 4. 5. 6.]
  unique_scanning: [1.]
  speed_range: (np.float64(-3.275619569953578), np.float64(76.89625562335078))
  unique_teleport: [0. 1.]
  trial_length_range: (np.int64(177), np.int64(530))
  ntrials: 80
Subject m19, Session 9:
  reward_zone_positions: [[         nan          nan]
 [ 81.14893038  81.49265374]
 [ 80.5643051   85.11270184]
 [ 80.41519319  82.19518231]
 [ 80.24735053  80.74061763]
 [ 80.9226134   81.61701096]
 [ 80.3398861   80.3398861 ]
 [ 81.23512023  83.09511647]
 [         nan          nan]
 [ 80.26406727  81.8171748 ]
 [         nan          nan]
 [ 79.95665729  79.95665729]
 [ 79.71412118  79.71412118]
 [ 80.59715545  80.59715545]
 [ 80.07015214  80.07015214]
 [ 79.94775526  79.94775526]
 [ 80.38234149  83.37525184]
 [ 80.23010642  82.80045927]
 [ 79.98756     79.98756   ]
 [ 81.19171462  81.9835667 ]
 [ 80.90121217  82.93847053]
 [ 79.59263673  79.90468155]
 [ 80.44678368  82.24844895]
 [ 81.10287622  81.10287622]
 [ 79.76537471  79.76537471]
 [ 80.7084575   80.95392242]
 [ 80.08196735  85.75046642]
 [         nan          nan]
 [         nan          nan]
 [ 81.43988388  82.22614762]
 [ 81.23393118  84.92455311]
 [ 80.85652913  81.99316905]
 [ 80.39121942  81.80160326]
 [ 79.80808048  79.80808048]
 [ 81.08866179  82.29088031]
 [ 79.77433239  80.31757298]
 [ 80.8289107   81.32465893]
 [ 80.94361323  81.17972331]
 [         nan          nan]
 [ 81.02774462  81.3275372 ]
 [ 81.31689     81.31689   ]
 [ 80.04874041  82.43767324]
 [ 80.42615385  80.68157174]
 [         nan          nan]
 [ 79.92178632  84.4034483 ]
 [         nan          nan]
 [ 80.55036412  80.55036412]
 [ 79.97498739  85.30643879]
 [         nan          nan]
 [         nan          nan]
 [         nan          nan]
 [ 80.41624095  84.30877361]
 [         nan          nan]
 [         nan          nan]
 [ 81.01571     83.81300895]
 [ 80.69281814  84.8559049 ]
 [ 80.38192105  85.63355212]
 [ 81.16245187  83.61250757]
 [ 81.81941204  81.81941204]
 [ 80.42425462  81.18051125]
 [ 81.2565999   82.65637277]
 [ 80.50878489  81.9445678 ]
 [ 80.25844941  80.38992   ]
 [ 80.15381528  80.15381528]
 [ 81.30386234  81.30386234]
 [ 80.895934    82.52000184]
 [ 79.57468822  80.66076822]
 [ 79.70811737  79.70811737]
 [ 80.62490062  83.13100376]
 [ 80.22517685  83.22769614]
 [ 80.63540019  81.9861425 ]
 [         nan          nan]
 [         nan          nan]
 [ 80.84134283  80.84134283]
 [ 80.84002297  82.55280265]
 [ 80.47155592  84.7497703 ]
 [ 80.40565647 158.15012   ]
 [ 81.23397691  82.12820265]
 [ 80.13926579  82.12482875]
 [ 81.44988857  81.44988857]]
  T: 25294
  nneurons: 434
  max_spike_rate_range: (np.float32(22238.076), np.float32(22238.076))
  neural_time_bin_size: 64.48362720403023
  unique_reward_amounts: [0.004]
  nrewards: 64
  unique_autoreward: [0.]
  unique_vr_environment: [1.]
  unique_licks: [0. 1. 2. 3. 4. 5. 6.]
  position_range: (np.float64(-50.000000000000014), np.float64(451.2403122866891))
  unique_reward_zone: [0. 1. 2. 3. 4. 5. 6.]
  unique_scanning: [1.]
  speed_range: (np.float64(-5.716700693062405), np.float64(78.9583722196752))
  unique_teleport: [0. 1.]
  trial_length_range: (np.int64(164), np.int64(318))
  ntrials: 80
Subject m19, Session 10:
  reward_zone_positions: [[ 80.57649077  80.57649077]
 [ 79.93090538  80.83786969]
 [ 81.56033102  91.16999796]
 [ 79.62273204  81.45191364]
 [ 79.65535673  79.65535673]
 [ 80.7684907   80.7684907 ]
 [ 79.85555696  79.85555696]
 [ 80.08574957  80.08574957]
 [ 80.58102091  82.23312679]
 [ 80.30676684  81.7224674 ]
 [         nan          nan]
 [ 81.59364632  83.05062125]
 [ 80.20986312  80.20986312]
 [ 80.20169143  82.20280647]
 [ 79.96557611  79.96557611]
 [ 80.75579727  80.75579727]
 [ 79.78495444  82.25415596]
 [ 80.85971876  80.85971876]
 [ 79.96652137  79.96652137]
 [ 80.98488411  83.45469789]
 [         nan          nan]
 [ 79.6993229   82.02594784]
 [ 80.997866    80.997866  ]
 [ 80.56780894  84.69925286]
 [ 80.29400255  84.113153  ]
 [ 80.1893449   80.1893449 ]
 [ 80.43942629  82.63361957]
 [ 80.32324294  80.32324294]
 [ 80.00761667  80.00761667]
 [ 79.58549     79.64782212]
 [201.54848163 249.96565638]
 [         nan          nan]
 [200.98478316 253.14325773]
 [201.92619    246.97862121]
 [         nan          nan]
 [200.84362857 204.13497308]
 [201.58237419 208.26807805]
 [         nan          nan]
 [199.9904375  204.5665    ]
 [201.82760909 204.84577248]
 [200.611197   208.26456632]
 [201.57104038 202.78477594]
 [200.17423684 202.65669091]
 [200.9643952  200.9643952 ]
 [         nan          nan]
 [200.60257902 202.9425    ]
 [200.54213511 201.34342985]
 [         nan          nan]
 [201.09456136 205.42144419]
 [         nan          nan]
 [200.41991538 210.70372619]
 [200.26397938 201.97495962]
 [200.46750312 202.51701143]
 [200.07118539 207.01842308]
 [200.83546471 203.60555   ]
 [200.39733617 207.9193    ]
 [         nan          nan]
 [200.95988367 206.513138  ]
 [200.71638269 201.90258276]
 [199.74185319 207.4516125 ]
 [201.63857447 201.63857447]
 [         nan          nan]
 [199.86471875 202.85707333]
 [201.00327187 207.72795773]
 [200.31135635 204.38941923]
 [200.5137     203.71319641]
 [200.22158351 203.37181312]
 [200.2209816  206.71783656]
 [201.27467477 209.90120722]
 [         nan          nan]
 [202.04374375 206.8909    ]
 [200.28485577 206.76647857]
 [200.61466701 204.16217187]
 [200.71466598 200.71466598]
 [202.31300619 205.73194233]
 [200.50555745 205.92611212]
 [200.9828885  200.9828885 ]
 [199.9179     199.9179    ]
 [201.381825   202.55179891]
 [200.38918182 205.30095714]]
  T: 31925
  nneurons: 469
  max_spike_rate_range: (np.float32(8196.221), np.float32(8196.221))
  neural_time_bin_size: 64.48362720403023
  unique_reward_amounts: [0.004]
  nrewards: 69
  unique_autoreward: [0.]
  unique_vr_environment: [1.]
  unique_licks: [0. 1. 2. 3. 4. 5. 6.]
  position_range: (np.float64(-50.00000000000001), np.float64(450.5287296296321))
  unique_reward_zone: [0. 1. 2. 3. 4. 5. 6.]
  unique_scanning: [1.]
  speed_range: (np.float64(-4.559212000178203), np.float64(82.22007991976822))
  unique_teleport: [0. 1.]
  trial_length_range: (np.int64(216), np.int64(659))
  ntrials: 80
Subject m19, Session 11:
  reward_zone_positions: [[200.09607059 205.82055684]
 [199.66854043 207.12397857]
 [200.80910625 201.9843    ]
 [200.62454043 204.48563782]
 [200.12965761 200.12965761]
 [200.44350256 200.44350256]
 [200.76665153 203.75270924]
 [199.9965975  201.02031068]
 [         nan          nan]
 [199.96908737 201.63378333]
 [200.90758571 200.90758571]
 [200.55962887 205.11870854]
 [201.15117282 202.58315638]
 [200.85243636 200.85243636]
 [199.83436    201.7322551 ]
 [200.58629207 200.58629207]
 [200.85387059 204.413875  ]
 [201.60681818 210.90031633]
 [199.92865588 203.15591546]
 [         nan          nan]
 [201.27718173 202.54677347]
 [200.25634286 201.21800426]
 [200.67665895 210.9871479 ]
 [201.22811579 201.22811579]
 [201.09797021 215.99505361]
 [199.75221489 203.21865405]
 [         nan          nan]
 [201.63257525 201.63257525]
 [200.29911043 200.29911043]
 [201.32214516 205.93432   ]
 [200.50051923 200.50051923]
 [200.0122061  202.70207143]
 [200.69163871 201.92523636]
 [200.04873939 200.04873939]
 [200.76858247 204.62155909]
 [201.12762316 205.78025745]
 [200.18352115 200.18352115]
 [201.28715183 204.28126105]
 [200.98353377 200.98353377]
 [200.50523721 203.17412308]
 [199.90977273 205.02318182]
 [         nan          nan]
 [201.34955455 207.21383333]
 [200.95411938 200.95411938]
 [200.31906047 204.22692538]
 [200.17922727 204.4150776 ]
 [201.1546     202.585596  ]
 [         nan          nan]
 [200.20065349 201.89235039]
 [201.18836364 201.18836364]
 [200.6709782  203.60728705]
 [200.10055814 201.42570923]
 [200.24109535 201.58077969]
 [201.12946038 202.1126587 ]
 [200.30969254 204.41032727]
 [200.06217419 200.06217419]
 [200.286475   201.649825  ]
 [199.98237115 202.13929565]
 [200.89271875 203.65838421]
 [201.36522857 201.36522857]
 [199.98930625 199.98930625]
 [201.83898776 207.32516535]
 [200.51103462 201.17171287]
 [200.74372222 200.74372222]
 [201.17774255 201.17774255]
 [200.06780288 201.460844  ]
 [200.09566875 204.18750962]
 [201.10664063 204.70627347]
 [199.83246746 199.83246746]
 [200.96204194 202.1914303 ]
 [         nan          nan]
 [200.51982121 204.45774286]
 [199.9543898  199.9543898 ]
 [201.55953558 201.9743    ]
 [         nan          nan]
 [200.78955    204.27112125]
 [200.68417273 204.28076735]
 [         nan          nan]
 [202.14612308 205.5547    ]
 [200.68100865 201.98822396]]
  T: 26002
  nneurons: 378
  max_spike_rate_range: (np.float32(15586.414), np.float32(15586.414))
  neural_time_bin_size: 64.48362720403023
  unique_reward_amounts: [0.004]
  nrewards: 72
  unique_autoreward: [0.]
  unique_vr_environment: [1.]
  unique_licks: [0. 1. 2. 3. 4. 5. 6.]
  position_range: (np.float64(-50.00000000000001), np.float64(451.0573497487442))
  unique_reward_zone: [0. 1. 2. 3. 4. 5. 6.]
  unique_scanning: [1.]
  speed_range: (np.float64(-2.3446907709073184), np.float64(96.02318150106704))
  unique_teleport: [0. 1.]
  trial_length_range: (np.int64(201), np.int64(604))
  ntrials: 80
Subject m19, Session 12:
  reward_zone_positions: [[         nan          nan]
 [         nan          nan]
 [200.1248375  202.95178926]
 [200.50546147 200.50546147]
 [200.196828   201.77130316]
 [200.46128437 203.44997514]
 [200.58568596 200.58568596]
 [200.03372979 201.10951718]
 [200.00508713 200.41190412]
 [199.91140396 200.52420091]
 [200.2904     201.89790682]
 [199.76958421 201.33117143]
 [199.75505928 200.36680412]
 [200.029997   210.10360556]
 [200.06138105 201.29111856]
 [202.69867732 220.45679388]
 [200.178348   201.95368454]
 [200.03805455 201.91295385]
 [         nan          nan]
 [200.036255   203.86765455]
 [200.64860854 204.69184839]
 [200.37037347 202.63848316]
 [200.16984272 201.20882421]
 [         nan          nan]
 [199.79031243 204.04886718]
 [199.81484194 203.58743981]
 [200.53146538 200.53146538]
 [199.69712316 203.25371031]
 [         nan          nan]
 [200.66114328 200.66114328]
 [320.17227344 320.17227344]
 [         nan          nan]
 [320.34357    326.30568372]
 [320.84163636 320.84163636]
 [321.80115639 324.4873024 ]
 [320.309204   322.34902093]
 [321.17132    322.43270472]
 [320.43247644 321.80337578]
 [319.9873875  326.08005814]
 [         nan          nan]
 [320.87049924 325.55964564]
 [         nan          nan]
 [321.01361212 323.99337938]
 [320.47259697 324.18816122]
 [320.25911359 323.38645   ]
 [320.45170962 322.01899758]
 [         nan          nan]
 [         nan          nan]
 [320.46756923 326.69852   ]
 [321.46987143 325.46860571]
 [320.70761538 320.70761538]
 [321.52156768 327.79236575]
 [320.38319697 323.54576538]
 [319.96688421 321.67571304]
 [319.85028387 325.44114839]
 [         nan          nan]
 [319.92577333 324.60146429]
 [321.4718     321.4718    ]
 [321.23046154 323.08035385]
 [319.71912    320.15093243]
 [320.08645204 320.5184    ]
 [320.79398165 320.79398165]
 [320.14515696 322.67165   ]
 [319.8478     321.09617423]
 [321.36815248 331.96703119]
 [         nan          nan]
 [         nan          nan]
 [320.01291633 320.01291633]
 [321.10081158 323.01978077]
 [320.68235361 328.8772    ]
 [320.20250625 323.05947778]
 [320.03643663 321.44091064]
 [321.90746061 398.0879    ]
 [320.4945     320.4945    ]
 [322.67738763 399.52884286]
 [321.31268462 323.2815898 ]
 [         nan          nan]
 [321.04804845 326.40467526]
 [320.49585    322.03909693]
 [321.7417625  321.7417625 ]]
  T: 27562
  nneurons: 558
  max_spike_rate_range: (np.float32(5922.845), np.float32(5922.845))
  neural_time_bin_size: 64.48362720403023
  unique_reward_amounts: [0.004]
  nrewards: 64
  unique_autoreward: [0.]
  unique_vr_environment: [1.]
  unique_licks: [0. 1. 2. 3. 4. 5. 6.]
  position_range: (np.float64(-50.00000000000001), np.float64(450.4933653465319))
  unique_reward_zone: [0. 1. 2. 3. 4. 5. 6.]
  unique_scanning: [1.]
  speed_range: (np.float64(-3.0381456467535224), np.float64(86.98471916289861))
  unique_teleport: [0. 1.]
  trial_length_range: (np.int64(127), np.int64(513))
  ntrials: 80
Subject m19, Session 13:
  reward_zone_positions: [[321.111832   321.111832  ]
 [320.797675   327.54558372]
 [320.781236   322.19121154]
 [         nan          nan]
 [         nan          nan]
 [321.21430244 323.27206735]
 [320.48153957 322.37394844]
 [321.7360918  323.54537921]
 [320.82380866 322.27606176]
 [         nan          nan]
 [322.15508731 325.51040952]
 [322.96039538 330.3355375 ]
 [321.44405194 325.28109453]
 [321.0907274  321.0907274 ]
 [320.01329318 321.00209154]
 [320.97899769 322.47013864]
 [321.56243858 324.01514884]
 [321.13582045 324.35727812]
 [320.73927651 320.73927651]
 [320.89074327 322.47786854]
 [322.47522268 322.47522268]
 [320.2947     321.88342991]
 [321.684025   323.38155545]
 [321.15622    321.15622   ]
 [320.4064     320.4064    ]
 [         nan          nan]
 [320.25383846 321.55415   ]
 [320.62034227 320.62034227]
 [320.24532621 321.31787813]
 [320.38596139 320.38596139]
 [320.04415922 321.60529697]
 [         nan          nan]
 [320.7418     320.7418    ]
 [321.35725714 321.35725714]
 [320.736936   320.736936  ]
 [320.50224545 320.50224545]
 [321.12985152 322.71963636]
 [320.924476   320.924476  ]
 [320.16728571 324.97676061]
 [320.17873299 320.86882069]
 [320.1330625  320.1330625 ]
 [319.97296    321.82534519]
 [         nan          nan]
 [319.80210851 326.95168344]
 [320.62219066 324.78423478]
 [321.50687636 321.50687636]
 [320.26935714 320.26935714]
 [321.65041346 323.64165368]
 [320.48563548 329.81366327]
 [320.47978232 320.47978232]
 [320.00273107 321.15466545]
 [323.8709     388.39296939]
 [320.16699604 324.91721111]
 [321.10242577 324.42274659]
 [320.14923684 323.83562245]
 [         nan          nan]
 [321.70778261 326.61751182]
 [         nan          nan]
 [321.17095491 321.17095491]
 [         nan          nan]
 [321.22146897 321.22146897]
 [322.10898846 322.10898846]
 [321.39116224 330.25405172]
 [320.29824898 324.995216  ]
 [320.15951753 326.553     ]
 [322.45021053 324.71741724]
 [322.429425   327.06607826]
 [320.79378119 320.79378119]
 [         nan          nan]
 [320.7925697  320.7925697 ]
 [319.8929     325.40739231]
 [320.40508163 326.46765133]
 [         nan          nan]
 [320.82869135 321.54024255]
 [320.999025   329.01507184]
 [321.9541299  324.2470819 ]
 [321.18535941 329.02034   ]
 [         nan          nan]
 [319.98712247 330.02527864]
 [321.74422105 328.79581563]]
  T: 22966
  nneurons: 428
  max_spike_rate_range: (np.float32(15638.676), np.float32(15638.676))
  neural_time_bin_size: 64.48362720403023
  unique_reward_amounts: [0.004]
  nrewards: 68
  unique_autoreward: [0.]
  unique_vr_environment: [1.]
  unique_licks: [0. 1. 2. 3. 4. 5. 6.]
  position_range: (np.float64(-50.000000000000014), np.float64(451.85043127035823))
  unique_reward_zone: [0. 1. 2. 3. 4. 5. 6.]
  unique_scanning: [1.]
  speed_range: (np.float64(-2.3537385209780752), np.float64(95.04545667067106))
  unique_teleport: [0. 1.]
  trial_length_range: (np.int64(166), np.int64(355))
  ntrials: 80
Subject m19, Session 14:
  reward_zone_positions: [[322.30821935 326.24373269]
 [320.15091845 322.16566768]
 [322.45918761 322.45918761]
 [321.74076667 321.74076667]
 [321.1294     324.05407692]
 [         nan          nan]
 [320.25510526 321.39207449]
 [320.34290426 322.04830678]
 [320.32762162 320.32762162]
 [321.072133   321.072133  ]
 [319.96224286 319.96224286]
 [         nan          nan]
 [321.9534211  324.07175   ]
 [320.1011     321.99148974]
 [321.32579286 325.55388298]
 [         nan          nan]
 [         nan          nan]
 [         nan          nan]
 [321.01958558 329.448962  ]
 [322.34230385 324.71593636]
 [320.50203158 320.50203158]
 [320.4944234  320.4944234 ]
 [321.71363846 321.71363846]
 [         nan          nan]
 [321.61559684 327.82878532]
 [321.06491538 322.94038125]
 [321.6194375  331.16099528]
 [320.28370103 321.78154674]
 [320.21111731 320.21111731]
 [319.93293636 323.02281525]
 [         nan          nan]
 [ 85.78212497 136.37732069]
 [         nan          nan]
 [ 82.08938165  92.52783213]
 [ 80.132865    87.34564317]
 [ 82.40915408  88.8135256 ]
 [ 81.91241149 100.68656495]
 [ 82.56294615  91.78972455]
 [ 81.62582165  87.67770923]
 [ 82.35804194  96.28827   ]
 [ 82.1988334   87.159725  ]
 [ 82.2673      84.76329032]
 [ 80.89205478  82.89982273]
 [ 82.300785    84.98804926]
 [ 80.34344127  82.905385  ]
 [ 80.94257458  80.94257458]
 [ 81.43206579  88.25907477]
 [ 81.69789087  84.93710734]
 [ 81.01043047  81.01043047]
 [ 80.81478699  83.77760936]
 [ 81.79474714  91.46175615]
 [ 81.8780675   86.19276365]
 [         nan          nan]
 [ 82.21748231  82.21748231]
 [ 82.15274984  83.31825977]
 [ 80.78217116  86.99362936]
 [ 80.84411279  83.57717885]
 [ 81.44088977  83.41439077]
 [ 81.86045441  83.82262706]
 [         nan          nan]
 [ 80.95984062  98.20304061]
 [ 82.09494321  99.28315732]
 [ 82.80732898  82.80732898]
 [ 80.80042691  90.67353388]
 [ 82.69002787  85.03633368]
 [         nan          nan]
 [ 81.97308117  87.33362722]
 [ 82.28652632  85.1884533 ]
 [         nan          nan]
 [ 81.27972258  87.93376515]
 [ 81.00768006  81.00768006]
 [         nan          nan]
 [ 81.72545765  87.23160885]
 [ 81.97233     84.0468018 ]
 [ 80.11659373  83.72853262]
 [ 80.86329422  80.86329422]
 [         nan          nan]
 [         nan          nan]
 [ 80.57559692  81.78138347]
 [ 80.61428165  82.45980385]]
  T: 23474
  nneurons: 589
  max_spike_rate_range: (np.float32(4726.523), np.float32(4726.523))
  neural_time_bin_size: 64.48362720403023
  unique_reward_amounts: [0.004]
  nrewards: 65
  unique_autoreward: [0.]
  unique_vr_environment: [1.]
  unique_licks: [0. 1. 2. 3. 4. 5.]
  position_range: (np.float64(-50.00000000000001), np.float64(450.2912647058823))
  unique_reward_zone: [0. 1. 2. 3. 4. 5. 6.]
  unique_scanning: [1.]
  speed_range: (np.float64(-3.7082698785885504), np.float64(82.33996754152442))
  unique_teleport: [0. 1.]
  trial_length_range: (np.int64(164), np.int64(327))
  ntrials: 80
Subject: m3, Sessions: [1, 2, 3, 4, 5, 6, 7, 8, 9, 10, 11, 12, 13, 14]
Subject m3, Session 1:
  reward_zone_positions: [[321.22478317 338.72694545]
 [320.62909794 335.7462    ]
 [320.81862857 349.32976486]
 [322.77336667 322.77336667]
 [321.14635263 324.4107866 ]
 [320.87478529 330.04382581]
 [         nan          nan]
 [321.22701429 330.348524  ]
 [321.5480433  325.59269943]
 [321.39929691 328.57525979]
 [322.84009588 331.48281489]
 [322.11568504 328.79900306]
 [322.77446118 331.92236   ]
 [322.47526667 327.39145814]
 [         nan          nan]
 [321.42619043 328.49222812]
 [         nan          nan]
 [         nan          nan]
 [323.32722727 328.35122211]
 [320.69199474 329.43660513]
 [321.73638788 321.73638788]
 [320.846      326.61480947]
 [322.90763077 334.68360937]
 [320.52762891 337.24009385]
 [321.5023027  323.63329302]
 [320.42314692 320.42314692]
 [320.5033     320.8758    ]
 [321.35121917 324.39702187]
 [319.98078409 319.98078409]
 [320.11534848 321.68807391]
 [320.17083814 320.6673    ]
 [319.73134853 319.98965934]
 [320.295      325.82748462]
 [320.24678696 321.4761277 ]
 [         nan          nan]
 [321.40552727 327.14383333]
 [319.96556364 319.96556364]
 [321.14179677 321.14179677]
 [320.22897879 325.66496   ]
 [320.09841667 322.04895979]
 [320.29838317 321.28344632]
 [319.535      319.5797    ]
 [319.7560567  320.98369381]
 [320.34882245 323.681025  ]
 [322.23535938 323.35104194]
 [320.91660174 326.55574725]
 [319.75972772 321.73871   ]
 [320.97089706 320.97089706]
 [         nan          nan]
 [321.87552547 328.57538913]
 [         nan          nan]
 [319.711412   329.19098247]
 [319.67992211 320.27603578]
 [319.84090351 320.84744194]
 [320.48545918 321.16480316]
 [320.31005152 321.64017   ]
 [         nan          nan]
 [319.64712553 319.64712553]
 [320.51780879 320.80836413]
 [319.88178235 321.82105745]
 [         nan          nan]
 [321.00404    321.00404   ]
 [320.43518571 321.24445979]
 [320.1011701  320.80310606]
 [319.95949888 319.95949888]
 [320.15770204 320.15770204]
 [320.16944022 321.07303846]
 [319.5348     319.5348    ]
 [319.57656316 319.57656316]
 [320.324996   320.67652371]
 [320.0902494  320.84820543]
 [320.521476   321.5906    ]
 [319.6246     319.6246    ]
 [319.7135     319.98939032]
 [320.1423551  320.49937095]
 [320.01024545 320.01024545]
 [320.48522012 321.84078788]
 [319.54473333 319.54473333]
 [320.20850109 321.2154787 ]
 [319.79205306 320.64145368]]
  T: 33913
  nneurons: 1052
  max_spike_rate_range: (np.float32(22544.32), np.float32(22544.32))
  neural_time_bin_size: 64.48362720403023
  unique_reward_amounts: [0.004]
  nrewards: 71
  unique_autoreward: [0.]
  unique_vr_environment: [0.]
  unique_licks: [0. 1. 2. 3. 4. 5. 6.]
  position_range: (np.float64(-50.000000000000014), np.float64(450.3810162629735))
  unique_reward_zone: [0. 1. 2. 3. 4. 5. 6.]
  unique_scanning: [1.]
  speed_range: (np.float64(-4.457052368126111), np.float64(135.5110810435912))
  unique_teleport: [0. 1.]
  trial_length_range: (np.int64(191), np.int64(1546))
  ntrials: 80
Subject m3, Session 2:
  reward_zone_positions: [[321.22899485 325.06419227]
 [         nan          nan]
 [320.41444466 322.9528875 ]
 [320.23873846 320.55049231]
 [319.840995   319.840995  ]
 [         nan          nan]
 [320.45622101 320.45622101]
 [320.33657684 320.36413333]
 [319.7137     319.7137    ]
 [319.94392035 319.94392035]
 [         nan          nan]
 [319.54545932 319.8028    ]
 [319.66364231 319.66364231]
 [320.17922051 323.36798898]
 [319.72760374 320.51618293]
 [319.6405877  319.99917364]
 [320.00816701 320.00816701]
 [319.8936304  319.8936304 ]
 [320.25780435 321.14866122]
 [         nan          nan]
 [320.56563115 320.56563115]
 [320.43589524 320.43589524]
 [         nan          nan]
 [320.00380596 321.904     ]
 [         nan          nan]
 [320.34430857 320.92110905]
 [         nan          nan]
 [         nan          nan]
 [321.52387402 328.14428479]
 [316.227      369.21095349]
 [         nan          nan]
 [320.68135217 331.9679942 ]
 [320.8758     324.57422162]
 [321.41507021 327.24735849]
 [322.79694894 323.63731895]
 [320.67879412 323.60975789]
 [320.37137623 320.37137623]
 [319.96603871 320.7574233 ]
 [319.98649533 319.98649533]
 [321.25242471 322.7979    ]
 [321.08991429 323.86748478]
 [320.53430303 320.53430303]
 [319.91711011 324.04534286]
 [319.7584     319.7584    ]
 [319.94501682 320.66420667]
 [320.001112   320.001112  ]
 [319.90377818 319.90377818]
 [319.79552326 319.79552326]
 [319.65895506 319.65895506]
 [320.26660286 320.6523    ]
 [320.03043889 320.03043889]
 [320.6842625  322.42656198]
 [321.60986117 321.60986117]
 [319.76996441 320.6525    ]
 [319.95352397 319.9816    ]
 [320.1995514  320.50920177]
 [319.94581429 319.94581429]
 [320.24878727 320.24878727]
 [320.90127087 320.90127087]
 [321.29735765 322.1272    ]
 [319.59799239 319.59799239]
 [320.19225294 321.5912    ]
 [320.1157     320.1157    ]
 [320.33413093 321.09016   ]
 [319.9074     319.9074    ]
 [319.92308421 320.2054    ]
 [320.49198636 321.91263523]
 [319.71018889 321.34453023]
 [320.00720189 320.00720189]
 [320.9208     321.75649565]
 [320.42665652 320.86123214]
 [320.17679126 321.40342241]
 [320.90006216 321.55716111]
 [320.29827358 320.4737    ]
 [319.95289358 320.25889823]
 [319.8755375  319.8755375 ]
 [320.16925161 320.94942353]
 [319.84354425 319.84354425]
 [319.663736   319.663736  ]
 [320.492125   321.10906639]]
  T: 28649
  nneurons: 917
  max_spike_rate_range: (np.float32(26586.328), np.float32(26586.328))
  neural_time_bin_size: 64.48362720403023
  unique_reward_amounts: [0.004]
  nrewards: 71
  unique_autoreward: [0.]
  unique_vr_environment: [0.]
  unique_licks: [0. 1. 2. 3. 4. 5. 6.]
  position_range: (np.float64(-50.000000000000014), np.float64(450.8396966824628))
  unique_reward_zone: [0. 1. 2. 3. 4. 5. 6.]
  unique_scanning: [1.]
  speed_range: (np.float64(-3.917241445168936), np.float64(144.52173215683072))
  unique_teleport: [0. 1.]
  trial_length_range: (np.int64(162), np.int64(774))
  ntrials: 80
Subject m3, Session 3:
  reward_zone_positions: [[321.03957143 325.10136797]
 [320.64227925 321.98389685]
 [320.46284094 321.46105714]
 [320.67413023 323.81473701]
 [321.21220106 323.18667323]
 [320.22337216 320.22337216]
 [319.95427899 319.95427899]
 [319.88070571 319.88070571]
 [321.20940561 321.20940561]
 [320.55843636 320.55843636]
 [319.80896774 320.99626484]
 [320.499475   320.92649604]
 [320.56720825 322.29020745]
 [         nan          nan]
 [319.93661485 319.93661485]
 [320.27580192 321.26061613]
 [320.18607872 320.18607872]
 [319.78082553 320.652     ]
 [319.81975294 319.81975294]
 [319.69057931 319.69057931]
 [319.70852421 319.70852421]
 [319.57240769 319.57240769]
 [320.40826923 321.29199314]
 [319.91579439 319.91579439]
 [320.67124412 320.67124412]
 [319.80474904 320.14145484]
 [319.79592308 320.38954175]
 [319.70615    321.289275  ]
 [         nan          nan]
 [320.24028261 322.26819508]
 [ 82.16431455 133.366105  ]
 [ 81.01974333 135.7636871 ]
 [ 80.49162799 100.16403702]
 [ 80.0204417   87.04355255]
 [         nan          nan]
 [         nan          nan]
 [ 81.97345515  81.97345515]
 [         nan          nan]
 [ 82.30515308  85.25564263]
 [ 80.26127347  96.52294102]
 [ 80.18374752  81.96295879]
 [ 80.9036044   80.9036044 ]
 [ 81.738449    81.738449  ]
 [ 82.61205535  93.18912683]
 [ 81.45938927  83.96794907]
 [ 80.29298158  90.13789846]
 [ 80.64410303  89.57534364]
 [ 82.19578     84.32253894]
 [         nan          nan]
 [ 80.13989111  96.59183991]
 [ 80.45771069  82.90257182]
 [ 80.92636     87.06250368]
 [ 83.07428766 106.35128947]
 [ 80.29446413  80.29446413]
 [ 81.38951927  88.51833308]
 [ 81.77179362  95.34963466]
 [ 80.4438925   80.4438925 ]
 [ 81.57312529  81.57312529]
 [ 80.7422529   88.03285155]
 [ 81.69512     81.69512   ]
 [ 81.92831117  81.92831117]
 [ 81.88784553  89.35398356]
 [ 82.03635     82.03635   ]
 [ 81.41341538  83.61892178]
 [ 81.88788612  95.29758919]
 [ 81.08781627  92.52308277]
 [ 82.31876541  82.31876541]
 [ 82.89178883  88.10843091]
 [ 80.23667286  82.40314923]
 [         nan          nan]
 [ 82.25253466  82.25253466]
 [ 83.23177788  83.23177788]
 [ 80.65077204  85.47125065]
 [         nan          nan]
 [         nan          nan]
 [ 80.34922727  80.34922727]
 [ 80.5016085   84.00345476]
 [         nan          nan]
 [ 80.09145848  83.82287   ]
 [ 82.11160579  85.57147607]]
  T: 26279
  nneurons: 1059
  max_spike_rate_range: (np.float32(22649.648), np.float32(22649.648))
  neural_time_bin_size: 64.48362720403023
  unique_reward_amounts: [0.004]
  nrewards: 70
  unique_autoreward: [0.]
  unique_vr_environment: [0.]
  unique_licks: [0. 1. 2. 3. 4. 5. 6.]
  position_range: (np.float64(-50.00000000000001), np.float64(450.05909999999255))
  unique_reward_zone: [0. 1. 2. 3. 4. 5. 6.]
  unique_scanning: [1.]
  speed_range: (np.float64(-1.8788530893225843), np.float64(126.18049802925056))
  unique_teleport: [0. 1.]
  trial_length_range: (np.int64(188), np.int64(1088))
  ntrials: 80
Subject m3, Session 4:
  reward_zone_positions: [[81.63156    81.63156   ]
 [80.03233    80.03233   ]
 [        nan         nan]
 [80.24860868 80.24860868]
 [80.9207025  80.9207025 ]
 [80.39384856 80.8351467 ]
 [80.15910204 82.03680784]
 [79.66551615 81.24214575]
 [        nan         nan]
 [80.06663327 82.30655581]
 [80.75783538 80.75783538]
 [79.70911944 81.88580481]
 [79.67816935 81.49608512]
 [80.16987512 80.16987512]
 [80.21278045 80.21278045]
 [        nan         nan]
 [80.17534455 80.39175611]
 [        nan         nan]
 [80.79731247 81.63171442]
 [81.83615129 87.4078    ]
 [80.00480231 80.00480231]
 [81.36087798 81.92582191]
 [79.93992953 80.66534789]
 [80.50011077 81.27838362]
 [80.83223263 82.28968625]
 [79.9984976  80.10602875]
 [81.64240515 87.00552   ]
 [        nan         nan]
 [80.5353335  82.01892115]
 [80.69199515 83.09005286]
 [80.75942    80.75942   ]
 [79.816032   81.65534962]
 [80.79832573 81.63593904]
 [        nan         nan]
 [80.36351937 80.36351937]
 [80.32320286 80.32320286]
 [79.90365514 79.90365514]
 [        nan         nan]
 [80.19919732 81.00669444]
 [80.05379353 81.44276766]
 [83.77084545 83.77084545]
 [80.05439364 81.5123069 ]
 [        nan         nan]
 [80.173275   81.03844951]
 [        nan         nan]
 [79.97564892 79.97564892]
 [79.87077231 80.78408817]
 [80.27723776 80.27723776]
 [80.94913612 80.94913612]
 [80.2539567  82.06038031]
 [80.10316417 81.307691  ]
 [80.48448769 81.46227947]
 [80.04956052 80.04956052]
 [80.34920412 80.82972135]
 [80.20214    82.48538182]
 [        nan         nan]
 [80.43704217 80.43704217]
 [        nan         nan]
 [81.36075159 82.15327311]
 [80.378845   81.13548152]
 [80.23934158 80.23934158]
 [79.61329742 81.38698545]
 [82.87325333 84.96840062]
 [79.83422536 80.97969615]
 [80.1363173  81.12628901]
 [80.02816192 80.12186   ]
 [        nan         nan]
 [        nan         nan]
 [79.80802776 80.92645   ]
 [80.94598625 80.94598625]
 [80.07186294 81.682615  ]
 [79.71497    80.94891699]
 [80.32173368 80.32173368]
 [79.96130905 81.41316245]
 [80.16960802 81.07921482]
 [80.29819737 81.12431714]
 [80.53772294 81.19122521]
 [        nan         nan]
 [79.91571112 80.63051524]
 [80.37931822 80.37931822]]
  T: 28319
  nneurons: 814
  max_spike_rate_range: (np.float32(21070.775), np.float32(21070.775))
  neural_time_bin_size: 64.48362720403023
  unique_reward_amounts: [0.004]
  nrewards: 66
  unique_autoreward: [0.]
  unique_vr_environment: [0.]
  unique_licks: [0. 1. 2. 3. 4. 5. 6.]
  position_range: (np.float64(-50.00000000000001), np.float64(450.9181173913029))
  unique_reward_zone: [0. 1. 2. 3. 4. 5.]
  unique_scanning: [1.]
  speed_range: (np.float64(-2.229776651162878), np.float64(120.93682382578528))
  unique_teleport: [0. 1.]
  trial_length_range: (np.int64(184), np.int64(933))
  ntrials: 80
Subject m3, Session 5:
  reward_zone_positions: [[         nan          nan]
 [ 81.12619908  81.88115453]
 [ 80.35977786  80.35977786]
 [ 80.31475596  83.10038   ]
 [ 80.09252037  80.54764802]
 [ 79.85919208  79.85919208]
 [ 79.69876825  79.69876825]
 [         nan          nan]
 [ 79.7660925   80.36322   ]
 [ 79.78787837  79.82519269]
 [ 80.26104579  80.26104579]
 [ 80.38514212  80.38514212]
 [         nan          nan]
 [ 80.60270481  80.88165   ]
 [ 80.06849839  81.10526   ]
 [ 79.67527053  79.67527053]
 [ 79.75152758  80.58713053]
 [ 80.12872369  80.30058   ]
 [ 80.67948875  83.6083    ]
 [ 79.74134019  79.80882   ]
 [ 80.26881044  80.26881044]
 [ 79.94840347  81.10441116]
 [ 79.71376798  80.10114923]
 [ 79.89826     79.89826   ]
 [ 79.35632542  79.35632542]
 [ 80.01916294  80.42636022]
 [ 79.75333789  80.02954425]
 [ 79.98796777  79.98796777]
 [ 79.72549298  79.98768   ]
 [         nan          nan]
 [201.05289231 226.09928152]
 [202.28037097 251.43241546]
 [         nan          nan]
 [200.29300323 247.10022632]
 [202.35381959 202.35381959]
 [200.08732143 210.12586809]
 [200.93895631 200.93895631]
 [200.66235217 203.01527742]
 [         nan          nan]
 [200.86398843 200.86398843]
 [201.06712857 201.06712857]
 [201.02386452 210.09229677]
 [200.66162475 202.70511807]
 [200.73691346 201.71591714]
 [199.67945361 208.84846446]
 [200.62809474 201.25665652]
 [202.48546667 205.23973673]
 [200.08125349 204.22805714]
 [200.0238072  200.0238072 ]
 [200.504711   205.04093719]
 [202.50252609 205.09288103]
 [200.24526719 204.16736772]
 [199.83905146 204.09093858]
 [199.97507188 199.97507188]
 [201.15503824 201.99345827]
 [200.64008119 201.36535758]
 [200.7440136  207.1872123 ]
 [200.96711846 200.96711846]
 [200.85840611 202.25566392]
 [201.39324257 204.5665    ]
 [         nan          nan]
 [200.37095155 208.16191032]
 [200.686093   211.32105532]
 [         nan          nan]
 [200.45937579 201.7449125 ]
 [200.99911691 200.99911691]
 [         nan          nan]
 [199.68280571 211.74696731]
 [202.83617264 202.83617264]
 [         nan          nan]
 [204.03159687 221.2844    ]
 [200.253744   200.253744  ]
 [200.61843404 200.61843404]
 [200.67486327 200.67486327]
 [201.29953579 202.70101613]
 [200.33905714 200.9904    ]
 [         nan          nan]
 [201.99497289 206.611325  ]
 [         nan          nan]
 [201.99737879 218.50809474]]
  T: 34189
  nneurons: 1022
  max_spike_rate_range: (np.float32(25592.5), np.float32(25592.5))
  neural_time_bin_size: 64.48362720403023
  unique_reward_amounts: [0.004]
  nrewards: 68
  unique_autoreward: [0.]
  unique_vr_environment: [0.]
  unique_licks: [0. 1. 2. 3. 4. 5. 6.]
  position_range: (np.float64(-50.00000000000001), np.float64(450.1385666666686))
  unique_reward_zone: [0. 1. 2. 3. 4. 5. 6.]
  unique_scanning: [1.]
  speed_range: (np.float64(-3.324478869902354), np.float64(80.95133309348148))
  unique_teleport: [0. 1.]
  trial_length_range: (np.int64(184), np.int64(1552))
  ntrials: 80
Subject m3, Session 6:
  reward_zone_positions: [[         nan          nan]
 [199.91630313 199.91630313]
 [200.03554545 202.71548033]
 [201.58169355 206.3641552 ]
 [200.32354059 200.32354059]
 [         nan          nan]
 [200.13731186 200.88397143]
 [201.15515495 201.52094   ]
 [200.62086538 200.62086538]
 [         nan          nan]
 [         nan          nan]
 [         nan          nan]
 [200.45264545 206.35214242]
 [202.36484762 203.37551017]
 [199.9559126  199.9559126 ]
 [         nan          nan]
 [199.84987692 199.84987692]
 [201.20943    204.52909398]
 [204.12827176 204.12827176]
 [202.29911667 208.166091  ]
 [201.82593523 203.3307374 ]
 [201.92724234 202.54699403]
 [201.62808889 202.23479313]
 [199.83555789 200.05723317]
 [200.5827125  203.65915639]
 [200.21704809 201.39825954]
 [200.78945    200.78945   ]
 [199.95683937 199.95683937]
 [200.56036287 202.10193898]
 [200.6925     201.98765385]
 [200.50309063 202.2701375 ]
 [200.09605743 200.09605743]
 [         nan          nan]
 [200.87235728 201.60914211]
 [201.82699579 216.29952903]
 [200.00263878 203.48194082]
 [200.50709485 200.50709485]
 [200.69498333 203.99915385]
 [200.89232039 200.89232039]
 [         nan          nan]
 [201.44388571 204.32410619]
 [200.31046735 203.47382766]
 [199.79415158 205.14576818]
 [201.74305    204.96456019]
 [200.65910345 200.65910345]
 [200.3647     202.09693143]
 [200.69171579 200.69171579]
 [200.18042653 203.45310092]
 [200.46403469 202.98437059]
 [199.85318454 199.85318454]
 [200.65850619 203.29526522]
 [         nan          nan]
 [200.44845825 200.44845825]
 [199.96759767 199.96759767]
 [199.94972857 199.94972857]
 [199.82218269 199.82218269]
 [200.45344619 200.9456    ]
 [200.6032     200.6032    ]
 [200.14820968 201.43901923]
 [         nan          nan]
 [         nan          nan]
 [201.38535    201.38535   ]
 [200.454      214.55247216]
 [         nan          nan]
 [200.79354808 201.87286452]
 [201.68311474 201.68311474]
 [200.2442198  204.06259375]
 [         nan          nan]
 [200.13471263 203.44605227]
 [200.01170526 200.01170526]
 [200.82173469 205.71818235]
 [200.52389474 200.52389474]
 [199.93030421 205.04933529]
 [         nan          nan]
 [200.99852727 202.97595345]
 [200.37521765 200.37521765]
 [201.43436316 201.43436316]
 [200.23575769 201.497845  ]
 [200.00932813 202.5996    ]
 [200.12046289 200.12046289]]
  T: 25286
  nneurons: 818
  max_spike_rate_range: (np.float32(27484.2), np.float32(27484.2))
  neural_time_bin_size: 64.48362720403023
  unique_reward_amounts: [0.004]
  nrewards: 66
  unique_autoreward: [0.]
  unique_vr_environment: [0.]
  unique_licks: [0. 1. 2. 3. 4. 5.]
  position_range: (np.float64(-50.00000000000001), np.float64(450.5103666666666))
  unique_reward_zone: [0. 1. 2. 3. 4. 5. 6.]
  unique_scanning: [1.]
  speed_range: (np.float64(-3.0689555607644405), np.float64(115.66064579306816))
  unique_teleport: [0. 1.]
  trial_length_range: (np.int64(170), np.int64(501))
  ntrials: 80
Subject m3, Session 7:
  reward_zone_positions: [[         nan          nan]
 [200.2514907  204.51330385]
 [199.72038779 201.39096744]
 [200.2756576  200.2756576 ]
 [200.4714439  200.4714439 ]
 [200.01594687 200.01594687]
 [199.82020105 199.82020105]
 [         nan          nan]
 [199.7387     199.7387    ]
 [201.80896875 203.60467273]
 [201.18060481 202.4150125 ]
 [200.34143776 200.87434253]
 [202.12561134 205.166325  ]
 [201.66506827 202.20544176]
 [200.47806923 200.47806923]
 [199.73414468 200.286475  ]
 [200.43119388 200.43119388]
 [200.80785941 200.80785941]
 [         nan          nan]
 [199.85318227 199.85318227]
 [203.61394615 203.61394615]
 [200.72783429 200.72783429]
 [200.07317353 200.07317353]
 [201.45678235 201.45678235]
 [200.35850396 200.35850396]
 [200.30571635 200.67487059]
 [200.0517     200.0517    ]
 [200.1068617  201.27014063]
 [200.55615841 200.55615841]
 [200.26537383 201.03289677]
 [320.5039929  331.41      ]
 [320.33480192 320.33480192]
 [         nan          nan]
 [320.23943455 320.23943455]
 [320.15965895 320.15965895]
 [321.22148253 321.22148253]
 [         nan          nan]
 [320.57194687 327.90634227]
 [         nan          nan]
 [322.38892308 322.38892308]
 [320.11147586 320.11147586]
 [321.44480909 323.37759326]
 [320.51602655 322.76234   ]
 [321.13835368 322.40030526]
 [322.04678261 327.98909451]
 [320.18042187 323.02678909]
 [320.21471064 327.14245161]
 [319.96320345 326.23202609]
 [322.56586    323.895238  ]
 [320.29690213 320.29690213]
 [         nan          nan]
 [320.15045625 323.9515605 ]
 [321.00265    326.66512553]
 [321.25305765 325.6143    ]
 [321.88551827 323.65033786]
 [320.51951224 320.51951224]
 [321.38705464 321.38705464]
 [320.18809091 322.6139125 ]
 [321.83794124 321.83794124]
 [321.80808757 323.09506348]
 [319.89101753 321.60407742]
 [321.60706129 323.51557288]
 [319.9295268  319.9295268 ]
 [320.92773312 327.08146797]
 [322.3578663  323.60898571]
 [322.09515918 322.09515918]
 [         nan          nan]
 [319.98940851 321.39942857]
 [320.45763191 320.45763191]
 [319.80041813 319.80041813]
 [319.88061856 322.03915106]
 [320.14483571 322.4405    ]
 [320.63414947 321.38281912]
 [         nan          nan]
 [320.81478475 320.81478475]
 [319.9166168  320.18214421]
 [320.18907603 323.62525   ]
 [320.23085    320.23085   ]
 [321.03584286 321.03584286]
 [320.36744242 320.36744242]]
  T: 25634
  nneurons: 787
  max_spike_rate_range: (np.float32(24673.812), np.float32(24673.812))
  neural_time_bin_size: 64.48362720403023
  unique_reward_amounts: [0.004]
  nrewards: 71
  unique_autoreward: [0.]
  unique_vr_environment: [0.]
  unique_licks: [0. 1. 2. 3. 4. 5. 6.]
  position_range: (np.float64(-50.000000000000014), np.float64(450.5826294117577))
  unique_reward_zone: [0. 1. 2. 3. 4. 5. 6.]
  unique_scanning: [1.]
  speed_range: (np.float64(-4.395260851860066), np.float64(109.6720469611813))
  unique_teleport: [0. 1.]
  trial_length_range: (np.int64(153), np.int64(392))
  ntrials: 80
Subject m3, Session 8:
  reward_zone_positions: [[321.50110625 321.50110625]
 [320.56367053 325.4801    ]
 [320.64851304 322.21346154]
 [320.16191923 320.16191923]
 [320.14684615 320.14684615]
 [319.8662068  320.37112526]
 [321.3708525  322.62655   ]
 [         nan          nan]
 [320.39028017 320.39028017]
 [320.071      320.071     ]
 [320.10249565 320.10249565]
 [319.93680879 319.93680879]
 [321.13600515 321.74206725]
 [         nan          nan]
 [320.25773171 320.90692463]
 [320.00584878 320.00584878]
 [319.843177   319.843177  ]
 [319.969284   320.37619524]
 [320.08854627 320.08854627]
 [         nan          nan]
 [319.76459072 321.244775  ]
 [319.83823429 319.83823429]
 [319.81150788 319.85255769]
 [319.94070426 319.94070426]
 [320.54453817 320.54453817]
 [319.49       319.49      ]
 [319.93390937 319.93390937]
 [319.89530154 319.89530154]
 [319.8923     319.8923    ]
 [         nan          nan]
 [         nan          nan]
 [202.94674094 218.48851818]
 [200.81028095 214.95983858]
 [         nan          nan]
 [202.9858626  231.58755   ]
 [201.3788536  225.0769056 ]
 [201.60942308 212.05628454]
 [202.09063906 229.79386842]
 [200.84895    211.42191591]
 [202.32090103 206.7301186 ]
 [200.52715806 202.2829022 ]
 [201.03440651 201.03440651]
 [         nan          nan]
 [205.33082151 219.865175  ]
 [201.46192371 201.46192371]
 [199.5153     199.5153    ]
 [         nan          nan]
 [         nan          nan]
 [201.71490294 201.71490294]
 [200.49030385 201.146156  ]
 [200.10147636 202.65398182]
 [200.10627732 200.10627732]
 [199.67782475 200.95733548]
 [199.92390833 199.971787  ]
 [199.77609032 200.53030577]
 [200.07079381 202.5551    ]
 [200.05964667 200.4987    ]
 [         nan          nan]
 [199.66294545 199.66294545]
 [199.892668   203.34254948]
 [200.348708   200.91368024]
 [200.2585375  200.67664894]
 [199.62892991 200.19611538]
 [202.45481087 207.19092857]
 [199.93189592 200.83499344]
 [         nan          nan]
 [200.49665652 201.71716087]
 [200.04740982 200.35886957]
 [199.7389     199.7389    ]
 [200.19602075 200.75861875]
 [199.62548163 199.62548163]
 [         nan          nan]
 [202.34915521 208.48760792]
 [200.38366364 202.6412354 ]
 [200.18290714 203.4523646 ]
 [200.08866598 203.56623208]
 [199.97898667 199.97898667]
 [         nan          nan]
 [200.44189763 200.44189763]
 [199.915912   199.915912  ]]
  T: 28443
  nneurons: 783
  max_spike_rate_range: (np.float32(24033.139), np.float32(24033.139))
  neural_time_bin_size: 64.48362720403023
  unique_reward_amounts: [0.004]
  nrewards: 67
  unique_autoreward: [0.]
  unique_vr_environment: [0. 1.]
  unique_licks: [0. 1. 2. 3. 4. 5. 6.]
  position_range: (np.float64(-50.00000000000001), np.float64(450.8130414507775))
  unique_reward_zone: [0. 1. 2. 3. 4. 5. 6.]
  unique_scanning: [1.]
  speed_range: (np.float64(-4.488246335998453), np.float64(117.86518428561864))
  unique_teleport: [0. 1.]
  trial_length_range: (np.int64(179), np.int64(1055))
  ntrials: 80
Subject m3, Session 9:
  reward_zone_positions: [[200.55640619 206.01767248]
 [200.1612871  201.80547027]
 [199.62838644 201.9293    ]
 [         nan          nan]
 [         nan          nan]
 [200.53590943 203.75266446]
 [         nan          nan]
 [202.05682647 211.58679231]
 [201.70821622 203.33674595]
 [         nan          nan]
 [200.72577964 200.72577964]
 [200.2454     201.61231304]
 [         nan          nan]
 [200.61065    200.61065   ]
 [200.79731368 204.254545  ]
 [         nan          nan]
 [200.65728583 200.65728583]
 [         nan          nan]
 [200.66913053 201.83107805]
 [201.35673305 201.35673305]
 [199.88933382 199.88933382]
 [200.00484622 200.00484622]
 [199.72597025 202.40517222]
 [199.60940825 200.93063393]
 [202.73344803 205.29143663]
 [200.03957797 200.06833256]
 [204.41261475 213.53702683]
 [200.77711553 260.82378818]
 [200.07181493 200.07181493]
 [200.1114     200.74258403]
 [200.10168261 200.10168261]
 [200.62593852 200.62593852]
 [199.767208   199.767208  ]
 [         nan          nan]
 [         nan          nan]
 [         nan          nan]
 [201.03320593 208.56306512]
 [199.78231058 200.67323902]
 [201.03649565 201.03649565]
 [200.13889926 200.13889926]
 [200.16586207 200.16586207]
 [202.58215526 202.58215526]
 [200.65340459 201.38008049]
 [         nan          nan]
 [200.97627727 201.38638373]
 [199.80252105 200.79224375]
 [         nan          nan]
 [199.81848261 204.94791005]
 [         nan          nan]
 [200.12451774 205.04702083]
 [200.12781905 201.86268824]
 [200.29345192 200.29345192]
 [202.49488621 214.23344599]
 [200.06483584 200.1408    ]
 [200.05531573 200.05531573]
 [199.5598     199.5598    ]
 [199.7373177  199.82788991]
 [200.2362299  203.14851531]
 [199.81579231 200.40176346]
 [199.95042679 204.45122105]
 [199.68566604 201.06052814]
 [200.64217736 205.30990874]
 [200.10511412 200.10511412]
 [199.99344615 200.72349024]
 [200.58278904 202.13887705]
 [199.98529873 208.31707033]
 [199.85007273 203.53730082]
 [200.18953846 209.03841923]
 [201.36087143 202.30361026]
 [199.98279709 200.97242979]
 [200.44705135 201.3035    ]
 [200.1353759  201.04473211]
 [199.69056163 201.41456696]
 [199.69282286 199.69282286]
 [199.6049     199.6049    ]
 [         nan          nan]
 [201.46554706 205.6569565 ]
 [201.82902703 205.76648099]
 [         nan          nan]
 [199.968211   201.15851034]]
  T: 26431
  nneurons: 768
  max_spike_rate_range: (np.float32(26573.064), np.float32(26573.064))
  neural_time_bin_size: 64.48362720403023
  unique_reward_amounts: [0.004]
  nrewards: 65
  unique_autoreward: [0.]
  unique_vr_environment: [1.]
  unique_licks: [0. 1. 2. 3. 4. 5. 6.]
  position_range: (np.float64(-50.000000000000014), np.float64(450.3466616372387))
  unique_reward_zone: [0. 1. 2. 3. 4. 5. 6.]
  unique_scanning: [1.]
  speed_range: (np.float64(-2.223855009589626), np.float64(132.88441589820468))
  unique_teleport: [0. 1.]
  trial_length_range: (np.int64(168), np.int64(829))
  ntrials: 80
Subject m3, Session 10:
  reward_zone_positions: [[199.95733654 201.23951429]
 [200.53572609 200.53572609]
 [200.06716742 208.90908571]
 [200.92394675 204.12477579]
 [200.70203667 202.0634    ]
 [200.50051923 200.50051923]
 [200.7372     201.1709454 ]
 [200.38629038 201.22687143]
 [199.79771579 201.68518197]
 [200.55986809 206.00954227]
 [200.33193235 200.33193235]
 [200.20696058 200.20696058]
 [201.20322703 201.91561633]
 [200.08362258 200.38101471]
 [200.04656915 200.04656915]
 [200.24007857 200.24007857]
 [200.28598966 201.00639024]
 [200.28531538 201.02423295]
 [         nan          nan]
 [200.78748403 203.14054161]
 [200.42533858 202.88854758]
 [200.19288437 204.13854609]
 [200.37479355 200.37479355]
 [200.0695381  200.0695381 ]
 [200.27613953 200.27613953]
 [200.71252188 201.57312634]
 [         nan          nan]
 [201.98983953 203.57368947]
 [200.78358969 215.89759388]
 [199.7556625  199.7556625 ]
 [ 87.30561    133.43539   ]
 [ 87.48148222 133.73530227]
 [ 84.45361287 137.45804615]
 [ 86.10872791 128.11034286]
 [         nan          nan]
 [ 85.13796771 133.19254275]
 [ 84.12056619 110.77428504]
 [ 86.22007714 123.36247477]
 [ 84.10001    110.47977273]
 [         nan          nan]
 [ 81.138635    99.544754  ]
 [ 88.28856969 104.3789    ]
 [ 84.89770308  90.92635769]
 [ 81.74971105  98.89052408]
 [ 80.81618537  80.81618537]
 [ 80.89026313  83.00693531]
 [ 80.06484909  86.45060585]
 [ 81.79862386  81.79862386]
 [ 80.8368825   80.8368825 ]
 [         nan          nan]
 [ 81.84358224  81.84358224]
 [         nan          nan]
 [ 82.30123481  83.68780589]
 [         nan          nan]
 [         nan          nan]
 [ 82.15979714  90.73319909]
 [ 80.40133488  80.40133488]
 [ 85.18863303 100.6941617 ]
 [ 79.57542895  80.44739143]
 [         nan          nan]
 [ 81.23746077  82.64165042]
 [ 80.83979316  80.83979316]
 [ 83.45436414  88.8620421 ]
 [ 82.62045355 100.19368679]
 [ 81.47421062  83.31098419]
 [         nan          nan]
 [ 81.39124784  81.39124784]
 [ 81.9919107   96.10530286]
 [ 82.58340577  84.50714832]
 [         nan          nan]
 [         nan          nan]
 [ 80.67010144  90.06947927]
 [ 82.59480592  86.99093408]
 [ 81.4895      83.99596654]
 [         nan          nan]
 [ 81.719705    83.99318769]
 [ 80.26675143  80.26675143]
 [         nan          nan]
 [ 80.23738412  80.23738412]
 [ 80.44495586  80.44495586]
 [ 80.00759012  81.92353385]
 [ 80.22927021  80.98627607]
 [ 80.36171367  80.36171367]
 [ 80.70186875  80.70186875]
 [         nan          nan]
 [ 80.54357913  81.4907922 ]
 [         nan          nan]
 [ 84.67514928 158.51666   ]
 [ 81.68865464  98.7108269 ]
 [ 86.018574   111.40260847]]
  T: 26428
  nneurons: 930
  max_spike_rate_range: (np.float32(26517.303), np.float32(26517.303))
  neural_time_bin_size: 64.48362720403023
  unique_reward_amounts: [0.004]
  nrewards: 73
  unique_autoreward: [0.]
  unique_vr_environment: [1.]
  unique_licks: [0. 1. 2. 3. 4. 5. 6.]
  position_range: (np.float64(-50.000000000000014), np.float64(450.4447322033921))
  unique_reward_zone: [0. 1. 2. 3. 4. 5. 6.]
  unique_scanning: [1.]
  speed_range: (np.float64(-2.5803510181125984), np.float64(121.30536492385248))
  unique_teleport: [0. 1.]
  trial_length_range: (np.int64(135), np.int64(739))
  ntrials: 90
Subject m3, Session 11:
  reward_zone_positions: [[80.3192725  82.67291055]
 [82.05963692 85.56400639]
 [80.1420632  83.02019551]
 [80.71199649 82.71497844]
 [80.73588504 81.58364256]
 [80.59367814 83.40067129]
 [81.6862     92.45962309]
 [82.46552844 88.38773496]
 [79.76856574 79.76856574]
 [79.98761    81.60776694]
 [80.177278   80.77127509]
 [80.48388515 80.48388515]
 [        nan         nan]
 [80.14709865 80.14709865]
 [80.1391704  80.1391704 ]
 [81.14507474 85.17808143]
 [81.28383    82.35145421]
 [80.76824357 80.76824357]
 [80.13080202 80.13080202]
 [80.72922869 80.72922869]
 [80.77028612 88.57754851]
 [80.34662194 85.17653421]
 [81.01572    82.90397168]
 [79.75780429 79.75780429]
 [79.93353905 80.87896723]
 [79.70460667 79.70460667]
 [81.26103333 81.26103333]
 [        nan         nan]
 [83.41180108 85.54377392]
 [81.57249652 83.53770105]
 [83.22391    88.311674  ]
 [80.45827942 81.5816542 ]
 [80.0971795  80.0971795 ]
 [        nan         nan]
 [80.60746455 80.60746455]
 [79.94253991 80.328264  ]
 [81.54814588 83.51693652]
 [80.80757301 83.97082779]
 [80.8312925  80.8312925 ]
 [80.7265966  80.7265966 ]
 [80.35415    81.33865469]
 [80.38053936 80.38053936]
 [80.40419579 80.40419579]
 [79.8626     79.8626    ]
 [80.63045052 80.63045052]
 [79.77821579 80.46570565]
 [79.96848286 80.38995   ]
 [80.87970787 80.87970787]
 [81.21944732 81.21944732]
 [        nan         nan]
 [80.12935627 80.12935627]
 [        nan         nan]
 [80.88840273 80.88840273]
 [80.91872134 83.16516814]
 [82.73218    86.15802449]
 [80.43467    80.43467   ]
 [85.11545526 90.09758391]
 [81.0530268  81.0530268 ]
 [80.43119154 81.12426023]
 [        nan         nan]
 [80.02905154 80.55363524]
 [        nan         nan]
 [80.23716484 80.23716484]
 [80.88826745 85.633025  ]
 [80.03233    80.03233   ]
 [79.83873466 84.1726275 ]
 [79.85159652 80.88553696]
 [79.66267797 79.66267797]
 [        nan         nan]
 [79.74529895 81.18372548]
 [        nan         nan]
 [82.0572     82.0572    ]
 [81.97641266 84.84503   ]
 [80.34043071 83.20693303]
 [79.98507115 81.13991667]
 [79.79338184 79.79338184]
 [80.61479709 80.61479709]
 [80.16647    80.16647   ]
 [79.7183525  79.71947   ]
 [80.18376323 82.25952066]]
  T: 24981
  nneurons: 1000
  max_spike_rate_range: (np.float32(18096.703), np.float32(18096.703))
  neural_time_bin_size: 64.48362720403023
  unique_reward_amounts: [0.004]
  nrewards: 71
  unique_autoreward: [0.]
  unique_vr_environment: [1.]
  unique_licks: [0. 1. 2. 3. 4. 5. 6.]
  position_range: (np.float64(-50.000000000000014), np.float64(450.6629684039088))
  unique_reward_zone: [0. 1. 2. 3. 4. 5. 6.]
  unique_scanning: [1.]
  speed_range: (np.float64(-4.045885626403167), np.float64(106.78572836406796))
  unique_teleport: [0. 1.]
  trial_length_range: (np.int64(172), np.int64(680))
  ntrials: 80
Subject m3, Session 12:
  reward_zone_positions: [[ 81.71963301  82.79467393]
 [ 80.25588     80.25588   ]
 [ 80.20031562  80.20031562]
 [ 79.97032735  79.97032735]
 [ 79.67761316  79.67761316]
 [ 80.47935     80.47935   ]
 [ 80.50713476  80.50713476]
 [ 80.2149066   80.2149066 ]
 [ 79.7984483   80.30062   ]
 [ 80.43933526  80.43933526]
 [ 79.99744915  80.728736  ]
 [ 81.23657503  81.23657503]
 [ 79.85442515  79.85442515]
 [ 80.13891915  81.42283439]
 [ 79.83473244  80.16642   ]
 [ 79.68158184  79.68158184]
 [         nan          nan]
 [ 80.45583616  80.45583616]
 [         nan          nan]
 [         nan          nan]
 [ 79.97913571  79.97913571]
 [ 81.12698388  82.06342439]
 [         nan          nan]
 [         nan          nan]
 [ 83.44044694  94.76516335]
 [ 79.63336111  79.63336111]
 [ 82.45535649  94.21802744]
 [ 79.92460682  80.56687551]
 [         nan          nan]
 [ 81.16014346  81.16014346]
 [322.09896804 376.4000792 ]
 [324.742603   377.548948  ]
 [321.8445     371.61330909]
 [322.50986289 370.85258605]
 [         nan          nan]
 [325.98892857 358.78427885]
 [323.10524687 323.10524687]
 [         nan          nan]
 [322.444225   327.28270076]
 [321.94594923 325.56520937]
 [321.04576    321.04576   ]
 [322.42507056 327.41857863]
 [321.27410937 327.74113883]
 [320.60273333 321.9951625 ]
 [321.59924563 321.59924563]
 [         nan          nan]
 [         nan          nan]
 [320.80980962 320.80980962]
 [321.22644211 323.51830857]
 [321.58846327 332.96807097]
 [321.49685579 332.09969808]
 [321.13259519 322.6103    ]
 [320.90658571 327.45003786]
 [         nan          nan]
 [         nan          nan]
 [321.04260909 328.05838065]
 [323.18836538 323.18836538]
 [320.02841871 322.1440625 ]
 [321.36499588 324.1117932 ]
 [320.82375437 320.82375437]
 [319.71548211 325.29919787]
 [321.47044706 321.47044706]
 [322.101425   322.101425  ]
 [320.37041633 320.37041633]
 [321.53474082 322.76725385]
 [321.26866442 322.47209677]
 [320.52226827 321.70683696]
 [320.96970526 320.96970526]
 [320.79175882 320.79175882]
 [321.38473265 328.20790194]
 [320.38840825 322.12457065]
 [         nan          nan]
 [321.21860408 321.21860408]
 [321.58780714 328.08010851]
 [         nan          nan]
 [322.24389703 322.24389703]
 [         nan          nan]
 [320.21293171 328.91853939]
 [320.59751895 323.83684944]
 [322.42691633 322.42691633]]
  T: 25645
  nneurons: 1030
  max_spike_rate_range: (np.float32(25063.102), np.float32(25063.102))
  neural_time_bin_size: 64.48362720403023
  unique_reward_amounts: [0.004]
  nrewards: 65
  unique_autoreward: [0.]
  unique_vr_environment: [1.]
  unique_licks: [0. 1. 2. 3. 4. 5. 6.]
  position_range: (np.float64(-50.00000000000001), np.float64(450.2162622448968))
  unique_reward_zone: [0. 1. 2. 3. 4. 5. 6.]
  unique_scanning: [1.]
  speed_range: (np.float64(-3.462159141571474), np.float64(133.1258044271998))
  unique_teleport: [0. 1.]
  trial_length_range: (np.int64(131), np.int64(324))
  ntrials: 80
Subject m3, Session 13:
  reward_zone_positions: [[321.269025   321.269025  ]
 [319.91970443 319.91970443]
 [         nan          nan]
 [         nan          nan]
 [320.64552308 322.17918438]
 [321.34633942 321.34633942]
 [320.35738473 329.19053857]
 [320.32246105 324.28430345]
 [319.86676098 319.86676098]
 [321.73571765 375.44303913]
 [320.55883173 320.55883173]
 [320.16608283 323.40445865]
 [         nan          nan]
 [320.08204286 323.96899615]
 [319.94713333 319.94713333]
 [322.85914362 395.40342857]
 [         nan          nan]
 [320.90122673 396.74183333]
 [320.68994211 397.97316186]
 [322.92026061 356.44621087]
 [320.49305464 320.49305464]
 [319.97910625 327.0427297 ]
 [319.96708171 321.21236471]
 [321.1706191  325.16184231]
 [323.920964   347.20110714]
 [320.628609   326.14831333]
 [321.01495769 321.4568    ]
 [321.76827282 323.1105    ]
 [321.32499387 338.90567647]
 [320.30212376 324.13275946]
 [319.904122   319.904122  ]
 [320.05885745 321.79578318]
 [         nan          nan]
 [         nan          nan]
 [320.67085937 324.36750526]
 [322.39445806 324.0717283 ]
 [321.13411845 321.13411845]
 [320.55938427 320.55938427]
 [320.94603789 320.94603789]
 [321.869334   323.44656699]
 [321.0772     321.0772    ]
 [320.22909684 320.22909684]
 [         nan          nan]
 [326.53095    357.41145204]
 [326.57600106 355.34595667]
 [319.88519149 321.21796875]
 [322.23430909 330.64242871]
 [322.38225474 329.54409574]
 [320.47540606 321.70081818]
 [321.21588866 324.740115  ]
 [322.39428077 324.23117766]
 [320.28595172 320.28595172]
 [323.40944426 326.58357727]
 [321.34809474 321.34809474]
 [320.20930426 342.4227882 ]
 [320.979504   324.65620485]
 [321.94415424 321.94415424]
 [322.77251154 356.572875  ]
 [326.91192772 326.91192772]
 [321.58830723 395.42322941]
 [320.6671     320.6671    ]
 [321.33664526 321.33664526]
 [322.69359505 330.84780706]
 [320.88736316 320.88736316]
 [320.537968   327.00993814]
 [322.77176452 325.43135567]
 [322.08184894 322.08184894]
 [319.87278416 322.18615385]
 [321.927938   333.13641908]
 [321.3056     323.8609875 ]
 [320.10865    321.76183739]
 [319.8955764  322.31373697]
 [321.38916442 326.06664632]
 [         nan          nan]
 [320.21290851 323.70417059]
 [319.66857019 320.08789521]
 [         nan          nan]
 [320.96965532 324.65794242]
 [321.20968957 321.20968957]
 [325.88415758 334.05693093]]
  T: 18139
  nneurons: 980
  max_spike_rate_range: (np.float32(23094.094), np.float32(23094.094))
  neural_time_bin_size: 64.48362720403023
  unique_reward_amounts: [0.004]
  nrewards: 67
  unique_autoreward: [0.]
  unique_vr_environment: [1.]
  unique_licks: [0. 1. 2. 3. 4. 5. 6.]
  position_range: (np.float64(-50.000000000000014), np.float64(450.76949844479))
  unique_reward_zone: [0. 1. 2. 3. 4. 5. 6.]
  unique_scanning: [1.]
  speed_range: (np.float64(-1.1454261775537529), np.float64(107.47475209465776))
  unique_teleport: [0. 1.]
  trial_length_range: (np.int64(113), np.int64(504))
  ntrials: 80
Subject m3, Session 14:
  reward_zone_positions: [[320.11478144 324.16638302]
 [320.1158     320.1158    ]
 [320.33029706 320.33029706]
 [320.10127864 321.0469268 ]
 [321.39213061 321.39213061]
 [319.93243878 319.93243878]
 [320.32220769 321.05797184]
 [         nan          nan]
 [321.19106705 321.19106705]
 [323.10292222 327.08047404]
 [321.77215263 323.82808879]
 [324.89489417 328.79674045]
 [320.49337234 321.04633365]
 [320.37567353 321.42518293]
 [         nan          nan]
 [320.78026923 320.78026923]
 [322.56497636 326.50734673]
 [320.33797228 322.40075769]
 [         nan          nan]
 [320.95777158 320.95777158]
 [322.0737     322.0737    ]
 [320.03858144 321.08433258]
 [319.94651053 325.53652927]
 [         nan          nan]
 [         nan          nan]
 [321.23593673 322.488425  ]
 [320.73388835 321.95459072]
 [322.03713871 336.92514348]
 [         nan          nan]
 [320.66282364 326.71740408]
 [208.50192449 243.71371442]
 [202.18330303 256.57143069]
 [203.05593226 203.05593226]
 [205.427075   225.32315143]
 [205.43852553 258.12135731]
 [204.6915697  213.00996757]
 [200.433191   207.72752857]
 [202.9889625  214.99504956]
 [200.43528846 200.43528846]
 [203.67513673 203.67513673]
 [201.30267222 203.58958571]
 [202.37133333 206.93810323]
 [201.63018738 203.23731724]
 [         nan          nan]
 [201.332902   203.2404    ]
 [199.98255882 208.33564071]
 [         nan          nan]
 [200.31322308 201.03459421]
 [201.648484   236.19704682]
 [202.38724036 203.98993814]
 [203.01737308 206.73458041]
 [201.53308491 201.88497553]
 [202.79048555 202.79048555]
 [201.50310099 203.79522832]
 [200.14077019 200.14077019]
 [201.10396923 201.9292    ]
 [199.96143871 205.16634516]
 [204.21053537 207.19135773]
 [200.3647     200.68818684]
 [207.22120947 228.29876154]
 [199.77352874 199.77352874]
 [202.80224688 231.2021125 ]
 [200.61825152 202.165165  ]
 [201.3169198  206.92584464]
 [201.11476667 205.32302036]
 [201.06149412 201.92873918]
 [200.23397073 200.23397073]
 [200.1859     200.1859    ]
 [200.34728866 203.8235541 ]
 [199.78416082 199.78416082]
 [200.43306471 200.43306471]
 [199.6285766  199.6285766 ]
 [200.34065966 201.57548696]
 [         nan          nan]
 [201.69648641 209.2373044 ]
 [203.50599091 203.50599091]
 [199.79450244 199.9624    ]
 [200.16467879 200.16467879]
 [         nan          nan]
 [201.86484375 204.68071475]
 [199.91941923 200.66221148]
 [199.81726277 201.93335714]
 [200.398225   202.60603543]
 [203.84033564 225.18926429]
 [200.07536471 206.11672683]
 [203.95339423 209.67219355]
 [201.675851   201.675851  ]
 [200.2323703  200.2323703 ]
 [         nan          nan]
 [201.16415323 201.16415323]
 [200.07828916 201.05765   ]
 [         nan          nan]
 [200.63984622 200.70258454]
 [201.15258293 203.18694198]
 [201.40734154 202.34251908]
 [199.96331224 199.96331224]
 [200.55244    200.55244   ]
 [201.94771479 205.43035116]
 [200.12341122 200.12341122]
 [199.65259286 201.54585814]]
  T: 22903
  nneurons: 1050
  max_spike_rate_range: (np.float32(23786.328), np.float32(23786.328))
  neural_time_bin_size: 64.48362720403023
  unique_reward_amounts: [0.004]
  nrewards: 88
  unique_autoreward: [0.]
  unique_vr_environment: [1.]
  unique_licks: [0. 1. 2. 3. 4. 5. 6.]
  position_range: (np.float64(-50.00000000000001), np.float64(450.4004079999983))
  unique_reward_zone: [0. 1. 2. 3. 4. 5. 6.]
  unique_scanning: [1.]
  speed_range: (np.float64(-1.2081957857379395), np.float64(114.48187264809346))
  unique_teleport: [0. 1.]
  trial_length_range: (np.int64(114), np.int64(216))
  ntrials: 100
Subject: m4, Sessions: [1, 2, 3, 4, 5, 6, 7, 8, 9, 10, 11, 12, 13, 14]
Subject m4, Session 1:
  reward_zone_positions: [[200.2534994  251.12840625]
 [200.38830206 200.38830206]
 [201.393      205.93950577]
 [200.44732308 207.49616923]
 [         nan          nan]
 [202.45272857 204.28874423]
 [201.04807143 214.70648763]
 [201.25067273 203.91897795]
 [201.19185    203.23924545]
 [         nan          nan]
 [199.78531923 201.30931074]
 [         nan          nan]
 [202.40478529 212.1033776 ]
 [202.64983828 245.84063953]
 [200.0674344  201.22533488]
 [201.77790769 210.78189531]
 [202.14892835 208.52978088]
 [200.41682727 201.01063107]
 [200.13807059 201.59195312]
 [199.82605096 200.38629903]
 [200.23002909 203.0911    ]
 [200.05898824 201.10602   ]
 [200.114674   204.06137907]
 [199.88911915 204.2079    ]
 [199.75647669 204.75742   ]
 [199.98958866 201.61223254]
 [199.96765329 201.10403494]
 [         nan          nan]
 [         nan          nan]
 [199.97371748 200.45120124]
 [         nan          nan]
 [         nan          nan]
 [         nan          nan]
 [199.86786706 200.37668378]
 [200.70171837 204.43712581]
 [200.24959381 200.24959381]
 [200.71916154 214.76226827]
 [         nan          nan]
 [199.6038     199.6038    ]
 [201.00796159 208.13866214]
 [200.30267187 207.34172967]
 [199.7330759  199.7330759 ]
 [201.84848125 201.84848125]
 [199.83969268 199.83969268]
 [202.33977216 211.625375  ]
 [200.8465697  208.54657885]
 [200.33961818 202.83207857]
 [200.903274   204.16924248]
 [         nan          nan]
 [200.21740606 204.42882816]
 [         nan          nan]
 [200.09805029 201.68969712]
 [202.10334375 209.04001573]
 [         nan          nan]
 [200.93103304 201.58765728]
 [201.92459752 275.37128914]
 [200.71060909 204.18876923]
 [201.28949565 207.2154619 ]
 [199.9416168  199.9416168 ]
 [         nan          nan]
 [         nan          nan]
 [200.7671     210.13905673]
 [201.542992   218.88446047]
 [199.90867619 212.5112381 ]
 [200.1135072  203.7621    ]
 [201.01866744 201.01866744]
 [201.01377664 201.6708542 ]
 [200.7701381  208.73686641]
 [200.03412015 201.16236977]
 [200.589194   200.589194  ]
 [200.7225     205.20355979]
 [199.7831     237.23139641]
 [200.72185743 202.33355046]
 [200.12087857 202.28376214]
 [202.00149053 206.90495385]
 [199.80673558 208.49026667]
 [201.38655288 201.38655288]
 [200.02935    200.02935   ]
 [200.01149808 201.32887027]
 [200.85139223 201.45016442]]
  T: 40879
  nneurons: 983
  max_spike_rate_range: (np.float32(20545.555), np.float32(20545.555))
  neural_time_bin_size: 64.48362720403023
  unique_reward_amounts: [0.004]
  nrewards: 65
  unique_autoreward: [0.]
  unique_vr_environment: [0.]
  unique_licks: [0. 1. 2. 3. 4. 5. 6.]
  position_range: (np.float64(-50.000000000000014), np.float64(450.8498625))
  unique_reward_zone: [0. 1. 2. 3. 4. 5. 6.]
  unique_scanning: [1.]
  speed_range: (np.float64(-1.879104197848669), np.float64(53.87961918794148))
  unique_teleport: [0. 1.]
  trial_length_range: (np.int64(214), np.int64(916))
  ntrials: 80
Subject m4, Session 2:
  reward_zone_positions: [[         nan          nan]
 [201.14608571 202.5097359 ]
 [200.61628218 200.61628218]
 [200.03064024 200.03064024]
 [200.28036667 203.39190323]
 [         nan          nan]
 [199.65505882 206.0250375 ]
 [200.73689592 204.532975  ]
 [200.31619574 204.47538077]
 [         nan          nan]
 [201.46984875 204.7311384 ]
 [200.22736154 200.22736154]
 [         nan          nan]
 [         nan          nan]
 [200.33105484 202.6971564 ]
 [200.09115581 201.05475827]
 [201.00284674 203.81391136]
 [200.73608367 202.86638434]
 [201.49297108 205.74133838]
 [200.78897447 203.01584526]
 [         nan          nan]
 [200.44460594 200.44460594]
 [         nan          nan]
 [         nan          nan]
 [200.44177481 200.44177481]
 [200.62887638 200.62887638]
 [200.85306154 207.17014694]
 [201.17767778 202.90135821]
 [200.0439328  203.47846136]
 [200.32490526 200.32490526]
 [200.330928   202.19933256]
 [199.6586093  200.18634385]
 [199.98123478 199.98123478]
 [200.24411489 204.92339392]
 [200.4851802  200.79313883]
 [200.12606455 200.77033846]
 [200.26255758 206.98353846]
 [200.80652421 204.66923402]
 [200.27791522 202.08191154]
 [200.37791395 204.70201923]
 [200.41907812 202.93914808]
 [200.22339032 207.53612913]
 [199.63401068 199.63401068]
 [200.43658085 203.49366082]
 [199.80717368 199.80717368]
 [199.62803942 199.62803942]
 [200.5144233  201.29062857]
 [200.816664   205.91630294]
 [199.80756923 200.56021376]
 [200.24095158 202.96706207]
 [201.21492165 203.47329348]
 [200.50817857 204.10124808]
 [199.81468511 201.85583269]
 [200.10117379 201.53714393]
 [200.92905102 202.15662051]
 [199.70387813 200.59626635]
 [200.979125   203.81069808]
 [200.33521379 205.36273739]
 [200.0571875  204.13546809]
 [200.36782872 202.659     ]
 [199.96410606 199.96410606]
 [200.02635464 203.34667143]
 [200.46996429 200.46996429]
 [199.94675217 202.13667097]
 [199.99539519 199.99539519]
 [201.70555743 216.12861651]
 [201.17291262 207.25966415]
 [200.14549063 205.62403438]
 [199.9312398  199.9312398 ]
 [200.81577    201.78996132]
 [200.281905   202.32977455]
 [200.48247959 205.5053    ]
 [200.63776667 207.2442088 ]
 [200.064416   204.08761951]
 [200.013952   201.616     ]
 [         nan          nan]
 [200.82143663 201.761575  ]
 [199.9698193  199.9698193 ]
 [201.03243505 203.03109048]
 [200.45719802 200.45719802]]
  T: 34984
  nneurons: 926
  max_spike_rate_range: (np.float32(14124.919), np.float32(14124.919))
  neural_time_bin_size: 64.48362720403023
  unique_reward_amounts: [0.004]
  nrewards: 71
  unique_autoreward: [0.]
  unique_vr_environment: [0.]
  unique_licks: [0. 1. 2. 3. 4. 5. 6.]
  position_range: (np.float64(-50.000000000000014), np.float64(450.5196695081959))
  unique_reward_zone: [0. 1. 2. 3. 4. 5. 6.]
  unique_scanning: [1.]
  speed_range: (np.float64(-6.447201917810983), np.float64(55.707451112772944))
  unique_teleport: [0. 1.]
  trial_length_range: (np.int64(235), np.int64(965))
  ntrials: 80
Subject m4, Session 3:
  reward_zone_positions: [[200.50397216 205.92118889]
 [200.6106069  205.89526538]
 [199.87044681 206.07503059]
 [201.25236279 205.00910192]
 [200.76212421 203.1215    ]
 [200.34382632 203.07144423]
 [200.61773437 202.69636887]
 [200.73069615 201.89493135]
 [200.68996686 201.46360568]
 [200.59351818 200.59351818]
 [200.79816535 209.39835769]
 [199.99884022 199.99884022]
 [201.25804038 203.46334071]
 [200.09233636 200.09233636]
 [200.24549592 200.24549592]
 [200.0607125  201.92306923]
 [201.45791818 201.45791818]
 [200.84294615 203.87786701]
 [200.18213173 201.21961852]
 [         nan          nan]
 [199.8728     199.8728    ]
 [199.95066538 200.3402931 ]
 [199.75580909 203.28946311]
 [200.73686517 203.68678557]
 [199.64157273 200.48972264]
 [200.47245192 201.69188421]
 [200.11079492 200.11079492]
 [199.92761765 200.7217    ]
 [199.82093171 199.82093171]
 [199.6659625  199.6659625 ]
 [ 79.71938    130.5794618 ]
 [ 81.90023947 131.28793659]
 [ 80.04531     87.55593871]
 [         nan          nan]
 [ 84.06279842 106.33542913]
 [ 81.39140192  82.11417754]
 [         nan          nan]
 [ 81.15570471  86.26954194]
 [ 82.37787368  85.69941187]
 [ 81.70970161  93.99099049]
 [         nan          nan]
 [ 80.28202585  80.28202585]
 [ 81.76285579  84.90456   ]
 [ 79.91024625  79.91024625]
 [ 79.69950611  79.69950611]
 [ 80.17824132  81.24095923]
 [ 81.50265656  84.35444526]
 [ 80.66542142  83.92397388]
 [ 80.65113702  82.21162154]
 [ 81.35990605  83.18134055]
 [ 80.10212163  80.10212163]
 [ 80.79466333  81.95817795]
 [ 79.79084711  82.04404   ]
 [ 80.1273975   84.02989714]
 [         nan          nan]
 [ 79.97272796  82.75184233]
 [ 80.07434625  82.44627   ]
 [ 79.76241652  79.76241652]
 [ 79.88073059  82.57255346]
 [ 80.91029571  83.23670125]
 [         nan          nan]
 [ 80.37683545  80.86800364]
 [ 79.99029047  79.99029047]
 [ 80.00488692  80.447216  ]
 [ 79.90125375  82.89982712]
 [ 80.22663737  87.96902333]
 [ 79.92396358  79.92396358]
 [         nan          nan]
 [ 81.00731146  88.7528851 ]
 [         nan          nan]
 [ 80.26184072  80.26184072]
 [ 80.57975694  81.69228856]
 [ 80.31102577  81.706535  ]
 [         nan          nan]
 [ 80.0246648   83.63866654]]
  T: 40272
  nneurons: 1031
  max_spike_rate_range: (np.float32(16346.484), np.float32(16346.484))
  neural_time_bin_size: 64.48362720403023
  unique_reward_amounts: [0.004]
  nrewards: 66
  unique_autoreward: [0.]
  unique_vr_environment: [0.]
  unique_licks: [0. 1. 2. 3. 4. 5. 6.]
  position_range: (np.float64(-50.000000000000014), np.float64(450.2829))
  unique_reward_zone: [0. 1. 2. 3. 4. 5. 6.]
  unique_scanning: [1.]
  speed_range: (np.float64(-3.485581086535261), np.float64(54.42551423696552))
  unique_teleport: [0. 1.]
  trial_length_range: (np.int64(268), np.int64(1643))
  ntrials: 75
Subject m4, Session 4:
  reward_zone_positions: [[82.252552   87.8846475 ]
 [80.2392301  81.78244692]
 [79.94818769 80.34308242]
 [80.6102011  85.75380667]
 [        nan         nan]
 [        nan         nan]
 [79.86379941 81.21562443]
 [79.91783464 80.1722675 ]
 [81.2452941  85.70538297]
 [79.67487    79.67487   ]
 [        nan         nan]
 [79.58543    79.58543   ]
 [80.07876923 80.97244605]
 [80.16514095 88.03379   ]
 [81.38092782 82.17804   ]
 [79.84518441 79.84518441]
 [        nan         nan]
 [79.7254907  79.7254907 ]
 [80.17846925 80.17846925]
 [        nan         nan]
 [80.10638184 80.10638184]
 [80.28601368 81.41811   ]
 [79.82676    80.51107058]
 [80.81599592 80.81599592]
 [80.42885269 80.42885269]
 [80.15471765 81.01586   ]
 [79.71959    79.74483235]
 [80.42864879 81.13881559]
 [79.80918    82.23112727]
 [79.67488    79.67488   ]
 [80.16909105 80.16909105]
 [79.54390577 80.33884288]
 [81.101655   88.76950709]
 [        nan         nan]
 [79.89261294 80.1821333 ]
 [79.8454198  81.4118208 ]
 [79.84040643 79.84040643]
 [79.63260351 79.63260351]
 [80.02578667 80.95311879]
 [79.95722667 83.2824552 ]
 [80.34958706 81.86450484]]
  T: 40804
  nneurons: 1016
  max_spike_rate_range: (np.float32(12813.101), np.float32(12813.101))
  neural_time_bin_size: 64.48362720403023
  unique_reward_amounts: [0.004]
  nrewards: 37
  unique_autoreward: [0.]
  unique_vr_environment: [0.]
  unique_licks: [0. 1. 2. 3. 4. 5. 6.]
  position_range: (np.float64(-50.000000000000014), np.float64(450.67355615763546))
  unique_reward_zone: [0. 1. 2. 3. 4. 5. 6.]
  unique_scanning: [1.]
  speed_range: (np.float64(-3.175527736059716), np.float64(49.46847987654248))
  unique_teleport: [0. 1.]
  trial_length_range: (np.int64(326), np.int64(3359))
  ntrials: 41
Subject m4, Session 5:
  reward_zone_positions: [[ 81.550485    84.10056404]
 [ 79.69744576  82.45501195]
 [ 79.9586301   80.95954286]
 [         nan          nan]
 [ 79.79635456  80.27389039]
 [ 79.97420261  81.75386977]
 [ 81.00464902  83.28783132]
 [ 80.22595268  80.491886  ]
 [ 80.80025846  80.80025846]
 [ 79.76939953  87.6515977 ]
 [ 80.87614979  81.47524442]
 [ 79.76428     79.81767167]
 [ 80.4905675   81.72318835]
 [ 81.31366     81.31366   ]
 [ 80.00503231  82.49107   ]
 [ 79.94312     79.98782   ]
 [ 79.9535217   81.76891308]
 [ 80.33219294  80.65824   ]
 [ 80.96150825  81.50325019]
 [ 80.04192757  80.21118   ]
 [ 79.91150706  80.29809115]
 [ 81.12947373  83.26151063]
 [ 80.340373    81.5969    ]
 [ 80.584008    81.32872   ]
 [ 80.00985424  81.54982651]
 [ 81.4977567   83.65700575]
 [ 80.9947866   82.84319928]
 [ 81.46282     81.78657951]
 [ 79.99994462  79.99994462]
 [         nan          nan]
 [319.80267938 372.53799694]
 [320.93083814 327.3575    ]
 [         nan          nan]
 [319.85422843 369.72873   ]
 [318.97999709 370.46661212]
 [320.87818049 370.60409388]
 [319.67387    371.92598855]
 [320.77436632 358.26563263]
 [         nan          nan]
 [320.65028713 371.02294255]
 [319.90406436 325.43690826]
 [         nan          nan]
 [         nan          nan]
 [320.61216122 327.00004257]
 [321.46612245 378.09020357]
 [         nan          nan]
 [320.319732   364.43216769]
 [320.29135102 340.58716744]
 [320.3228375  364.36206063]
 [320.15800625 322.3958    ]
 [320.81361667 326.87573664]
 [         nan          nan]
 [321.70691364 395.28752313]
 [320.74438387 328.94824961]
 [320.78301613 395.8207626 ]
 [321.12306471 324.23472395]
 [321.43478041 334.17335156]
 [321.128208   323.14627811]
 [         nan          nan]
 [         nan          nan]
 [321.27145    396.39018448]
 [320.52248696 370.90471649]
 [319.60417349 370.41022376]
 [319.87929286 331.96464898]
 [         nan          nan]
 [         nan          nan]
 [321.83551818 326.421982  ]
 [         nan          nan]
 [         nan          nan]
 [320.83762577 336.7006    ]
 [322.26446061 345.02370326]
 [320.59059677 330.848372  ]
 [321.3405625  344.55672752]
 [319.9201375  327.52267706]
 [320.28053214 333.33946262]
 [322.185075   327.36236122]
 [322.26246796 323.8987375 ]
 [322.19419794 395.19406701]
 [320.82158854 395.96266042]
 [320.7872     395.71629091]]
  T: 46148
  nneurons: 1066
  max_spike_rate_range: (np.float32(14572.515), np.float32(14572.515))
  neural_time_bin_size: 64.48362720403023
  unique_reward_amounts: [0.004]
  nrewards: 60
  unique_autoreward: [0.]
  unique_vr_environment: [0.]
  unique_licks: [0. 1. 2. 3. 4. 5. 6.]
  position_range: (np.float64(-50.00000000000001), np.float64(450.0062914893642))
  unique_reward_zone: [0. 1. 2. 3. 4. 5. 6.]
  unique_scanning: [1.]
  speed_range: (np.float64(-3.712196651040072), np.float64(52.50355931790935))
  unique_teleport: [0. 1.]
  trial_length_range: (np.int64(171), np.int64(1907))
  ntrials: 80
Subject m4, Session 6:
  reward_zone_positions: [[321.14435385 321.14435385]
 [         nan          nan]
 [320.50470577 323.63370577]
 [319.99444737 322.0828    ]
 [         nan          nan]
 [320.87361789 321.18377586]
 [320.27966136 320.27966136]
 [319.8928     319.8928    ]
 [319.6243     319.6243    ]
 [320.69815106 321.99096182]
 [         nan          nan]
 [320.77085248 323.5573    ]
 [320.01851176 320.2499    ]
 [320.6976     364.55724   ]
 [319.85543152 323.02773654]
 [319.89841237 323.5122    ]
 [320.95720776 320.95720776]
 [322.46975217 327.77410374]
 [320.15127811 320.998925  ]
 [320.24431053 320.24431053]
 [         nan          nan]
 [320.88422245 324.0096299 ]
 [319.8080299  321.06697966]
 [319.73562903 319.73562903]
 [321.56485937 325.18726667]
 [320.53709756 321.31401569]
 [         nan          nan]
 [320.66950297 322.59279756]
 [319.79488571 320.02117488]
 [320.26406477 321.14500394]
 [319.61492143 320.0268    ]
 [322.09538544 388.81114839]
 [321.14145921 330.02687907]
 [320.89122923 323.49861462]
 [320.5909375  321.6805    ]
 [         nan          nan]
 [320.1425039  322.6004194 ]
 [         nan          nan]
 [320.04397045 324.15885116]
 [320.01879524 320.81665476]
 [319.80744737 323.14971675]
 [320.36217129 320.36217129]
 [         nan          nan]
 [319.80908571 321.15239252]
 [321.73421359 321.73421359]
 [319.7137     319.7137    ]
 [         nan          nan]
 [320.59927931 323.10554231]
 [319.8331     321.12577692]
 [320.48474245 320.48474245]
 [322.45044757 324.12055932]
 [         nan          nan]
 [320.24328598 321.03879712]
 [319.98908438 321.85443093]
 [319.66710253 319.9369    ]
 [         nan          nan]
 [320.29120625 324.07678972]
 [320.92522574 320.92522574]
 [321.40869574 323.2452    ]
 [321.99198713 335.434     ]
 [319.70580515 322.59164362]
 [320.21294865 320.21294865]
 [319.93173226 336.23674545]
 [320.46375506 320.46375506]
 [319.63629677 319.89983303]
 [321.01339286 323.04626486]
 [320.47073939 325.27770806]
 [322.23672973 322.23672973]
 [320.10872609 324.13125437]
 [321.13013936 321.13013936]
 [320.41986598 321.93221068]
 [320.68550909 322.73390263]
 [320.04063571 324.07300962]
 [320.4293     320.4293    ]
 [320.94983196 324.05061273]
 [319.91987557 319.91987557]
 [320.17897216 325.86634545]
 [322.02643913 325.13408889]
 [321.60681868 328.17919231]
 [319.72269798 327.50919231]]
  T: 35895
  nneurons: 1068
  max_spike_rate_range: (np.float32(22141.096), np.float32(22141.096))
  neural_time_bin_size: 64.48362720403023
  unique_reward_amounts: [0.004]
  nrewards: 69
  unique_autoreward: [0.]
  unique_vr_environment: [0.]
  unique_licks: [0. 1. 2. 3. 4. 5. 6.]
  position_range: (np.float64(-50.00000000000001), np.float64(450.597410726644))
  unique_reward_zone: [0. 1. 2. 3. 4. 5. 6.]
  unique_scanning: [1.]
  speed_range: (np.float64(-3.5281828911481004), np.float64(52.14487668406432))
  unique_teleport: [0. 1.]
  trial_length_range: (np.int64(193), np.int64(2120))
  ntrials: 80
Subject m4, Session 7:
  reward_zone_positions: [[         nan          nan]
 [322.43174839 324.99620846]
 [320.17659055 321.25080909]
 [319.710871   319.710871  ]
 [319.78481613 319.78481613]
 [319.7134     319.84217857]
 [320.57428788 321.03456794]
 [320.6005056  320.9649    ]
 [319.34634423 319.5346    ]
 [319.79525    320.28416336]
 [319.70046258 320.88029808]
 [         nan          nan]
 [         nan          nan]
 [320.0430625  320.1605    ]
 [320.84421333 321.5912    ]
 [319.6239     319.81731346]
 [         nan          nan]
 [319.83186731 320.30799423]
 [319.7129     319.7129    ]
 [321.83042737 325.34156186]
 [320.30325957 323.53716923]
 [320.2184375  320.4736    ]
 [319.88698182 320.9714689 ]
 [320.02857766 320.02857766]
 [319.9459303  321.9037    ]
 [320.10634423 320.10634423]
 [319.7132     319.75951081]
 [         nan          nan]
 [         nan          nan]
 [320.1165     320.1165    ]
 [204.54243711 219.42743077]
 [200.8713     221.78786726]
 [200.71078252 203.69079939]
 [201.33354466 203.56226471]
 [200.823075   207.62186966]
 [         nan          nan]
 [         nan          nan]
 [200.92470106 250.76512727]
 [201.54965    208.89467273]
 [         nan          nan]
 [         nan          nan]
 [200.56291682 200.56291682]
 [200.80639223 200.80639223]
 [202.86329474 207.1241129 ]
 [201.72698163 201.72698163]
 [200.81042231 200.81042231]
 [200.86425408 204.22351795]
 [202.40096207 202.40096207]
 [200.89078462 200.89078462]
 [         nan          nan]
 [201.14760612 201.14760612]
 [200.02879038 200.02879038]
 [200.5884     200.5884    ]
 [200.6176099  202.58284948]
 [200.80275955 200.80275955]
 [200.84190526 203.24425714]
 [200.24493659 200.79892813]
 [200.27626557 201.17421818]
 [200.44908789 202.2503225 ]
 [200.12688065 200.59613402]
 [200.79073226 200.79073226]
 [200.762975   204.32100097]
 [199.88082727 202.24894278]
 [201.50151515 241.30717684]
 [200.49115    201.77059709]
 [201.14215758 208.4597336 ]
 [200.3523811  200.98344211]
 [200.800425   201.85518661]
 [201.17587634 202.99481563]
 [200.17448636 202.4330619 ]
 [200.66980152 205.08854615]
 [200.20024154 203.66418593]
 [201.55268582 201.55268582]
 [201.33097143 203.26322308]
 [200.26113404 203.67784069]
 [200.84274615 200.84274615]
 [201.35303514 203.04084407]
 [199.74752596 199.74752596]
 [199.99776552 199.99776552]
 [199.949684   204.96516154]]
  T: 32053
  nneurons: 1011
  max_spike_rate_range: (np.float32(17741.594), np.float32(17741.594))
  neural_time_bin_size: 64.48362720403023
  unique_reward_amounts: [0.004]
  nrewards: 69
  unique_autoreward: [0.]
  unique_vr_environment: [0.]
  unique_licks: [0. 1. 2. 3. 4. 5. 6.]
  position_range: (np.float64(-50.00000000000001), np.float64(450.3271000000033))
  unique_reward_zone: [0. 1. 2. 3. 4. 5. 6.]
  unique_scanning: [1.]
  speed_range: (np.float64(-3.663178074438344), np.float64(65.94218477837649))
  unique_teleport: [0. 1.]
  trial_length_range: (np.int64(182), np.int64(1826))
  ntrials: 80
Subject m4, Session 8:
  reward_zone_positions: [[200.98795979 201.95420928]
 [200.11491212 200.11491212]
 [200.82551935 201.77636154]
 [201.26407579 210.87425532]
 [199.84193269 199.84193269]
 [199.92657526 200.69020744]
 [         nan          nan]
 [200.30935306 200.30935306]
 [200.2572087  201.672916  ]
 [199.66602049 199.66602049]
 [200.83626737 200.83626737]
 [200.75175152 201.41631597]
 [199.86652421 203.43418605]
 [200.54897347 202.88294752]
 [199.60000937 199.93888274]
 [199.76869024 199.99182683]
 [         nan          nan]
 [201.1605397  202.22102195]
 [         nan          nan]
 [200.63047442 201.96622761]
 [200.11651818 203.82934124]
 [         nan          nan]
 [         nan          nan]
 [201.1182427  202.08017865]
 [199.91224118 200.32581731]
 [200.2305     200.32123832]
 [200.5036875  201.15927241]
 [201.01814948 201.7056    ]
 [200.20830761 202.03823529]
 [199.6483     200.2017764 ]
 [321.40867234 322.63834135]
 [321.35104337 332.03437869]
 [321.43501563 321.43501563]
 [322.13004898 332.22754894]
 [321.93936    326.7144375 ]
 [321.86340638 326.80310748]
 [322.58768632 325.39732727]
 [320.99017895 320.99017895]
 [         nan          nan]
 [323.71674286 329.81914742]
 [321.41707979 329.06328482]
 [320.15562421 321.18228125]
 [320.2780989  325.86934953]
 [320.21273171 323.19355288]
 [320.57572474 323.08090288]
 [320.275032   321.34754464]
 [320.80911294 321.23432018]
 [320.21287576 321.534925  ]
 [         nan          nan]
 [321.41146082 328.18584375]
 [320.14389468 322.14797434]
 [320.23395806 330.788425  ]
 [320.31886203 323.96567692]
 [320.81878667 326.63718879]
 [320.89859388 324.08660331]
 [320.3850433  324.29827302]
 [319.83348654 320.09781827]
 [319.99370481 319.99370481]
 [320.26612813 322.74704231]
 [321.01179531 325.40033333]
 [321.8869766  325.61675169]
 [320.21421053 321.4565    ]
 [320.93898    320.93898   ]
 [320.65877692 321.46321378]
 [320.08996061 352.87317295]
 [320.50747938 325.53759091]
 [322.169818   324.42646364]
 [         nan          nan]
 [321.56616667 321.56616667]
 [320.59312519 327.58572574]
 [320.36334333 320.36334333]
 [         nan          nan]
 [         nan          nan]
 [321.92296364 332.9105704 ]
 [322.69679506 325.02135308]
 [321.110475   321.110475  ]
 [323.56655161 395.54732598]
 [321.54473511 349.5729    ]
 [320.93819231 347.00055625]
 [320.63195306 349.29194615]]
  T: 37791
  nneurons: 1287
  max_spike_rate_range: (np.float32(22239.684), np.float32(22239.684))
  neural_time_bin_size: 64.48362720403023
  unique_reward_amounts: [0.004]
  nrewards: 69
  unique_autoreward: [0.]
  unique_vr_environment: [0. 1.]
  unique_licks: [0. 1. 2. 3. 4. 5. 6.]
  position_range: (np.float64(-50.00000000000001), np.float64(450.7869500851787))
  unique_reward_zone: [0. 1. 2. 3. 4. 5. 6.]
  unique_scanning: [1.]
  speed_range: (np.float64(-5.108489717823239), np.float64(60.98530247489526))
  unique_teleport: [0. 1.]
  trial_length_range: (np.int64(176), np.int64(1104))
  ntrials: 80
Subject m4, Session 9:
  reward_zone_positions: [[321.12663548 349.05946346]
 [320.57831782 324.37626341]
 [320.04416185 320.04416185]
 [320.14086522 322.11918437]
 [319.96959375 326.98162   ]
 [319.84514242 320.3838    ]
 [320.44752128 320.6756016 ]
 [319.8761232  319.9809    ]
 [319.40315344 319.40315344]
 [320.84199263 321.00028909]
 [319.9808825  322.47532187]
 [319.6783303  319.6783303 ]
 [320.9970688  322.797406  ]
 [321.20749655 325.03363609]
 [319.87054286 320.04976857]
 [321.3285102  323.54881429]
 [320.17720909 321.30063942]
 [320.56986947 322.45789063]
 [         nan          nan]
 [320.10382575 325.43772432]
 [319.68963711 320.99719579]
 [319.9177129  322.0835    ]
 [321.29484362 328.76117473]
 [321.10155046 322.03000515]
 [319.91241818 319.91241818]
 [         nan          nan]
 [320.7407     324.38722885]
 [320.31387052 320.31387052]
 [319.89114673 319.89114673]
 [320.21435577 320.52066538]
 [320.35571915 322.231     ]
 [319.84240673 319.84240673]
 [319.7126     319.77417653]
 [319.7565     319.82425579]
 [319.59827327 319.59827327]
 [319.76993465 320.89526774]
 [321.26219394 322.32816058]
 [320.0033711  320.75599126]
 [320.77522182 321.78031538]
 [320.69082428 321.53122857]
 [319.59179423 319.59179423]
 [321.16601959 323.55061562]
 [320.55560204 327.1254661 ]
 [320.37526395 327.72510769]
 [321.20214454 322.76083654]
 [321.44135361 327.11962821]
 [321.689234   322.95151803]
 [320.99959341 331.18629048]
 [319.82423023 320.91875969]
 [320.4593027  320.4593027 ]]
  T: 42188
  nneurons: 1019
  max_spike_rate_range: (np.float32(22209.645), np.float32(22209.645))
  neural_time_bin_size: 64.48362720403023
  unique_reward_amounts: [0.004]
  nrewards: 48
  unique_autoreward: [0.]
  unique_vr_environment: [1.]
  unique_licks: [0. 1. 2. 3. 4. 5. 6. 7. 8.]
  position_range: (np.float64(-50.000000000000014), np.float64(450.1549931972788))
  unique_reward_zone: [0. 1. 2. 3. 4. 5. 6.]
  unique_scanning: [1.]
  speed_range: (np.float64(-4.729359310624075), np.float64(53.186158195283504))
  unique_teleport: [0. 1.]
  trial_length_range: (np.int64(244), np.int64(2713))
  ntrials: 50
Subject m4, Session 10:
  reward_zone_positions: [[321.28031915 322.10209339]
 [320.22546718 321.2762    ]
 [320.82138286 320.82138286]
 [321.4826896  323.5068126 ]
 [319.91758507 319.91758507]
 [321.9795625  322.4843    ]
 [321.94473636 325.09711885]
 [320.89177045 322.03948561]
 [         nan          nan]
 [320.2397878  320.2397878 ]
 [321.29640909 323.8113125 ]
 [321.03891579 321.53039712]
 [319.73794286 321.7687    ]
 [         nan          nan]
 [321.78170802 323.58775733]
 [319.76206667 319.76206667]
 [319.79103684 320.5627    ]
 [319.88462424 320.24945743]
 [321.27114255 322.19831695]
 [319.917332   320.3393    ]
 [320.54265644 320.54265644]
 [320.01808571 320.2948    ]
 [         nan          nan]
 [320.04950787 323.48922019]
 [319.97594912 320.46786195]
 [320.49569388 349.37757143]
 [320.52425789 324.148975  ]
 [320.25214742 320.97684526]
 [320.82933918 327.1167656 ]
 [319.63648367 320.75945538]
 [         nan          nan]
 [ 80.28068248  92.39823194]
 [ 80.4926379   85.85118846]
 [ 80.69153969  80.69153969]
 [         nan          nan]
 [         nan          nan]
 [ 80.52254326  89.30842962]
 [ 81.84161976  91.680415  ]
 [ 80.69244462  80.69244462]
 [ 81.07794909  82.28162786]
 [ 80.99374314  84.31936258]
 [ 81.92501562  81.92501562]
 [ 82.40224438  82.40224438]
 [ 81.17166447  81.17166447]
 [ 80.71420412  90.18273573]
 [ 80.43239096  80.43239096]
 [ 80.56285957  84.88073692]
 [         nan          nan]
 [ 81.83794375  86.31030939]
 [ 81.6575953   89.30752   ]
 [ 80.84643857  84.41970798]
 [         nan          nan]
 [         nan          nan]
 [ 81.33939862  88.95441   ]
 [ 81.81712714  84.68196208]
 [ 81.9369632   87.02238755]
 [ 81.07156375  88.58034679]
 [ 82.36156009  84.96556327]
 [         nan          nan]
 [ 80.43969038  81.79247895]
 [ 83.35593303  89.69597396]
 [ 81.44344765  83.64973927]
 [ 79.92145125  86.39455   ]
 [         nan          nan]
 [ 81.40040059  81.40040059]
 [ 80.88797571  83.11873904]
 [ 81.45731911  89.7377075 ]
 [ 80.49346697  82.79052608]
 [         nan          nan]
 [ 81.87734091  88.99813966]
 [ 80.28883082  81.589858  ]
 [ 81.41164429  83.7366249 ]
 [ 80.55129642  85.3739425 ]
 [         nan          nan]
 [         nan          nan]
 [ 79.98877918  94.22081805]
 [ 82.0717075   94.58555619]
 [ 81.18063526  86.46787327]
 [ 81.83024617  81.83024617]
 [ 80.97415286  88.7251099 ]]
  T: 50033
  nneurons: 1100
  max_spike_rate_range: (np.float32(20440.6), np.float32(20440.6))
  neural_time_bin_size: 64.48362720403023
  unique_reward_amounts: [0.004]
  nrewards: 67
  unique_autoreward: [0.]
  unique_vr_environment: [1.]
  unique_licks: [0. 1. 2. 3. 4. 5. 6.]
  position_range: (np.float64(-50.000000000000014), np.float64(450.10003636363103))
  unique_reward_zone: [0. 1. 2. 3. 4. 5. 6.]
  unique_scanning: [1.]
  speed_range: (np.float64(-5.441781050934177), np.float64(50.57107920922861))
  unique_teleport: [0. 1.]
  trial_length_range: (np.int64(190), np.int64(1062))
  ntrials: 80
Subject m4, Session 11:
  reward_zone_positions: [[80.54904308 81.83625571]
 [81.12614408 82.50370936]
 [80.00841077 80.00841077]
 [80.58965099 80.58965099]
 [79.73733387 80.12186   ]
 [80.55875531 80.55875531]
 [        nan         nan]
 [79.97279479 79.97279479]
 [79.89765101 79.89765101]
 [        nan         nan]
 [81.23041    82.88153061]
 [80.54001555 81.05610192]
 [80.693076   81.86512   ]
 [79.85767516 82.383284  ]
 [        nan         nan]
 [80.1039442  83.55654204]
 [80.04617953 83.12267774]
 [81.17459847 82.05584885]
 [80.32736784 81.19465   ]
 [82.3622475  82.3622475 ]
 [81.18041062 82.14855864]
 [81.61560117 81.61560117]
 [        nan         nan]
 [80.03300928 80.03300928]
 [        nan         nan]
 [79.72827947 81.37763583]
 [80.37651784 80.37651784]
 [79.78689526 80.03252   ]
 [        nan         nan]
 [79.790266   80.13398462]
 [80.494738   82.38387122]
 [        nan         nan]
 [        nan         nan]
 [        nan         nan]
 [81.57043053 86.83504125]
 [82.37177684 90.85745654]
 [80.61241551 86.08798368]
 [80.05092212 84.5561    ]
 [79.5854     79.5854    ]
 [80.4020683  81.29558667]
 [81.11204319 81.41829   ]
 [80.07557506 80.57755125]
 [80.40453786 81.55570872]
 [81.39542865 81.39542865]
 [80.84087317 85.2517283 ]
 [79.96624106 80.90227808]
 [79.891378   80.35206303]
 [79.8361367  79.8361367 ]
 [80.38104351 82.98289   ]
 [79.9525701  80.23789364]
 [        nan         nan]
 [80.75004333 86.26437102]
 [79.69940118 79.69940118]
 [80.0046325  80.49299   ]
 [81.097998   81.097998  ]
 [        nan         nan]
 [79.8041513  79.8041513 ]
 [79.67952    80.62981728]
 [80.577283   81.95449   ]
 [        nan         nan]
 [79.63488122 79.96035054]
 [        nan         nan]
 [80.57328235 83.10530938]
 [80.98820231 80.98820231]
 [79.87008194 84.14915256]
 [        nan         nan]
 [79.88940243 82.7314025 ]
 [80.39815894 80.39815894]
 [80.40768212 80.58105091]
 [80.05954532 81.09306636]
 [80.90749872 80.90749872]
 [80.81955    80.81955   ]
 [80.04418087 81.16268783]
 [79.62921826 79.84587835]
 [79.63027    79.63027   ]
 [79.54443762 79.68788412]
 [79.77791729 79.94308   ]
 [81.38193615 82.35675   ]
 [        nan         nan]
 [        nan         nan]]
  T: 31668
  nneurons: 990
  max_spike_rate_range: (np.float32(16113.879), np.float32(16113.879))
  neural_time_bin_size: 64.48362720403023
  unique_reward_amounts: [0.004]
  nrewards: 64
  unique_autoreward: [0.]
  unique_vr_environment: [1.]
  unique_licks: [0. 1. 2. 3. 4. 5. 6.]
  position_range: (np.float64(-50.000000000000014), np.float64(450.67096271186415))
  unique_reward_zone: [0. 1. 2. 3. 4. 5. 6.]
  unique_scanning: [1.]
  speed_range: (np.float64(-2.916837095624937), np.float64(57.06564708013443))
  unique_teleport: [0. 1.]
  trial_length_range: (np.int64(208), np.int64(472))
  ntrials: 80
Subject m4, Session 12:
  reward_zone_positions: [[ 79.88466875  80.35066192]
 [ 79.85559959  82.23825562]
 [ 80.468405    80.56898   ]
 [ 79.67497     79.7259992 ]
 [         nan          nan]
 [ 80.56595135  80.65217809]
 [         nan          nan]
 [ 80.02989405  80.02989405]
 [ 79.93539592 106.55134063]
 [ 79.81999636  79.81999636]
 [ 80.18382231  81.16517465]
 [ 79.57200083  79.57200083]
 [ 80.24217615  83.31478985]
 [ 80.25671399  80.89662538]
 [         nan          nan]
 [ 80.75039941  81.94394201]
 [         nan          nan]
 [ 79.72158213  80.30981596]
 [ 79.767946    80.61368   ]
 [ 79.86758904  79.86758904]
 [ 79.72200849  81.40157706]
 [ 79.61091865  79.76437   ]
 [ 79.712091    80.6137    ]
 [ 80.711583    81.96501538]
 [ 80.12206     80.26925394]
 [ 81.80677731  82.04404   ]
 [ 79.80902     79.80902   ]
 [ 79.71387529  80.25234417]
 [ 80.7682943   80.95973307]
 [ 80.15152298  80.59714016]
 [200.912775   219.51227308]
 [201.58876842 215.6976    ]
 [199.88784505 199.88784505]
 [200.36110937 200.36110937]
 [200.34874848 201.83761   ]
 [201.12085102 202.07265577]
 [200.868916   205.42806524]
 [200.19021101 200.19021101]
 [199.8438494  203.62980909]
 [         nan          nan]
 [200.18751287 204.3424    ]
 [200.3802641  200.3802641 ]
 [199.93728929 200.18760606]
 [         nan          nan]
 [200.11121829 207.90417487]
 [201.76580722 204.46692321]
 [         nan          nan]
 [201.59849677 202.35697949]
 [         nan          nan]
 [         nan          nan]
 [200.43251345 200.43251345]
 [199.93830652 276.21241875]
 [200.4534     201.15703966]
 [200.2565068  203.8055    ]
 [200.74666216 200.74666216]
 [200.34358182 203.2403641 ]
 [199.98606737 201.7998875 ]
 [200.65261546 200.65261546]
 [200.88832857 201.93779615]
 [200.342644   201.27575462]
 [200.275      200.44585838]
 [200.25486923 201.84109918]
 [200.844325   201.3472    ]
 [201.3228875  201.46072672]
 [200.60774822 200.60774822]
 [200.75083571 203.19985464]
 [199.99909149 199.99909149]
 [201.2142     205.63537385]
 [200.78429086 203.05889077]
 [200.1861     202.047855  ]
 [199.75896058 200.24237143]
 [201.02073036 204.11013053]
 [199.9618     200.0958    ]
 [200.40984783 203.42188878]
 [200.06154935 200.06154935]
 [199.91221071 202.89814615]
 [199.80940769 200.37925455]
 [199.88846809 204.20390192]
 [200.339656   201.77499429]
 [201.45170722 203.3586    ]]
  T: 40792
  nneurons: 1039
  max_spike_rate_range: (np.float32(20804.26), np.float32(20804.26))
  neural_time_bin_size: 64.48362720403023
  unique_reward_amounts: [0.004]
  nrewards: 70
  unique_autoreward: [0.]
  unique_vr_environment: [1.]
  unique_licks: [0. 1. 2. 3. 4. 5. 6.]
  position_range: (np.float64(-50.000000000000014), np.float64(450.3914823529407))
  unique_reward_zone: [0. 1. 2. 3. 4. 5. 6.]
  unique_scanning: [1.]
  speed_range: (np.float64(-2.992643366670748), np.float64(62.05134099199864))
  unique_teleport: [0. 1.]
  trial_length_range: (np.int64(262), np.int64(598))
  ntrials: 80
Subject m4, Session 13:
  reward_zone_positions: [[         nan          nan]
 [200.0437268  200.0437268 ]
 [200.36540303 201.7948    ]
 [200.38972673 203.10471395]
 [199.94146289 200.4985    ]
 [200.09898333 200.36307455]
 [199.82237426 202.18936731]
 [199.73570312 201.13139615]
 [201.12707    201.97524206]
 [199.5148     199.5148    ]
 [199.73268182 199.73268182]
 [199.5152     199.5152    ]
 [200.44388447 200.44388447]
 [200.0072     200.0072    ]
 [201.65081895 212.70427885]
 [199.69964712 199.86932692]
 [199.62237021 199.62237021]
 [199.7585875  200.07592885]
 [200.45545263 200.45545263]
 [199.89183077 200.22663273]
 [         nan          nan]
 [199.62299655 200.08584842]
 [         nan          nan]
 [200.51684554 202.476675  ]
 [200.46264    203.12692454]
 [200.42953263 201.59267368]
 [         nan          nan]
 [200.8750449  207.67493942]
 [200.72803368 200.8117    ]
 [199.68078152 200.62893607]
 [200.09824348 200.57932039]
 [200.13380928 202.52221489]
 [         nan          nan]
 [202.33195152 204.3877    ]
 [199.94049684 202.62004769]
 [200.16679412 200.496389  ]
 [199.902055   204.2984    ]
 [200.171596   201.82874021]
 [199.95849091 199.95849091]
 [199.61373307 200.1449771 ]
 [         nan          nan]
 [199.75449231 199.75449231]
 [199.77096632 199.77096632]
 [199.71430099 199.71430099]
 [199.93899894 200.54640865]
 [199.71538571 200.0517    ]
 [199.81736531 200.3191    ]
 [         nan          nan]
 [200.53018058 200.53018058]
 [199.64905962 199.64905962]
 [200.9686129  202.41277055]
 [201.90695    215.25987768]
 [199.73118545 199.99818571]
 [200.10110638 200.72549808]
 [199.65520673 199.65520673]
 [199.87616364 200.80779135]
 [200.4732234  201.43999808]
 [199.56198276 199.56198276]
 [199.647      199.82108012]
 [         nan          nan]
 [200.02003303 200.02003303]
 [199.75915    199.75915   ]
 [199.82560312 200.0505    ]
 [199.89360099 200.4092    ]
 [200.22047755 201.65151266]
 [200.42404362 200.7203    ]
 [199.76929691 199.76929691]
 [199.76931633 200.0959    ]
 [200.12284947 206.08046957]
 [200.28895385 200.5433    ]
 [         nan          nan]
 [199.87906265 199.98900625]
 [199.83735577 199.99415663]
 [199.59034615 199.70174538]
 [199.8279     199.87621212]
 [202.630196   203.88879032]
 [200.17701176 200.50983462]
 [199.81411798 200.41651628]
 [199.92575161 200.93316538]
 [200.43805474 201.62725862]]
  T: 40013
  nneurons: 886
  max_spike_rate_range: (np.float32(16172.762), np.float32(16172.762))
  neural_time_bin_size: 64.48362720403023
  unique_reward_amounts: [0.004]
  nrewards: 71
  unique_autoreward: [0.]
  unique_vr_environment: [1.]
  unique_licks: [0. 1. 2. 3. 4. 5. 6.]
  position_range: (np.float64(-50.000000000000014), np.float64(450.33363880597005))
  unique_reward_zone: [0. 1. 2. 3. 4. 5. 6.]
  unique_scanning: [1.]
  speed_range: (np.float64(-4.936151344160958), np.float64(65.05106551545651))
  unique_teleport: [0. 1.]
  trial_length_range: (np.int64(250), np.int64(998))
  ntrials: 80
Subject m4, Session 14:
  reward_zone_positions: [[201.51408247 202.64426292]
 [         nan          nan]
 [200.40464681 201.7485    ]
 [199.8727     199.8727    ]
 [200.3131967  201.22554757]
 [199.659275   199.659275  ]
 [200.515725   202.20919434]
 [199.88417474 200.0687975 ]
 [199.68592727 200.095     ]
 [200.73359091 201.69313913]
 [200.76459588 208.49086774]
 [201.76831134 222.59521579]
 [199.56459483 199.56459483]
 [200.50679355 200.9408125 ]
 [199.9912     200.4977    ]
 [199.98880347 199.98880347]
 [200.1836     200.19512422]
 [200.34079388 203.69392061]
 [         nan          nan]
 [199.71968218 199.71968218]
 [199.63924684 199.63924684]
 [200.75014545 200.75014545]
 [199.722908   199.722908  ]
 [199.92087064 199.92087064]
 [200.23568437 201.56422653]
 [         nan          nan]
 [199.8278     199.8278    ]
 [200.0055     200.0055    ]
 [199.7693625  199.7693625 ]
 [199.986826   199.986826  ]
 [320.19203053 322.3163    ]
 [321.17130408 321.17130408]
 [         nan          nan]
 [320.55398557 324.16828333]
 [320.78928191 320.78928191]
 [320.27540312 321.78990763]
 [         nan          nan]
 [320.40288163 320.40288163]
 [320.17466607 320.17466607]
 [320.35201    320.35201   ]
 [         nan          nan]
 [319.97512796 319.97512796]
 [         nan          nan]
 [320.08047679 321.51578205]
 [319.76530968 321.70121282]
 [319.70850937 319.70850937]
 [         nan          nan]
 [320.98816289 327.401     ]
 [319.97025181 319.97025181]
 [         nan          nan]
 [320.55152188 320.55152188]
 [320.3842     322.56240159]
 [319.85246122 319.85246122]
 [320.37978615 321.51843269]
 [319.87577113 323.20464279]
 [320.27145156 321.35299302]
 [319.7114     319.7561    ]
 [320.30213359 321.78578512]
 [         nan          nan]
 [319.8401125  319.8401125 ]
 [320.55960714 320.55960714]
 [320.64190737 321.19045962]
 [321.41175612 322.93706058]
 [319.99316415 320.35613269]
 [         nan          nan]
 [319.77885    319.77885   ]
 [319.67593861 320.59094483]
 [         nan          nan]
 [321.40674375 323.56838585]
 [321.18502308 321.18502308]
 [321.14730909 322.38535481]
 [319.69499462 319.69499462]
 [321.12783191 323.379     ]
 [320.16817461 321.2778    ]
 [319.73590488 319.8761375 ]
 [320.9201     320.9201    ]
 [319.82860619 320.24038947]
 [319.58       319.66574273]
 [321.10752727 321.10752727]
 [320.45506186 320.45506186]]
  T: 51520
  nneurons: 1066
  max_spike_rate_range: (np.float32(21108.12), np.float32(21108.12))
  neural_time_bin_size: 64.48362720403023
  unique_reward_amounts: [0.004]
  nrewards: 68
  unique_autoreward: [0.]
  unique_vr_environment: [1.]
  unique_licks: [0. 1. 2. 3. 4. 5. 6. 7. 8.]
  position_range: (np.float64(-50.00000000000001), np.float64(449.854579807692))
  unique_reward_zone: [0. 1. 2. 3. 4. 5. 6.]
  unique_scanning: [1.]
  speed_range: (np.float64(-2.207025192661104), np.float64(63.785728585575576))
  unique_teleport: [0. 1.]
  trial_length_range: (np.int64(283), np.int64(1434))
  ntrials: 80
Subject: m7, Sessions: [1, 2, 3, 4, 5, 6, 7, 8, 9, 10, 11, 12, 13, 14]
Subject m7, Session 1:
  reward_zone_positions: [[ 81.89436065 130.92986327]
 [ 83.2433368   98.99807129]
 [ 82.98524909 131.39943869]
 [ 82.63191148  85.06952705]
 [ 82.09811769  88.44415821]
 [ 80.45082455  80.45082455]
 [ 82.03143617  91.03001252]
 [ 81.31659856  81.31659856]
 [ 80.92895545  86.10393984]
 [ 80.08681274  84.04670385]
 [         nan          nan]
 [ 82.3760604  156.64181429]
 [ 83.75495187  87.08794977]
 [ 81.96864078  81.96864078]
 [         nan          nan]
 [ 81.33498122  81.33498122]
 [ 81.44013301  88.05119909]
 [ 81.730915    81.730915  ]
 [ 81.48341711  85.58916769]
 [ 83.9211625  113.74416066]
 [ 81.20943     95.71270419]
 [ 81.68551576  97.82709814]
 [ 80.68703604  80.68703604]
 [         nan          nan]
 [ 82.67417     87.00966364]
 [ 82.64727     84.81922299]
 [         nan          nan]
 [ 82.0718189   86.9496325 ]
 [ 80.61491     80.61491   ]
 [ 81.58057152  81.58057152]
 [ 82.05279     82.05279   ]
 [         nan          nan]
 [ 81.29573819  92.72187808]
 [ 80.49718229  81.80233784]
 [ 81.13893703  81.13893703]
 [ 81.4012375   81.4012375 ]
 [ 80.16565353  85.81222434]
 [ 79.58546     79.58546   ]
 [ 79.99436737  79.99436737]
 [         nan          nan]
 [ 81.66824843  90.056385  ]
 [ 80.96719472  81.9544    ]
 [ 82.67051106  86.2526733 ]
 [ 81.47116676  83.81360431]
 [ 80.41294124  80.41294124]
 [ 80.15478196  81.83753231]
 [ 81.36158684  89.01253899]
 [ 82.55593445  82.55593445]
 [ 82.73603832  88.42330906]
 [ 81.28944347  81.28944347]
 [ 81.697465    81.697465  ]
 [ 79.85894707  86.13714485]
 [ 80.26241182  81.04901571]
 [ 80.62093842  81.756846  ]
 [ 80.35513333  81.78179191]
 [ 81.19733558  82.22858   ]
 [         nan          nan]
 [ 81.22401661  81.22401661]
 [ 81.49905437  83.09748286]
 [ 81.28761212  81.3734    ]
 [         nan          nan]
 [ 80.61092115  80.61092115]
 [ 82.33920515  83.55113456]
 [         nan          nan]
 [ 80.43725288  82.46564327]
 [ 79.84955636  79.84955636]
 [ 82.47774602  82.47774602]
 [ 80.85528053  86.14516845]
 [ 80.60166684  89.91267862]
 [ 80.47812809  80.47812809]
 [ 80.04987412  80.04987412]
 [ 80.05187327  81.18837279]
 [ 81.10430043  87.07146794]
 [ 81.20740545  91.33870505]
 [ 80.15339606  84.52410336]
 [         nan          nan]
 [ 81.87992333  81.87992333]
 [ 81.50399154  81.50399154]
 [ 81.74891216  83.31090308]
 [ 80.76390041  83.52096879]
 [ 80.97102     80.97102   ]
 [ 80.05479     81.53295765]
 [ 80.077065    80.077065  ]
 [ 80.289058    85.47986269]
 [ 79.95932041  83.92620588]
 [         nan          nan]
 [ 80.32366484  84.0875652 ]
 [ 81.53406596  82.254804  ]
 [ 81.02091907  81.02091907]
 [ 82.1052925   82.44613   ]
 [ 81.1416698   82.4957587 ]
 [ 81.62818608  87.54199   ]
 [ 80.32782699  81.34644376]
 [ 81.23782753  81.23782753]
 [ 80.08747538  80.08747538]
 [ 80.3843225   81.92436426]
 [ 79.95732318  85.33768421]
 [ 80.55864625  85.96560341]
 [ 80.54406667  92.11160757]
 [ 80.67667212  91.67614876]]
  T: 27624
  nneurons: 1298
  max_spike_rate_range: (np.float32(24704.57), np.float32(24704.57))
  neural_time_bin_size: 64.48362720403023
  unique_reward_amounts: [0.004]
  nrewards: 88
  unique_autoreward: [0.]
  unique_vr_environment: [0.]
  unique_licks: [0. 1. 2. 3. 4. 5. 6.]
  position_range: (np.float64(-50.00000000000001), np.float64(451.3471165803109))
  unique_reward_zone: [0. 1. 2. 3. 4. 5. 6.]
  unique_scanning: [1.]
  speed_range: (np.float64(-2.062366939446438), np.float64(80.61348736582903))
  unique_teleport: [0. 1.]
  trial_length_range: (np.int64(139), np.int64(692))
  ntrials: 100
Subject m7, Session 2:
  reward_zone_positions: [[ 80.38279043  83.37280437]
 [ 80.13578875  82.86950163]
 [ 80.1367      80.20096336]
 [ 79.94299     84.134052  ]
 [ 80.9322497   82.04253545]
 [ 81.57213733  83.22779156]
 [         nan          nan]
 [ 80.07086256  85.09974455]
 [ 80.12107698  84.3167956 ]
 [ 79.47429844  79.57622755]
 [ 81.33325015  81.33325015]
 [ 80.5366348   82.24836676]
 [ 80.90323392  82.290744  ]
 [ 79.94593832  79.94593832]
 [ 79.83204155  79.83204155]
 [ 80.19928803  82.0708    ]
 [         nan          nan]
 [ 81.21747612  86.09813455]
 [ 80.624695    83.92759368]
 [         nan          nan]
 [ 81.39871536  86.21508579]
 [ 80.85388258  82.98264   ]
 [ 79.289099    79.46785126]
 [ 80.62507548  81.77709036]
 [ 79.65167222  85.13552674]
 [ 80.66325085  80.66325085]
 [ 79.89823     79.89823   ]
 [ 80.858486    81.42664272]
 [ 79.98778     79.98778   ]
 [ 80.81353368  81.65333087]
 [         nan          nan]
 [ 80.44690091  80.44690091]
 [ 80.68302454 106.03983366]
 [ 80.22623     84.55782419]
 [ 79.77913     79.77913   ]
 [ 80.03206743  81.9490425 ]
 [ 80.03248     83.607636  ]
 [ 80.01837421  81.56429144]
 [ 79.93715041  79.93715041]
 [ 80.2465975   80.55550511]
 [ 80.97648069  82.21407529]
 [ 80.825965    80.825965  ]
 [ 80.54070969  81.11720567]
 [ 80.30751316  80.99082667]
 [         nan          nan]
 [ 80.25930198  81.2155597 ]
 [         nan          nan]
 [ 79.92417619  79.92417619]
 [ 79.95887129  79.95887129]
 [         nan          nan]
 [ 79.83828935  79.83828935]
 [ 80.32102551  80.32102551]
 [ 79.94297     80.49133465]
 [ 79.86756875  79.86756875]
 [ 80.18270489  80.63424316]
 [         nan          nan]
 [         nan          nan]
 [ 81.71688762  86.0893    ]
 [ 79.88582813  79.88582813]
 [ 80.33289333  80.33289333]
 [         nan          nan]
 [ 81.65900265  83.26041757]
 [ 79.97561926  85.19850286]
 [ 80.12332455  82.42519206]
 [ 79.89557625  81.13508917]
 [ 82.33757485  85.20738432]
 [ 81.20483921  83.430564  ]
 [         nan          nan]
 [         nan          nan]
 [ 81.39837884  81.39837884]
 [ 80.18481452  87.76557   ]
 [ 80.1503366   80.51477594]
 [ 80.58962289  82.06018714]
 [ 81.68322525  82.42022354]
 [         nan          nan]
 [ 79.66880316  79.66880316]
 [ 79.86371469  80.27585667]
 [ 79.81912688  79.81912688]
 [ 80.92942     82.175805  ]
 [ 79.78716727  83.76911939]]
  T: 23227
  nneurons: 1186
  max_spike_rate_range: (np.float32(22332.43), np.float32(22332.43))
  neural_time_bin_size: 64.48362720403023
  unique_reward_amounts: [0.004]
  nrewards: 67
  unique_autoreward: [0.]
  unique_vr_environment: [0.]
  unique_licks: [0. 1. 2. 3. 4. 5. 6.]
  position_range: (np.float64(-50.00000000000001), np.float64(450.92174955752216))
  unique_reward_zone: [0. 1. 2. 3. 4. 5. 6.]
  unique_scanning: [1.]
  speed_range: (np.float64(-1.6193397668730325), np.float64(91.0929949825766))
  unique_teleport: [0. 1.]
  trial_length_range: (np.int64(135), np.int64(422))
  ntrials: 80
Subject m7, Session 3:
  reward_zone_positions: [[ 79.70124878  80.29117452]
 [ 80.65813     80.65813   ]
 [ 80.01003     81.2197581 ]
 [ 80.34787631  80.34787631]
 [ 79.97014929  79.97014929]
 [ 80.73921109  83.11674   ]
 [ 80.86779281  80.86779281]
 [ 80.50505186  82.22013115]
 [ 79.93260462  84.32420244]
 [ 79.47645638  79.62909571]
 [ 80.1074887   80.95690727]
 [ 81.12877279  81.12877279]
 [ 80.07362412  80.07362412]
 [ 79.57098929  79.57098929]
 [         nan          nan]
 [         nan          nan]
 [ 80.34270023  84.12731829]
 [         nan          nan]
 [         nan          nan]
 [ 80.4731901   83.94583413]
 [ 80.05224546  84.90796286]
 [ 81.71416875  82.434965  ]
 [ 81.183405    84.44845293]
 [ 80.07399714  85.5709757 ]
 [ 79.9553021   80.350624  ]
 [         nan          nan]
 [         nan          nan]
 [ 81.3169      81.3169    ]
 [ 79.84188733  79.84188733]
 [ 80.87089889  81.70226789]
 [         nan          nan]
 [         nan          nan]
 [325.96538763 374.67077234]
 [320.5129125  372.88723333]
 [320.5463375  337.24262121]
 [320.11458627 333.02264607]
 [320.63880303 327.949975  ]
 [319.58155758 319.58155758]
 [         nan          nan]
 [         nan          nan]
 [324.73643267 349.55931443]
 [323.03728932 328.77645181]
 [321.9991875  321.9991875 ]
 [322.44999406 325.36250235]
 [320.38300313 326.75622371]
 [321.02450241 322.9028    ]
 [         nan          nan]
 [320.6395835  322.36410309]
 [320.51416019 323.04862486]
 [320.53789158 324.67673953]
 [320.58196422 320.58196422]
 [321.16625    322.5351875 ]
 [321.2471404  322.12117879]
 [322.53942245 324.87606106]
 [320.98785    321.98023178]
 [319.91932784 324.15509789]
 [320.42745963 321.86241522]
 [         nan          nan]
 [         nan          nan]
 [321.69414545 323.57211579]
 [322.74590204 324.94425126]
 [321.57077449 323.76125577]
 [320.9357     320.9357    ]
 [321.64418734 323.84538526]
 [320.31166331 320.31166331]
 [322.56259519 322.56259519]
 [320.01014545 323.96192258]
 [319.76724    319.76724   ]
 [320.01825    320.01825   ]
 [321.22507301 325.32380612]
 [319.73623587 326.2098    ]
 [320.6246268  324.08580105]
 [322.06193942 323.23750968]
 [319.84841273 321.34966777]
 [319.8921     324.963315  ]
 [321.02675052 327.30640928]
 [320.64739474 320.64739474]
 [320.87214062 322.74991613]
 [319.96255484 320.34528571]
 [320.77532182 322.17905745]
 [320.2798     320.2798    ]
 [321.1380125  324.19886804]
 [322.41536211 326.22249677]
 [320.82307273 322.94428182]
 [321.15838557 324.00047419]
 [321.06195    327.06149231]
 [320.48973197 321.19869268]
 [         nan          nan]
 [321.533984   321.533984  ]
 [320.05863558 320.05863558]
 [320.12199604 321.48334063]
 [319.828775   326.85009278]
 [321.89483707 323.20843053]
 [320.2255875  320.2255875 ]
 [         nan          nan]
 [         nan          nan]
 [320.70076393 320.70076393]
 [319.90608095 325.1374    ]
 [321.01904    331.26046772]
 [322.13729902 328.69552901]]
  T: 28511
  nneurons: 1155
  max_spike_rate_range: (np.float32(24733.402), np.float32(24733.402))
  neural_time_bin_size: 64.48362720403023
  unique_reward_amounts: [0.004]
  nrewards: 84
  unique_autoreward: [0.]
  unique_vr_environment: [0.]
  unique_licks: [0. 1. 2. 3. 4. 5. 6.]
  position_range: (np.float64(-50.00000000000001), np.float64(450.7109970297034))
  unique_reward_zone: [0. 1. 2. 3. 4. 5. 6.]
  unique_scanning: [1.]
  speed_range: (np.float64(-0.5678537222400205), np.float64(91.92372347433704))
  unique_teleport: [0. 1.]
  trial_length_range: (np.int64(120), np.int64(346))
  ntrials: 100
Subject m7, Session 4:
  reward_zone_positions: [[321.17483204 322.48419091]
 [320.18732784 320.18732784]
 [320.27895818 321.79025357]
 [320.35442747 322.189333  ]
 [323.21487609 323.21487609]
 [322.77640962 325.42814211]
 [321.26046105 325.52526837]
 [319.63055155 320.07617955]
 [321.64154128 323.44517826]
 [321.68137765 326.94208469]
 [320.134325   321.55362376]
 [319.951004   320.4284    ]
 [322.09605806 322.7084    ]
 [323.91242    326.99202424]
 [319.59773299 320.03438857]
 [320.08544848 320.08544848]
 [         nan          nan]
 [320.49131134 323.62311818]
 [320.31994536 324.11960485]
 [322.94746804 328.24108103]
 [320.43210426 322.35738438]
 [321.78951546 322.43762115]
 [323.02923654 323.02923654]
 [322.17185743 322.17185743]
 [320.394675   322.781208  ]
 [319.86598131 321.31378515]
 [320.08027813 324.50648913]
 [320.93127944 320.93127944]
 [319.98688563 321.00123367]
 [321.98444043 321.98444043]
 [319.82768182 319.82768182]
 [319.90755204 319.90755204]
 [321.0238398  323.86320204]
 [321.15375158 321.15375158]
 [322.02317864 324.98174   ]
 [322.50634421 322.50634421]
 [319.6684     319.7131    ]
 [320.17570722 320.17570722]
 [320.08478365 320.88902474]
 [         nan          nan]
 [320.55943579 327.6259    ]
 [321.33620312 325.24915135]
 [         nan          nan]
 [319.86106392 323.3343    ]
 [320.783865   324.28241739]
 [321.83718526 321.83718526]
 [321.02176316 321.02176316]
 [319.98630104 319.98630104]
 [322.00524062 323.3163497 ]
 [320.19670515 325.90995638]
 [320.67861827 321.17453404]
 [319.92169278 319.92169278]
 [321.78708    321.78708   ]
 [321.01415133 323.19126707]
 [321.36273    322.6188    ]
 [321.29928571 321.29928571]
 [         nan          nan]
 [321.27234231 322.85583571]
 [320.31671474 321.5015    ]
 [320.98298    322.93102353]
 [320.00520206 323.17069211]
 [         nan          nan]
 [         nan          nan]
 [         nan          nan]
 [321.55649355 321.55649355]
 [320.76644884 320.76644884]
 [320.98775979 328.00522424]
 [320.90212    329.81566942]
 [320.9443124  321.26315851]
 [320.4288     320.4288    ]
 [320.6017701  322.0377    ]
 [319.702125   323.24694031]
 [319.73219381 319.758     ]
 [320.475535   321.8385125 ]
 [320.2251875  320.2251875 ]
 [320.62139592 325.66471237]
 [322.09097879 322.09097879]
 [320.64091212 321.3112568 ]
 [         nan          nan]
 [321.28667176 322.38438092]]
  T: 19490
  nneurons: 1013
  max_spike_rate_range: (np.float32(20605.451), np.float32(20605.451))
  neural_time_bin_size: 64.48362720403023
  unique_reward_amounts: [0.004]
  nrewards: 72
  unique_autoreward: [0.]
  unique_vr_environment: [0.]
  unique_licks: [0. 1. 2. 3. 4. 5. 6.]
  position_range: (np.float64(-50.000000000000014), np.float64(451.6012484374992))
  unique_reward_zone: [0. 1. 2. 3. 4. 5. 6.]
  unique_scanning: [1.]
  speed_range: (np.float64(-1.5388471685970182), np.float64(91.6326834292148))
  unique_teleport: [0. 1.]
  trial_length_range: (np.int64(104), np.int64(613))
  ntrials: 80
Subject m7, Session 5:
  reward_zone_positions: [[320.003372   321.33962692]
 [320.4563396  326.70783095]
 [320.22289843 324.29628125]
 [320.39650303 322.49827742]
 [319.73487273 326.29876719]
 [319.8029     319.8029    ]
 [322.33329771 322.33329771]
 [322.4040102  330.55617941]
 [319.79169692 320.24083388]
 [321.16137209 322.57020308]
 [320.80418    322.84591969]
 [321.20923077 321.77143256]
 [320.28245725 320.28245725]
 [         nan          nan]
 [320.41970079 324.64504639]
 [320.51413579 320.51413579]
 [320.95131801 327.02087368]
 [320.5625     321.6893125 ]
 [320.18786981 322.55037308]
 [320.23693558 321.13681263]
 [         nan          nan]
 [319.87366701 321.37992914]
 [321.03149038 324.02286765]
 [320.19634043 331.50708763]
 [321.9784     324.8833099 ]
 [320.25465532 321.60006211]
 [320.484775   322.64326923]
 [320.57946842 321.37398571]
 [320.27326224 320.27326224]
 [321.68632378 338.57819333]
 [201.46212766 208.41723861]
 [200.37078571 201.30555604]
 [200.00276526 205.72767835]
 [201.24643617 201.24643617]
 [203.61030625 206.14286087]
 [200.11756058 200.84180408]
 [199.69182093 199.69182093]
 [200.13053455 201.429801  ]
 [201.75914    204.59802258]
 [202.12853077 204.39999208]
 [         nan          nan]
 [200.67842778 201.86011818]
 [199.56073125 199.56073125]
 [         nan          nan]
 [200.94956421 203.34240769]
 [203.37565455 214.58804   ]
 [203.37669231 205.78698367]
 [201.62492195 201.62492195]
 [200.8116     202.28966354]
 [200.76026139 204.23895904]
 [201.01503061 203.54001923]
 [200.644175   202.23079694]
 [200.06621935 205.11231064]
 [199.9354913  206.36784907]
 [200.66213437 207.24792447]
 [201.49595385 202.51738659]
 [199.81445455 199.81445455]
 [         nan          nan]
 [200.27654086 200.27654086]
 [         nan          nan]
 [200.52474286 200.52474286]
 [201.12516082 202.81052857]
 [         nan          nan]
 [201.79193939 208.33282062]
 [200.52741552 201.51900105]
 [200.93537303 200.93537303]
 [203.13701224 210.36306563]
 [199.74683402 200.37737187]
 [201.25113772 203.447412  ]
 [200.4242     200.4242    ]
 [201.82054536 201.82054536]
 [200.41953253 200.41953253]
 [         nan          nan]
 [200.48170769 204.11010426]
 [200.75634842 203.63890306]
 [200.2699701  200.2699701 ]
 [201.57538155 202.14229674]
 [         nan          nan]
 [         nan          nan]
 [200.54445106 205.01109677]]
  T: 22620
  nneurons: 1111
  max_spike_rate_range: (np.float32(26830.295), np.float32(26830.295))
  neural_time_bin_size: 64.48362720403023
  unique_reward_amounts: [0.004]
  nrewards: 70
  unique_autoreward: [0.]
  unique_vr_environment: [0.]
  unique_licks: [0. 1. 2. 3. 4. 5. 6.]
  position_range: (np.float64(-50.000000000000014), np.float64(450.2465556700991))
  unique_reward_zone: [0. 1. 2. 3. 4. 5. 6.]
  unique_scanning: [1.]
  speed_range: (np.float64(-1.375373542976142), np.float64(88.22789725482683))
  unique_teleport: [0. 1.]
  trial_length_range: (np.int64(109), np.int64(367))
  ntrials: 80
Subject m7, Session 6:
  reward_zone_positions: [[201.42344545 204.48009255]
 [         nan          nan]
 [199.95208462 201.41221515]
 [200.68668182 201.81576058]
 [201.04408    201.04408   ]
 [         nan          nan]
 [201.553273   203.68499677]
 [         nan          nan]
 [200.08499286 200.08499286]
 [201.121024   203.88761875]
 [201.95476522 203.210602  ]
 [203.43785306 203.43785306]
 [200.04171442 200.9456    ]
 [200.22237273 200.80347273]
 [200.07405    202.13500532]
 [199.74044194 199.74044194]
 [201.12748387 202.12853784]
 [         nan          nan]
 [199.812408   199.812408  ]
 [200.80174886 202.450102  ]
 [         nan          nan]
 [200.40098372 203.58796667]
 [202.6944875  205.63630625]
 [200.21561068 200.21561068]
 [199.76708218 202.14416395]
 [201.05938182 201.05938182]
 [200.38756514 201.05657353]
 [203.63763333 203.63763333]
 [200.44165758 200.44165758]
 [200.09583437 200.09583437]
 [201.58756129 201.58756129]
 [201.031075   202.02507692]
 [199.94748654 200.61385484]
 [         nan          nan]
 [200.5487033  203.06980106]
 [201.73697329 201.73697329]
 [200.42347317 201.44196122]
 [200.02194639 203.057528  ]
 [199.80099468 200.63131753]
 [200.46417921 200.46417921]
 [200.02601154 201.5533551 ]
 [200.86756863 201.14296593]
 [201.00053469 202.955512  ]
 [201.87078834 208.04590204]
 [201.14563495 201.14563495]
 [199.9350932  201.14925165]
 [201.180175   202.558325  ]
 [200.20571515 200.20571515]
 [199.68398462 200.33277143]
 [201.1773824  201.1773824 ]
 [199.89329709 199.89329709]
 [201.38486346 202.33581515]
 [         nan          nan]
 [200.51638    200.51638   ]
 [200.24182062 200.24182062]
 [200.54312178 203.55655091]
 [199.84051748 204.55682264]
 [         nan          nan]
 [200.673875   219.82326875]
 [199.93149043 201.98986429]
 [200.39104808 200.867275  ]
 [200.61375714 200.61375714]
 [200.53470656 201.64197872]
 [200.58929688 200.58929688]
 [200.0422448  201.58712737]
 [200.37210851 202.0125303 ]
 [199.95739052 199.95739052]
 [200.23073398 201.10737219]
 [200.14878281 201.098425  ]
 [200.90880476 201.96138333]
 [199.97463368 202.36237526]
 [200.30044186 200.8194248 ]
 [200.97358223 200.97358223]
 [201.523424   210.3329    ]
 [200.22733939 200.22733939]
 [199.9844768  204.73021298]
 [200.0962     200.0962    ]
 [200.67598095 200.67598095]
 [201.37860508 216.65944   ]
 [200.00654803 200.25411837]]
  T: 21140
  nneurons: 1142
  max_spike_rate_range: (np.float32(25106.793), np.float32(25106.793))
  neural_time_bin_size: 64.48362720403023
  unique_reward_amounts: [0.004]
  nrewards: 72
  unique_autoreward: [0.]
  unique_vr_environment: [0.]
  unique_licks: [0. 1. 2. 3. 4. 5.]
  position_range: (np.float64(-50.00000000000001), np.float64(450.9045558823533))
  unique_reward_zone: [0. 1. 2. 3. 4. 5. 6.]
  unique_scanning: [1.]
  speed_range: (np.float64(-0.87808432010268), np.float64(90.49229662696196))
  unique_teleport: [0. 1.]
  trial_length_range: (np.int64(109), np.int64(587))
  ntrials: 80
Subject m7, Session 7:
  reward_zone_positions: [[         nan          nan]
 [201.69914255 205.44778667]
 [201.70606082 203.79289565]
 [200.59626634 206.26182642]
 [201.199149   205.22523913]
 [204.92149091 204.92149091]
 [200.36221089 200.36221089]
 [199.96507885 201.19108614]
 [200.74216211 207.75550722]
 [200.15988812 200.15988812]
 [200.46501754 200.46501754]
 [200.472725   203.78777895]
 [200.35538351 200.35538351]
 [200.49667143 201.1710703 ]
 [200.25482991 200.25482991]
 [200.02645625 200.02645625]
 [199.793781   200.22589175]
 [201.33899735 202.32132187]
 [199.6044     199.6044    ]
 [         nan          nan]
 [200.22444    201.51886598]
 [200.11016392 203.8173617 ]
 [         nan          nan]
 [         nan          nan]
 [201.496951   201.496951  ]
 [         nan          nan]
 [201.68914706 201.68914706]
 [200.94721158 204.51704231]
 [201.64901892 203.15289518]
 [200.47235053 203.61664516]
 [ 82.70648609 123.4152303 ]
 [ 81.76379099  85.67697131]
 [ 82.58473122  87.0591    ]
 [ 80.01516739  80.01516739]
 [ 80.26775     80.26775   ]
 [ 82.44433551  89.44616   ]
 [ 79.76127625  80.456483  ]
 [ 79.83017894  79.83017894]
 [ 80.97434287  80.97434287]
 [ 80.39757091  82.0762603 ]
 [ 82.43624895  82.43624895]
 [ 79.71754787  81.5447    ]
 [ 80.52004598  84.89352021]
 [ 80.30788796  81.73820258]
 [ 81.38692411  82.66271949]
 [ 82.18009049  82.18009049]
 [ 80.67912529  82.32656632]
 [ 80.68138683  81.888254  ]
 [ 81.4403735   81.4403735 ]
 [ 80.61352     82.21590153]
 [ 80.05904714  80.83750152]
 [         nan          nan]
 [ 80.77530434  84.16131833]
 [         nan          nan]
 [ 83.21226636  83.21226636]
 [ 79.86996041  80.69764223]
 [ 80.69851021  84.59029753]
 [ 80.64039456  82.81700755]
 [ 80.3379488   83.71298341]
 [ 80.3150975   81.48214072]
 [ 80.80797647  80.80797647]
 [ 79.86560462  79.86560462]
 [         nan          nan]
 [         nan          nan]
 [         nan          nan]
 [ 83.3168675   87.53556941]
 [ 80.30413898  83.70874948]
 [ 81.06368479  83.33224524]
 [         nan          nan]
 [ 81.17254612  81.17254612]
 [ 79.8439748   81.31085   ]
 [ 80.3534402   80.3534402 ]
 [ 82.38284677  82.38284677]
 [ 79.89822     79.89822   ]
 [         nan          nan]
 [ 80.80076527  86.78693756]
 [ 80.52397     82.48350088]
 [ 80.18980644  83.3371919 ]
 [ 80.658138    82.1084484 ]
 [ 81.287585    84.82451258]
 [ 80.41295124  80.41295124]
 [ 81.29023276  83.66974985]
 [ 80.75005885  81.65365   ]
 [ 80.90807615  83.65706364]
 [         nan          nan]
 [ 80.48109625  80.48109625]
 [ 80.32923806  83.33050231]
 [ 80.27247983  80.27247983]
 [ 81.28487224  81.28487224]
 [ 82.04294835  83.89751312]
 [ 79.87777672  82.5161648 ]
 [ 80.07805356  80.07805356]
 [ 81.34138143  83.05158818]
 [         nan          nan]
 [ 80.22430208  80.22430208]
 [ 79.980458    80.8387825 ]
 [ 81.153675    82.9103264 ]
 [ 80.18968106  81.7963586 ]
 [ 80.81099163  82.66148069]
 [ 81.43648299  81.43648299]]
  T: 21833
  nneurons: 1020
  max_spike_rate_range: (np.float32(24529.506), np.float32(24529.506))
  neural_time_bin_size: 64.48362720403023
  unique_reward_amounts: [0.004]
  nrewards: 86
  unique_autoreward: [0.]
  unique_vr_environment: [0.]
  unique_licks: [0. 1. 2. 3. 4. 5. 6.]
  position_range: (np.float64(-50.000000000000014), np.float64(451.0659272727151))
  unique_reward_zone: [0. 1. 2. 3. 4. 5. 6.]
  unique_scanning: [1.]
  speed_range: (np.float64(-0.5848538942486291), np.float64(106.36854786538215))
  unique_teleport: [0. 1.]
  trial_length_range: (np.int64(96), np.int64(332))
  ntrials: 100
Subject m7, Session 8:
  reward_zone_positions: [[ 79.97625769  81.11350616]
 [ 80.83461588  82.13891909]
 [ 80.85021216  80.85021216]
 [ 80.05095102  80.60761286]
 [ 82.05295245  82.05295245]
 [ 81.81266315  81.81266315]
 [ 80.137325    80.137325  ]
 [ 79.81369286  81.89131973]
 [ 80.41147826  80.41147826]
 [         nan          nan]
 [ 81.68707876  81.68707876]
 [ 81.2058078   81.2058078 ]
 [ 80.45367237  81.92421281]
 [ 80.64430474  80.64430474]
 [ 80.1915456   80.65297118]
 [ 80.22317144  82.27380571]
 [ 80.71423724  81.25594606]
 [ 80.88735792  80.88735792]
 [ 80.00831769  83.35540511]
 [ 80.34493224  81.58098571]
 [         nan          nan]
 [ 80.93406304  82.17559737]
 [ 80.12849717  81.27339094]
 [ 82.10918077  82.10918077]
 [ 79.71098043  83.54568979]
 [ 80.67753515  80.67753515]
 [ 80.78075588  80.78075588]
 [ 80.00116392  80.00116392]
 [ 81.04831909  81.85112992]
 [ 82.69684053  82.69684053]
 [200.9031703  205.26966632]
 [200.39315748 200.39315748]
 [200.30956364 202.56900435]
 [200.70854615 202.59762093]
 [201.41651509 203.37483465]
 [200.31904409 213.11261628]
 [200.06648632 202.57469923]
 [200.67576818 200.67576818]
 [199.9865933  201.19880732]
 [201.41756794 201.41756794]
 [         nan          nan]
 [201.6298748  205.54332308]
 [200.25894634 200.25894634]
 [200.73536615 200.73536615]
 [200.35083125 201.89304724]
 [201.13199796 202.08108352]
 [199.99881596 200.9273497 ]
 [201.65694186 201.65694186]
 [200.15339091 200.15339091]
 [200.08299565 202.91039588]
 [200.57468511 202.45179565]
 [200.82813269 200.82813269]
 [200.68202581 200.68202581]
 [200.10833235 200.10833235]
 [199.4709     199.50704043]
 [199.80744    199.80744   ]
 [200.37750421 201.81870206]
 [200.20177647 203.19367143]
 [199.67175    200.82340755]
 [201.38345172 201.38345172]
 [199.57666842 200.48584157]
 [200.77908108 202.05144082]
 [201.70703832 206.28298   ]
 [202.07053611 203.13812258]
 [         nan          nan]
 [200.122775   201.50397931]
 [200.25932025 203.9841696 ]
 [200.48233158 203.31254737]
 [201.98399355 201.98399355]
 [202.45871562 202.45871562]
 [200.03815455 203.84639355]
 [200.75945    202.5753875 ]
 [200.39369697 200.39369697]
 [199.96943611 200.98611765]
 [         nan          nan]
 [201.642126   204.94668824]
 [199.98313711 199.98313711]
 [201.082782   203.43353196]
 [200.20359375 203.03902959]
 [203.74032069 203.74032069]
 [200.99460825 200.99460825]
 [200.88161205 200.88161205]
 [200.50712727 203.21623368]
 [200.70294375 200.70294375]
 [200.55074    202.07577059]
 [201.58121064 201.58121064]
 [200.08632761 203.94760968]
 [200.79341869 202.40943059]
 [         nan          nan]
 [200.77994242 204.48924819]
 [         nan          nan]
 [199.89371018 199.89371018]
 [202.02172124 204.339275  ]
 [202.39399375 202.39399375]
 [199.90054588 199.90054588]
 [203.35996082 203.35996082]
 [201.18023636 201.18023636]
 [199.92286667 202.03258367]
 [202.65709208 207.99215638]
 [200.38942766 200.38942766]]
  T: 21281
  nneurons: 1034
  max_spike_rate_range: (np.float32(22634.11), np.float32(22634.11))
  neural_time_bin_size: 64.48362720403023
  unique_reward_amounts: [0.004]
  nrewards: 93
  unique_autoreward: [0.]
  unique_vr_environment: [0. 1.]
  unique_licks: [0. 1. 2. 3. 4. 5. 6.]
  position_range: (np.float64(-50.00000000000001), np.float64(451.55167972028))
  unique_reward_zone: [0. 1. 2. 3. 4. 5. 6.]
  unique_scanning: [1.]
  speed_range: (np.float64(-2.7890313175153545), np.float64(107.78401851984162))
  unique_teleport: [0. 1.]
  trial_length_range: (np.int64(96), np.int64(511))
  ntrials: 100
Subject m7, Session 9:
  reward_zone_positions: [[         nan          nan]
 [201.23853061 202.44245876]
 [199.95462609 200.82922941]
 [         nan          nan]
 [200.13151895 200.86403976]
 [200.004418   200.99145106]
 [202.62993824 202.62993824]
 [200.23557579 201.60971429]
 [200.23330909 202.02525745]
 [200.523832   200.523832  ]
 [200.50574184 200.50574184]
 [200.28624694 200.28624694]
 [201.49770816 201.49770816]
 [200.79648298 200.79648298]
 [202.49324948 204.20017805]
 [200.93348469 200.93348469]
 [201.79419174 201.79419174]
 [200.59507692 204.87064851]
 [200.52384375 201.71085882]
 [         nan          nan]
 [200.54185806 201.74950156]
 [201.31172727 201.31172727]
 [200.47239318 200.47239318]
 [201.24785306 201.24785306]
 [200.42672941 200.42672941]
 [200.33136436 203.78445   ]
 [200.94319091 202.587284  ]
 [201.53850306 203.6462376 ]
 [         nan          nan]
 [200.24620303 203.6930907 ]
 [200.38107525 200.38107525]
 [200.19686299 201.37935294]
 [202.5551     211.5397    ]
 [202.87592727 212.64242239]
 [200.171      200.171     ]
 [201.0788272  201.0788272 ]
 [199.82665391 201.27751163]
 [200.31168372 204.358     ]
 [199.9623765  201.30394651]
 [         nan          nan]
 [200.78645625 200.78645625]
 [201.39140312 203.2255    ]
 [         nan          nan]
 [         nan          nan]
 [202.04164844 203.57831071]
 [200.62194021 200.62194021]
 [202.40605361 204.75338451]
 [200.07064516 200.07064516]
 [201.885      203.90873368]
 [         nan          nan]
 [203.04509326 208.41410109]
 [199.86442039 202.89272766]
 [200.12094828 200.12094828]
 [201.71654438 201.71654438]
 [204.05113529 204.05113529]
 [200.39142    200.39142   ]
 [         nan          nan]
 [200.95989043 200.95989043]
 [201.28241837 201.28241837]
 [200.71324839 202.25252211]
 [         nan          nan]
 [200.92096667 203.2255    ]
 [200.353625   201.68322871]
 [200.48906667 204.02862897]
 [200.91371667 204.92515962]
 [201.52328415 201.52328415]
 [200.56772371 203.70377245]
 [200.54322447 200.54322447]
 [200.93613793 202.96287347]
 [200.5385172  202.5101    ]
 [         nan          nan]
 [199.68598571 200.6779    ]
 [200.20016012 206.48679787]
 [200.12737647 202.45253608]
 [         nan          nan]
 [200.04737586 200.04737586]
 [200.28956596 204.160475  ]
 [200.22967835 202.69611176]
 [199.973675   201.51156875]
 [203.93176    203.93176   ]]
  T: 17961
  nneurons: 900
  max_spike_rate_range: (np.float32(22001.305), np.float32(22001.305))
  neural_time_bin_size: 64.48362720403023
  unique_reward_amounts: [0.004]
  nrewards: 68
  unique_autoreward: [0.]
  unique_vr_environment: [1.]
  unique_licks: [0. 1. 2. 3. 4. 5. 6.]
  position_range: (np.float64(-50.000000000000014), np.float64(451.09771265377856))
  unique_reward_zone: [0. 1. 2. 3. 4. 5. 6.]
  unique_scanning: [1.]
  speed_range: (np.float64(-1.444086984538242), np.float64(94.9317203776198))
  unique_teleport: [0. 1.]
  trial_length_range: (np.int64(99), np.int64(379))
  ntrials: 80
Subject m7, Session 10:
  reward_zone_positions: [[199.76146489 201.16195347]
 [199.88597143 202.51043333]
 [200.19429615 201.40925294]
 [203.1989449  206.33919278]
 [199.75924251 199.75924251]
 [200.207356   200.207356  ]
 [199.68376531 202.64813474]
 [200.77478125 200.77478125]
 [200.75359    204.40585937]
 [199.89612727 199.89612727]
 [201.25596327 201.25596327]
 [200.45786526 203.72695475]
 [200.63425455 200.63425455]
 [         nan          nan]
 [         nan          nan]
 [200.550452   202.20702418]
 [         nan          nan]
 [199.81014062 199.81014062]
 [200.07216774 200.07216774]
 [200.37351649 200.37351649]
 [200.22349032 204.38960867]
 [200.241328   203.19743256]
 [         nan          nan]
 [201.06719691 202.18616512]
 [199.90752268 204.38325588]
 [         nan          nan]
 [201.86850211 201.86850211]
 [200.68809535 201.97856122]
 [         nan          nan]
 [         nan          nan]
 [322.7900268  322.7900268 ]
 [320.87956364 329.92484479]
 [         nan          nan]
 [321.51415146 321.51415146]
 [320.35028913 320.35028913]
 [320.76301959 322.2361871 ]
 [321.70847959 323.76968723]
 [         nan          nan]
 [         nan          nan]
 [321.7476807  327.33960625]
 [320.596525   321.22112941]
 [320.17106061 320.17106061]
 [321.21972759 321.21972759]
 [         nan          nan]
 [320.59761895 321.94770651]
 [319.97492727 324.12531508]
 [321.79917263 321.79917263]
 [319.65961383 321.81735758]
 [320.676238   320.676238  ]
 [320.417425   320.417425  ]
 [320.0919145  320.92230213]
 [321.34861188 321.34861188]
 [         nan          nan]
 [         nan          nan]
 [320.9560697  320.9560697 ]
 [320.11790606 324.2005625 ]
 [319.64376211 324.62334211]
 [320.64581429 320.64581429]
 [         nan          nan]
 [320.66238481 322.45834554]
 [320.80625625 321.78013469]
 [320.58669194 320.58669194]
 [320.5184     320.5184    ]
 [320.372131   322.86824286]
 [319.86588636 320.52438571]
 [320.24154043 321.22335798]
 [320.30831489 320.30831489]
 [321.17660606 321.17660606]
 [321.24092424 323.05440732]
 [322.214665   324.86573548]
 [321.39409835 321.39409835]
 [320.73164419 323.29410777]
 [321.50390909 325.1618229 ]
 [320.79142756 321.90679375]
 [         nan          nan]
 [322.88525391 324.37188507]
 [320.82973896 320.82973896]
 [         nan          nan]
 [321.13791077 321.13791077]
 [320.67888657 320.67888657]]
  T: 20467
  nneurons: 886
  max_spike_rate_range: (np.float32(20349.44), np.float32(20349.44))
  neural_time_bin_size: 64.48362720403023
  unique_reward_amounts: [0.004]
  nrewards: 64
  unique_autoreward: [0.]
  unique_vr_environment: [1.]
  unique_licks: [0. 1. 2. 3. 4. 5.]
  position_range: (np.float64(-50.00000000000001), np.float64(450.60942135921175))
  unique_reward_zone: [0. 1. 2. 3. 4. 5. 6.]
  unique_scanning: [1.]
  speed_range: (np.float64(-1.261926949216204), np.float64(88.87428195885079))
  unique_teleport: [0. 1.]
  trial_length_range: (np.int64(109), np.int64(323))
  ntrials: 80
Subject m7, Session 11:
  reward_zone_positions: [[320.18810937 320.18810937]
 [320.2557299  321.60768969]
 [320.336718   323.035704  ]
 [319.8769099  319.8769099 ]
 [319.74264857 320.391252  ]
 [         nan          nan]
 [321.16318795 321.16318795]
 [321.19125263 327.24705161]
 [         nan          nan]
 [         nan          nan]
 [323.277584   323.277584  ]
 [320.66522404 322.353182  ]
 [320.39762404 323.23511845]
 [320.00561837 320.00561837]
 [321.75606129 325.5415625 ]
 [319.62773846 319.62773846]
 [322.17614412 326.70625464]
 [319.98058409 320.96641158]
 [319.66541304 320.39626316]
 [         nan          nan]
 [320.76674286 320.76674286]
 [321.24375229 321.24375229]
 [320.64525    320.64525   ]
 [320.484975   321.7582117 ]
 [320.49076727 320.49076727]
 [320.26629789 324.27450447]
 [320.33843418 320.33843418]
 [321.303332   321.303332  ]
 [321.21017037 325.33124316]
 [322.00007273 322.00007273]
 [         nan          nan]
 [         nan          nan]
 [320.88095329 320.88095329]
 [322.15394947 325.15378511]
 [319.80000714 322.24959375]
 [320.97791615 322.7984    ]
 [320.42559068 320.42559068]
 [321.16329381 325.23682766]
 [319.93440714 325.052117  ]
 [321.53852039 323.09852254]
 [320.3127449  320.3127449 ]
 [320.01848774 321.8742    ]
 [         nan          nan]
 [321.11956667 328.814075  ]
 [321.15634674 324.540506  ]
 [         nan          nan]
 [321.50509286 325.22037216]
 [322.50266071 322.50266071]
 [320.74022897 320.74022897]
 [320.34468839 322.11920515]
 [321.39110106 323.3756134 ]
 [321.06729208 322.4423703 ]
 [320.44010306 327.17745895]
 [319.863892   323.53737449]
 [320.44014192 324.02115455]
 [319.98770638 324.89430773]
 [321.77852727 321.77852727]
 [319.80704412 319.80704412]
 [320.91253365 322.76005745]
 [321.2386875  325.32441837]
 [319.9311472  319.9311472 ]
 [320.00082105 320.58276211]
 [319.98419464 321.04397822]
 [320.13980206 323.68787426]
 [320.8911     322.25830225]
 [321.557275   323.0065569 ]
 [320.47522545 320.47522545]
 [320.29247455 325.27232041]
 [320.16651731 320.16651731]
 [320.22096804 320.22096804]
 [320.20291789 321.29084706]
 [319.95571154 319.95571154]
 [320.03462727 321.3283875 ]
 [319.671482   321.34207   ]
 [319.88843636 321.73832294]
 [319.679375   319.679375  ]
 [321.062946   321.062946  ]
 [320.44489333 322.80460182]
 [320.44805625 323.22280833]
 [319.90144    319.90144   ]]
  T: 17735
  nneurons: 973
  max_spike_rate_range: (np.float32(22254.086), np.float32(22254.086))
  neural_time_bin_size: 64.48362720403023
  unique_reward_amounts: [0.004]
  nrewards: 72
  unique_autoreward: [0.]
  unique_vr_environment: [1.]
  unique_licks: [0. 1. 2. 3. 4. 5.]
  position_range: (np.float64(-50.000000000000014), np.float64(451.39692551724136))
  unique_reward_zone: [0. 1. 2. 3. 4. 5. 6.]
  unique_scanning: [1.]
  speed_range: (np.float64(-0.7833570533867819), np.float64(92.71144431835454))
  unique_teleport: [0. 1.]
  trial_length_range: (np.int64(102), np.int64(265))
  ntrials: 80
Subject m7, Session 12:
  reward_zone_positions: [[321.53875    322.52775979]
 [321.04631875 324.15496429]
 [320.344272   322.5425189 ]
 [320.46711429 321.91733584]
 [320.56766667 320.56766667]
 [         nan          nan]
 [         nan          nan]
 [322.76629394 325.33962195]
 [320.2669625  320.2669625 ]
 [319.88260645 323.10340968]
 [320.30483253 321.97155579]
 [321.64877054 323.71622371]
 [320.58830189 320.58830189]
 [320.08758605 321.08085859]
 [320.36807113 320.36807113]
 [321.21247879 322.270293  ]
 [319.79406232 324.01544694]
 [321.89527805 321.89527805]
 [320.55493819 322.41653529]
 [320.21091818 325.70998571]
 [320.1955913  324.24760703]
 [319.82009939 319.82009939]
 [320.5721403  323.64032727]
 [320.01570103 320.01570103]
 [320.23258085 320.946275  ]
 [320.77860331 321.82388182]
 [320.48065    320.48065   ]
 [320.14794953 322.29225495]
 [321.4066125  323.842092  ]
 [321.75398132 321.75398132]
 [         nan          nan]
 [         nan          nan]
 [ 83.22344522 131.35568824]
 [ 81.5931134   92.43979938]
 [ 82.04604787  82.04604787]
 [         nan          nan]
 [ 85.3994352  100.27850719]
 [         nan          nan]
 [         nan          nan]
 [ 82.13270892  82.13270892]
 [ 81.44337536  87.19938716]
 [ 80.28689474  85.62986469]
 [ 82.38293587  85.24465575]
 [ 81.87754188  81.87754188]
 [ 80.38142875  86.87131   ]
 [ 82.39417576  87.4525    ]
 [         nan          nan]
 [ 80.877597    89.67204692]
 [ 80.82119196  83.1547985 ]
 [         nan          nan]
 [ 82.31064163  88.02113773]
 [ 82.20671871  82.20671871]
 [ 80.94245809  80.94245809]
 [ 81.140774    86.59388393]
 [ 80.77041553  85.05980857]
 [ 81.52920388  86.30954579]
 [ 81.29074595  81.29074595]
 [         nan          nan]
 [         nan          nan]
 [ 83.15581653  88.48152479]
 [         nan          nan]
 [ 82.29558874  85.67399053]
 [         nan          nan]
 [         nan          nan]
 [ 82.46529714  89.61305   ]
 [ 82.31337194  86.93235433]
 [ 81.1377789   83.27399174]
 [ 80.7011046   89.0408403 ]
 [ 82.26723     84.98895333]
 [ 80.55576577  89.36672364]
 [ 80.90001701  86.159756  ]
 [ 80.77642871  83.84583875]
 [ 81.21562736  82.73415546]
 [ 80.609655    80.609655  ]
 [ 80.5105466   84.044115  ]
 [ 80.51055608  83.93645152]
 [ 80.95265863  87.48883945]
 [ 81.09686437  82.55751531]
 [ 81.06173247  81.06173247]
 [ 80.17640642  82.96072055]
 [ 80.091304    80.091304  ]
 [ 80.81321312  80.81321312]
 [         nan          nan]
 [         nan          nan]
 [ 80.95083044  80.95083044]
 [ 80.856121    80.856121  ]
 [ 80.35138282  81.11247796]
 [ 79.90136938  79.90136938]
 [ 80.62629309  80.62629309]
 [ 81.70125752  81.70125752]
 [ 80.20878188  86.50006615]
 [ 80.87082364  83.04385258]
 [ 81.46612826  82.4751988 ]
 [ 79.95521091  79.95521091]
 [ 82.30810304  82.30810304]
 [ 80.16554825  80.16554825]
 [ 80.19110766  84.69583639]
 [         nan          nan]
 [ 80.99355041  80.99355041]
 [ 80.1832525   83.08475222]]
  T: 23632
  nneurons: 969
  max_spike_rate_range: (np.float32(23696.824), np.float32(23696.824))
  neural_time_bin_size: 64.48362720403023
  unique_reward_amounts: [0.004]
  nrewards: 83
  unique_autoreward: [0.]
  unique_vr_environment: [1.]
  unique_licks: [0. 1. 2. 3. 4. 5.]
  position_range: (np.float64(-50.000000000000014), np.float64(450.5818461538422))
  unique_reward_zone: [0. 1. 2. 3. 4. 5. 6.]
  unique_scanning: [1.]
  speed_range: (np.float64(-0.7286146418982521), np.float64(94.97963229826972))
  unique_teleport: [0. 1.]
  trial_length_range: (np.int64(110), np.int64(365))
  ntrials: 100
Subject m7, Session 13:
  reward_zone_positions: [[80.71051941 80.71051941]
 [79.86823495 82.09563438]
 [80.17063182 81.40298887]
 [        nan         nan]
 [80.58859211 80.58859211]
 [80.28224947 81.0746498 ]
 [79.84584598 81.21461584]
 [        nan         nan]
 [        nan         nan]
 [81.67479694 92.568405  ]
 [81.27404645 82.24101344]
 [80.20230851 83.24940707]
 [        nan         nan]
 [80.82511486 80.82511486]
 [80.39638971 80.39638971]
 [        nan         nan]
 [80.61138151 82.39470727]
 [80.90504511 82.28759578]
 [        nan         nan]
 [        nan         nan]
 [82.331251   82.331251  ]
 [79.630165   80.6345034 ]
 [        nan         nan]
 [81.79514625 85.86816454]
 [79.92345375 79.92345375]
 [80.07393357 84.24855557]
 [81.06568882 81.06568882]
 [79.83268963 81.87527355]
 [80.1507602  80.74675776]
 [84.21034312 94.98484211]
 [80.1253025  83.06709464]
 [80.0752067  82.319669  ]
 [80.80453091 81.6370951 ]
 [80.46103067 80.46103067]
 [81.11973808 82.72261364]
 [79.86466979 81.38170778]
 [        nan         nan]
 [80.54643    81.444463  ]
 [80.04675596 80.04675596]
 [79.81349576 80.44138861]
 [        nan         nan]
 [81.15574634 84.16202333]
 [80.68007953 80.68007953]
 [        nan         nan]
 [80.17068474 82.28834462]
 [80.33819168 80.33819168]
 [80.43002175 80.99758063]
 [        nan         nan]
 [79.9781371  79.9781371 ]
 [81.41261182 81.41261182]
 [79.79163373 80.40563783]
 [79.84452755 80.82384245]
 [80.11910613 80.11910613]
 [        nan         nan]
 [80.11248703 82.89689898]
 [80.13956909 80.13956909]
 [80.91525752 81.93889217]
 [80.04500383 83.943026  ]
 [79.95046155 80.61888367]
 [80.50775158 83.85315438]
 [79.81173673 81.32201783]
 [80.06254361 83.52789161]
 [80.15613481 80.15613481]
 [80.84546187 82.24516   ]
 [80.00358945 81.52425479]
 [80.28309134 81.47928842]
 [80.327434   80.327434  ]
 [83.52503684 88.01279396]
 [80.320795   82.88502515]
 [80.08915321 80.08915321]
 [80.29973895 80.29973895]
 [        nan         nan]
 [80.052685   82.0705451 ]
 [79.90242364 80.32028327]
 [        nan         nan]
 [80.31692809 81.67464765]
 [80.47553588 80.47553588]
 [79.71540938 80.50257337]
 [81.82029571 84.46877812]
 [80.6303511  80.6303511 ]]
  T: 18629
  nneurons: 988
  max_spike_rate_range: (np.float32(23246.395), np.float32(23246.395))
  neural_time_bin_size: 64.48362720403023
  unique_reward_amounts: [0.004]
  nrewards: 65
  unique_autoreward: [0.]
  unique_vr_environment: [1.]
  unique_licks: [0. 1. 2. 3. 4. 5.]
  position_range: (np.float64(-50.000000000000014), np.float64(451.110011925043))
  unique_reward_zone: [0. 1. 2. 3. 4. 5. 6.]
  unique_scanning: [1.]
  speed_range: (np.float64(-0.7474399813345176), np.float64(102.94493533621096))
  unique_teleport: [0. 1.]
  trial_length_range: (np.int64(111), np.int64(415))
  ntrials: 80
Subject m7, Session 14:
  reward_zone_positions: [[         nan          nan]
 [ 80.27452653  81.71486547]
 [ 80.46401692  81.32727614]
 [ 79.78015303  80.19055901]
 [ 80.0730649   80.80944727]
 [ 80.12368348  82.29564959]
 [ 80.42250904  82.40822921]
 [ 81.05957895  81.05957895]
 [ 80.86854556  82.02805733]
 [ 79.79607577  79.79607577]
 [ 80.05398875  80.05398875]
 [         nan          nan]
 [ 80.64168584  80.64168584]
 [ 80.1160203   80.9768822 ]
 [ 80.00419116  82.3214625 ]
 [ 79.7549775   79.7549775 ]
 [ 80.07373154  80.07373154]
 [ 79.8741675   81.63107822]
 [ 80.53239815  81.7217175 ]
 [ 79.60907632  79.98785   ]
 [ 79.96126356  79.96126356]
 [ 80.47552676  81.64626526]
 [         nan          nan]
 [ 79.7544678   82.16890706]
 [ 80.47239211  82.60023667]
 [         nan          nan]
 [ 80.40766141  84.77396358]
 [ 79.85841748  79.85841748]
 [ 80.28940546  80.28940546]
 [ 79.84620233  80.43558313]
 [204.89054719 252.8376701 ]
 [200.86160526 251.55564   ]
 [202.47967723 207.46973235]
 [200.92205842 200.92205842]
 [199.68876957 200.3185375 ]
 [200.68671193 204.51757212]
 [199.7229663  199.7229663 ]
 [199.800986   204.07049474]
 [200.44233913 204.97647391]
 [200.36816503 205.67794   ]
 [200.16857196 200.76819687]
 [200.02846058 200.56061782]
 [200.27165941 203.3762625 ]
 [200.43437679 200.43437679]
 [         nan          nan]
 [200.75555938 205.53550408]
 [201.80101731 202.99991333]
 [199.93642128 203.04763028]
 [200.4404314  201.39075657]
 [199.69950693 199.69950693]
 [200.40955152 201.33436258]
 [200.94780412 203.15409689]
 [200.71540492 201.74868842]
 [200.02024545 200.58232653]
 [199.91975542 200.94892577]
 [200.24640303 200.24640303]
 [         nan          nan]
 [200.87718163 203.47932683]
 [201.03521776 202.45091443]
 [201.08762727 201.08762727]
 [200.45482097 203.86927216]
 [200.6324     201.51454082]
 [199.89768416 200.96029592]
 [         nan          nan]
 [199.80155938 199.80155938]
 [199.94456735 205.22349691]
 [200.83345    201.53773488]
 [200.173184   201.22626442]
 [200.06925753 204.28620923]
 [200.27547053 200.27547053]
 [         nan          nan]
 [         nan          nan]
 [199.96937674 199.96937674]
 [200.2845129  202.27038806]
 [         nan          nan]
 [         nan          nan]
 [203.4489     218.73320198]
 [201.32089375 203.78427576]
 [200.99779796 219.88550606]
 [200.10595542 202.35109158]
 [200.07938218 201.27654554]
 [199.74486552 199.74486552]
 [200.81803146 203.15775   ]
 [201.65780714 213.53842857]
 [199.93317308 199.93317308]
 [200.245945   204.12552121]
 [200.5604604  200.5604604 ]
 [199.88138079 199.88138079]
 [200.42735053 203.04903673]
 [200.90097053 201.59143429]
 [200.45697667 202.29111209]
 [200.3644     203.47756875]
 [         nan          nan]
 [200.61502771 200.61502771]
 [         nan          nan]
 [200.09899464 201.25007805]
 [199.86197789 201.23708125]
 [200.697815   200.697815  ]
 [         nan          nan]
 [200.771717   204.897165  ]]
  T: 28023
  nneurons: 1192
  max_spike_rate_range: (np.float32(23592.945), np.float32(23592.945))
  neural_time_bin_size: 64.48362720403023
  unique_reward_amounts: [0.004]
  nrewards: 86
  unique_autoreward: [0.]
  unique_vr_environment: [1.]
  unique_licks: [0. 1. 2. 3. 4. 5. 6.]
  position_range: (np.float64(-50.00000000000001), np.float64(450.09361818181833))
  unique_reward_zone: [0. 1. 2. 3. 4. 5. 6. 7.]
  unique_scanning: [1.]
  speed_range: (np.float64(-1.2132579008227375), np.float64(102.3596935515552))
  unique_teleport: [0. 1.]
  trial_length_range: (np.int64(113), np.int64(463))
  ntrials: 100
Summary across all sessions:
  range_T: 14164 to 51520
  range_nneurons: 155 to 2341
  max_spike_rate_range: 3512.35400390625 to 28291.951171875
  neural_time_bin_size: [np.float64(64.48362720403023), np.float64(64.48362720403023), np.float64(64.48362720403023), np.float64(64.48362720403023), np.float64(64.48362720403023), np.float64(64.48362720403023), np.float64(64.48362720403023), np.float64(64.48362720403023), np.float64(64.48362720403023), np.float64(64.48362720403023), np.float64(64.48362720403023), np.float64(64.48362720403023), np.float64(64.48362720403023), np.float64(64.48362720403023), np.float64(64.48362720403023), np.float64(64.48362720403023), np.float64(64.48362720403023), np.float64(64.48362720403023), np.float64(64.48362720403023), np.float64(64.48362720403023), np.float64(64.48362720403023), np.float64(64.48362720403023), np.float64(64.48362720403023), np.float64(64.48362720403023), np.float64(64.48362720403023), np.float64(64.48362720403023), np.float64(64.48362720403023), np.float64(64.48362720403023), np.float64(64.48362720403023), np.float64(64.48362720403023), np.float64(64.48362720403023), np.float64(64.48362720403023), np.float64(64.48362720403023), np.float64(64.48362720403023), np.float64(64.48362720403023), np.float64(64.48362720403023), np.float64(64.48362720403023), np.float64(64.48362720403023), np.float64(64.48362720403023), np.float64(64.48362720403023), np.float64(64.48362720403023), np.float64(64.48362720403023), np.float64(64.48362720403023), np.float64(64.48362720403023), np.float64(64.48362720403023), np.float64(64.48362720403023), np.float64(64.48362720403023), np.float64(64.48362720403023), np.float64(64.48362720403023), np.float64(64.48362720403023), np.float64(64.48362720403023), np.float64(64.48362720403023), np.float64(64.48362720403023), np.float64(64.48362720403023), np.float64(64.48362720403023), np.float64(64.48362720403023), np.float64(64.48362720403023), np.float64(64.48362720403023), np.float64(64.48362720403023), np.float64(64.48362720403023), np.float64(64.48362720403023), np.float64(64.48362720403023), np.float64(64.48362720403023), np.float64(64.48362720403023), np.float64(64.48362720403023), np.float64(64.48362720403023), np.float64(64.48362720403023), np.float64(64.48362720403023), np.float64(64.48362720403023), np.float64(64.48362720403023), np.float64(64.48362720403023), np.float64(64.48362720403023), np.float64(64.48362720403023), np.float64(64.48362720403023), np.float64(64.48362720403023), np.float64(64.48362720403023), np.float64(64.48362720403023), np.float64(64.48362720403023), np.float64(64.48362720403023), np.float64(64.48362720403023), np.float64(64.48362720403023), np.float64(64.48362720403023), np.float64(64.48362720403023), np.float64(64.48362720403023), np.float64(64.48362720403023), np.float64(64.48362720403023), np.float64(64.48362720403023), np.float64(64.48362720403023), np.float64(64.48362720403023), np.float64(64.48362720403023), np.float64(64.48362720403023), np.float64(64.48362720403023), np.float64(64.48362720403023), np.float64(64.48362720403023), np.float64(64.48362720403023), np.float64(64.48362720403023), np.float64(64.48362720403023), np.float64(64.48362720403023), np.float64(64.48362720403023), np.float64(64.48362720403023), np.float64(64.48362720403023), np.float64(64.48362720403023), np.float64(64.48362720403023), np.float64(64.48362720403023), np.float64(64.48362720403023), np.float64(64.48362720403023), np.float64(64.48362720403023), np.float64(64.48362720403023), np.float64(64.48362720403023), np.float64(64.48362720403023), np.float64(64.48362720403023), np.float64(64.48362720403023), np.float64(64.48362720403023), np.float64(64.48362720403023), np.float64(64.48362720403023), np.float64(64.48362720403023), np.float64(64.48362720403023), np.float64(64.48362720403023), np.float64(64.48362720403023), np.float64(64.48362720403023), np.float64(64.48362720403023), np.float64(64.48362720403023), np.float64(64.48362720403023), np.float64(64.48362720403023), np.float64(64.48362720403023), np.float64(64.48362720403023), np.float64(64.48362720403023), np.float64(64.48362720403023), np.float64(64.48362720403023), np.float64(64.48362720403023), np.float64(64.48362720403023), np.float64(64.48362720403023), np.float64(64.48362720403023), np.float64(64.48362720403023), np.float64(64.48362720403023), np.float64(64.48362720403023), np.float64(64.48362720403023), np.float64(64.48362720403023), np.float64(64.48362720403023), np.float64(64.48362720403023), np.float64(64.48362720403023), np.float64(64.48362720403023), np.float64(64.48362720403023), np.float64(64.48362720403023), np.float64(64.48362720403023), np.float64(64.48362720403023), np.float64(64.48362720403023), np.float64(64.48362720403023), np.float64(64.48362720403023), np.float64(64.48362720403023), np.float64(64.48362720403023), np.float64(64.48362720403023)]
  unique_reward_amounts: [0.004]
  range_nrewards: 37 to 93
  unique_autoreward: [0.]
  unique_vr_environment: [0. 1.]
  unique_licks: [0. 1. 2. 3. 4. 5. 6. 7. 8.]
  position_range: -50.000000000000014 to 452.4721399656936
  unique_reward_zone: [0. 1. 2. 3. 4. 5. 6. 7. 8.]
  unique_scanning: [1.]
  speed_range: -6.447201917810983 to 144.52173215683072
  unique_teleport: [0. 1.]
  trial_length_range: 96 to 3359
  range_ntrials: 41 to 100
Survey complete. Results saved to /app/survey_info.pkl
